{"type": "FeatureCollection", "features": [{"type": "Feature", "properties": {"area_ha": 0.02, "mean": 0.1015}, "geometry": {"type": "Polygon", "coordinates": [[[120.52313985815012, 31.469813952], [120.5229292681577, 31.469723488], [120.52313985815012, 31.469633024], [120.52313985815012, 31.469813952]]]}}, {"type": "Feature", "properties": {"area_ha": 0.0, "mean": null}, "geometry": {"type": "Polygon", "coordinates": [[[120.52966814791509, 31.468999776], [120.52956285291889, 31.468909312], [120.52966814791509, 31.468909312], [120.52966814791509, 31.468999776]]]}}, {"type": "Feature", "properties": {"area_ha": 0.0, "mean": null}, "geometry": {"type": "Polygon", "coordinates": [[[120.53103698286581, 31.468999776], [120.5309316878696, 31.468909312], [120.53103698286581, 31.468909312], [120.53103698286581, 31.468999776]]]}}, {"type": "Feature", "properties": {"area_ha": 0.0, "mean": null}, "geometry": {"type": "Polygon", "coordinates": [[[120.52261338316907, 31.468818848], [120.52250808817286, 31.468728384000002], [120.52261338316907, 31.468728384000002], [120.52261338316907, 31.468818848]]]}}, {"type": "Feature", "properties": {"area_ha": 0.0, "mean": null}, "geometry": {"type": "Polygon", "coordinates": [[[120.53156345784686, 31.468818848], [120.53145816285065, 31.468728384000002], [120.53156345784686, 31.468728384000002], [120.53156345784686, 31.468818848]]]}}, {"type": "Feature", "properties": {"area_ha": 0.0, "mean": null}, "geometry": {"type": "Polygon", "coordinates": [[[120.53166875284306, 31.468728384000002], [120.53156345784686, 31.46863792], [120.53166875284306, 31.46863792], [120.53166875284306, 31.468728384000002]]]}}, {"type": "Feature", "properties": {"area_ha": 0.0, "mean": null}, "geometry": {"type": "Polygon", "coordinates": [[[120.53230052282032, 31.46863792], [120.53219522782412, 31.468547456], [120.53230052282032, 31.468547456], [120.53230052282032, 31.46863792]]]}}, {"type": "Feature", "properties": {"area_ha": 0.01, "mean": 0.1044}, "geometry": {"type": "Polygon", "coordinates": [[[120.52271867816528, 31.468547456], [120.52261338316907, 31.468366528], [120.52271867816528, 31.468366528], [120.52271867816528, 31.468547456]]]}}, {"type": "Feature", "properties": {"area_ha": 0.0, "mean": null}, "geometry": {"type": "Polygon", "coordinates": [[[120.52850990295678, 31.468366528], [120.52840460796058, 31.468276064], [120.52850990295678, 31.468276064], [120.52850990295678, 31.468366528]]]}}, {"type": "Feature", "properties": {"area_ha": 0.0, "mean": null}, "geometry": {"type": "Polygon", "coordinates": [[[120.52840460796058, 31.468276064], [120.52829931296438, 31.4681856], [120.52840460796058, 31.4681856], [120.52840460796058, 31.468276064]]]}}, {"type": "Feature", "properties": {"area_ha": 0.02, "mean": 0.0971}, "geometry": {"type": "Polygon", "coordinates": [[[120.5228239731615, 31.468366528], [120.52271867816528, 31.468004672], [120.5228239731615, 31.468004672], [120.5228239731615, 31.468366528]]]}}, {"type": "Feature", "properties": {"area_ha": 0.0, "mean": null}, "geometry": {"type": "Polygon", "coordinates": [[[120.52987873790751, 31.468004672], [120.5297734429113, 31.467914208], [120.52987873790751, 31.467914208], [120.52987873790751, 31.468004672]]]}}, {"type": "Feature", "properties": {"area_ha": 0.01, "mean": 0.1108}, "geometry": {"type": "Polygon", "coordinates": [[[120.5309316878696, 31.467914208], [120.53072109787719, 31.467823744], [120.5309316878696, 31.467823744], [120.5309316878696, 31.467914208]]]}}, {"type": "Feature", "properties": {"area_ha": 0.0, "mean": null}, "geometry": {"type": "Polygon", "coordinates": [[[120.52808872297196, 31.467823744], [120.52798342797574, 31.46773328], [120.52808872297196, 31.46773328], [120.52808872297196, 31.467823744]]]}}, {"type": "Feature", "properties": {"area_ha": 0.01, "mean": 0.0895}, "geometry": {"type": "Polygon", "coordinates": [[[120.53240581781654, 31.467823744], [120.53230052282032, 31.467642816], [120.53240581781654, 31.467642816], [120.53240581781654, 31.467823744]]]}}, {"type": "Feature", "properties": {"area_ha": 0.01, "mean": 0.095}, "geometry": {"type": "Polygon", "coordinates": [[[120.52798342797574, 31.46773328], [120.52766754298712, 31.467642816], [120.52798342797574, 31.467642816], [120.52798342797574, 31.46773328]]]}}, {"type": "Feature", "properties": {"area_ha": 0.01, "mean": 0.1046}, "geometry": {"type": "Polygon", "coordinates": [[[120.53145816285065, 31.467642816], [120.53135286785444, 31.467461888], [120.53145816285065, 31.467461888], [120.53145816285065, 31.467642816]]]}}, {"type": "Feature", "properties": {"area_ha": 0.01, "mean": 0.0624}, "geometry": {"type": "Polygon", "coordinates": [[[120.52724636300228, 31.467552352000002], [120.52693047801365, 31.467461888], [120.52724636300228, 31.467461888], [120.52724636300228, 31.467552352000002]]]}}, {"type": "Feature", "properties": {"area_ha": 0.01, "mean": 0.1125}, "geometry": {"type": "Polygon", "coordinates": [[[120.53251111281274, 31.467552352000002], [120.53240581781654, 31.467371424], [120.53251111281274, 31.467371424], [120.53251111281274, 31.467552352000002]]]}}, {"type": "Feature", "properties": {"area_ha": 0.03, "mean": 0.1192}, "geometry": {"type": "Polygon", "coordinates": [[[120.52303456315391, 31.467823744], [120.5229292681577, 31.46728096], [120.52303456315391, 31.46728096], [120.52303456315391, 31.467823744]]]}}, {"type": "Feature", "properties": {"area_ha": 0.01, "mean": 0.1314}, "geometry": {"type": "Polygon", "coordinates": [[[120.52313985815012, 31.46728096], [120.52303456315391, 31.467100032], [120.52313985815012, 31.467100032], [120.52313985815012, 31.46728096]]]}}, {"type": "Feature", "properties": {"area_ha": 0.0, "mean": null}, "geometry": {"type": "Polygon", "coordinates": [[[120.52324515314633, 31.467100032], [120.52313985815012, 31.467009568], [120.52324515314633, 31.467009568], [120.52324515314633, 31.467100032]]]}}, {"type": "Feature", "properties": {"area_ha": 0.01, "mean": 0.066}, "geometry": {"type": "Polygon", "coordinates": [[[120.52998403290371, 31.467100032], [120.5297734429113, 31.467009568], [120.52998403290371, 31.467009568], [120.52998403290371, 31.467100032]]]}}, {"type": "Feature", "properties": {"area_ha": 0.0, "mean": null}, "geometry": {"type": "Polygon", "coordinates": [[[120.53145816285065, 31.467100032], [120.53135286785444, 31.467009568], [120.53145816285065, 31.467009568], [120.53145816285065, 31.467100032]]]}}, {"type": "Feature", "properties": {"area_ha": 0.01, "mean": 0.0927}, "geometry": {"type": "Polygon", "coordinates": [[[120.53261640780894, 31.467100032], [120.53251111281274, 31.466919104000002], [120.53261640780894, 31.466919104000002], [120.53261640780894, 31.467100032]]]}}, {"type": "Feature", "properties": {"area_ha": 0.0, "mean": null}, "geometry": {"type": "Polygon", "coordinates": [[[120.5148215534496, 31.46682864], [120.51471625845338, 31.466738176], [120.5148215534496, 31.466738176], [120.5148215534496, 31.46682864]]]}}, {"type": "Feature", "properties": {"area_ha": 0.01, "mean": 0.0845}, "geometry": {"type": "Polygon", "coordinates": [[[120.51471625845338, 31.466738176], [120.51450566846096, 31.466647712], [120.51471625845338, 31.466647712], [120.51471625845338, 31.466738176]]]}}, {"type": "Feature", "properties": {"area_ha": 0.0, "mean": null}, "geometry": {"type": "Polygon", "coordinates": [[[120.53272170280516, 31.466738176], [120.53261640780894, 31.466647712], [120.53272170280516, 31.466647712], [120.53272170280516, 31.466738176]]]}}, {"type": "Feature", "properties": {"area_ha": 0.02, "mean": 0.0707}, "geometry": {"type": "Polygon", "coordinates": [[[120.5241928081122, 31.466738176], [120.5239822181198, 31.466647712], [120.5241928081122, 31.466557248], [120.5241928081122, 31.466738176]]]}}, {"type": "Feature", "properties": {"area_ha": 0.04, "mean": 0.0984}, "geometry": {"type": "Polygon", "coordinates": [[[120.51587450341168, 31.466557248], [120.51534802843064, 31.466466784], [120.51587450341168, 31.466376320000002], [120.51587450341168, 31.466557248]]]}}, {"type": "Feature", "properties": {"area_ha": 0.01, "mean": 0.0725}, "geometry": {"type": "Polygon", "coordinates": [[[120.52429810310842, 31.466557248], [120.5241928081122, 31.466376320000002], [120.52429810310842, 31.466376320000002], [120.52429810310842, 31.466557248]]]}}, {"type": "Feature", "properties": {"area_ha": 0.01, "mean": 0.0881}, "geometry": {"type": "Polygon", "coordinates": [[[120.53282699780137, 31.466466784], [120.53272170280516, 31.466285856], [120.53282699780137, 31.466285856], [120.53282699780137, 31.466466784]]]}}, {"type": "Feature", "properties": {"area_ha": 0.0, "mean": null}, "geometry": {"type": "Polygon", "coordinates": [[[120.515032143442, 31.466376320000002], [120.5149268484458, 31.466285856], [120.515032143442, 31.466285856], [120.515032143442, 31.466376320000002]]]}}, {"type": "Feature", "properties": {"area_ha": 0.0, "mean": null}, "geometry": {"type": "Polygon", "coordinates": [[[120.52440339810462, 31.466376320000002], [120.52429810310842, 31.466285856], [120.52440339810462, 31.466285856], [120.52440339810462, 31.466376320000002]]]}}, {"type": "Feature", "properties": {"area_ha": 0.0, "mean": null}, "geometry": {"type": "Polygon", "coordinates": [[[120.5149268484458, 31.466285856], [120.5148215534496, 31.466195392], [120.5149268484458, 31.466195392], [120.5149268484458, 31.466285856]]]}}, {"type": "Feature", "properties": {"area_ha": 0.0, "mean": null}, "geometry": {"type": "Polygon", "coordinates": [[[120.52450869310084, 31.466285856], [120.52440339810462, 31.466195392], [120.52450869310084, 31.466195392], [120.52450869310084, 31.466285856]]]}}, {"type": "Feature", "properties": {"area_ha": 0.0, "mean": null}, "geometry": {"type": "Polygon", "coordinates": [[[120.515032143442, 31.466195392], [120.5149268484458, 31.466104928], [120.515032143442, 31.466104928], [120.515032143442, 31.466195392]]]}}, {"type": "Feature", "properties": {"area_ha": 0.0, "mean": null}, "geometry": {"type": "Polygon", "coordinates": [[[120.53293229279758, 31.466195392], [120.53282699780137, 31.466104928], [120.53293229279758, 31.466104928], [120.53293229279758, 31.466195392]]]}}, {"type": "Feature", "properties": {"area_ha": 0.0, "mean": null}, "geometry": {"type": "Polygon", "coordinates": [[[120.53303758779379, 31.466014464], [120.53293229279758, 31.465924], [120.53303758779379, 31.465924], [120.53303758779379, 31.466014464]]]}}, {"type": "Feature", "properties": {"area_ha": 0.0, "mean": null}, "geometry": {"type": "Polygon", "coordinates": [[[120.53314288279, 31.465833536], [120.53303758779379, 31.465743072000002], [120.53314288279, 31.465743072000002], [120.53314288279, 31.465833536]]]}}, {"type": "Feature", "properties": {"area_ha": 0.0, "mean": null}, "geometry": {"type": "Polygon", "coordinates": [[[120.5332481777862, 31.465743072000002], [120.53314288279, 31.465652608], [120.5332481777862, 31.465652608], [120.5332481777862, 31.465743072000002]]]}}, {"type": "Feature", "properties": {"area_ha": 0.0, "mean": null}, "geometry": {"type": "Polygon", "coordinates": [[[120.53335347278241, 31.465652608], [120.5332481777862, 31.465562144], [120.53335347278241, 31.465562144], [120.53335347278241, 31.465652608]]]}}, {"type": "Feature", "properties": {"area_ha": 0.01, "mean": 0.0923}, "geometry": {"type": "Polygon", "coordinates": [[[120.53345876777863, 31.465562144], [120.53335347278241, 31.465381216], [120.53345876777863, 31.465381216], [120.53345876777863, 31.465562144]]]}}, {"type": "Feature", "properties": {"area_ha": 0.01, "mean": 0.0592}, "geometry": {"type": "Polygon", "coordinates": [[[120.51366330849129, 31.465381216], [120.51345271849887, 31.465290752], [120.51366330849129, 31.465290752], [120.51366330849129, 31.465381216]]]}}, {"type": "Feature", "properties": {"area_ha": 0.0, "mean": null}, "geometry": {"type": "Polygon", "coordinates": [[[120.52556164306293, 31.465381216], [120.52545634806673, 31.465290752], [120.52556164306293, 31.465290752], [120.52556164306293, 31.465381216]]]}}, {"type": "Feature", "properties": {"area_ha": 0.01, "mean": 0.1039}, "geometry": {"type": "Polygon", "coordinates": [[[120.53356406277483, 31.465381216], [120.53345876777863, 31.465200288000002], [120.53356406277483, 31.465200288000002], [120.53356406277483, 31.465381216]]]}}, {"type": "Feature", "properties": {"area_ha": 0.0, "mean": null}, "geometry": {"type": "Polygon", "coordinates": [[[120.52566693805915, 31.465290752], [120.52556164306293, 31.465200288000002], [120.52566693805915, 31.465200288000002], [120.52566693805915, 31.465290752]]]}}, {"type": "Feature", "properties": {"area_ha": 0.0, "mean": null}, "geometry": {"type": "Polygon", "coordinates": [[[120.51345271849887, 31.465200288000002], [120.51334742350265, 31.465109824], [120.51345271849887, 31.465109824], [120.51345271849887, 31.465200288000002]]]}}, {"type": "Feature", "properties": {"area_ha": 0.0, "mean": null}, "geometry": {"type": "Polygon", "coordinates": [[[120.52577223305535, 31.465200288000002], [120.52566693805915, 31.465109824], [120.52577223305535, 31.465109824], [120.52577223305535, 31.465200288000002]]]}}, {"type": "Feature", "properties": {"area_ha": 0.0, "mean": null}, "geometry": {"type": "Polygon", "coordinates": [[[120.52556164306293, 31.465109824], [120.52545634806673, 31.46501936], [120.52556164306293, 31.46501936], [120.52556164306293, 31.465109824]]]}}, {"type": "Feature", "properties": {"area_ha": 0.0, "mean": null}, "geometry": {"type": "Polygon", "coordinates": [[[120.52587752805155, 31.465109824], [120.52577223305535, 31.46501936], [120.52587752805155, 31.46501936], [120.52587752805155, 31.465109824]]]}}, {"type": "Feature", "properties": {"area_ha": 0.0, "mean": null}, "geometry": {"type": "Polygon", "coordinates": [[[120.53366935777105, 31.465109824], [120.53356406277483, 31.46501936], [120.53366935777105, 31.46501936], [120.53366935777105, 31.465109824]]]}}, {"type": "Feature", "properties": {"area_ha": 0.0, "mean": null}, "geometry": {"type": "Polygon", "coordinates": [[[120.52566693805915, 31.46501936], [120.52556164306293, 31.464928896], [120.52566693805915, 31.464928896], [120.52566693805915, 31.46501936]]]}}, {"type": "Feature", "properties": {"area_ha": 0.0, "mean": null}, "geometry": {"type": "Polygon", "coordinates": [[[120.52598282304777, 31.46501936], [120.52587752805155, 31.464928896], [120.52598282304777, 31.464928896], [120.52598282304777, 31.46501936]]]}}, {"type": "Feature", "properties": {"area_ha": 0.0, "mean": null}, "geometry": {"type": "Polygon", "coordinates": [[[120.52566693805915, 31.464657504], [120.52556164306293, 31.464567040000002], [120.52566693805915, 31.464567040000002], [120.52566693805915, 31.464657504]]]}}, {"type": "Feature", "properties": {"area_ha": 0.02, "mean": 0.0968}, "geometry": {"type": "Polygon", "coordinates": [[[120.53377465276725, 31.464747968], [120.53366935777105, 31.464386112], [120.53377465276725, 31.464386112], [120.53377465276725, 31.464747968]]]}}, {"type": "Feature", "properties": {"area_ha": 0.02, "mean": 0.0888}, "geometry": {"type": "Polygon", "coordinates": [[[120.52587752805155, 31.464476576], [120.52566693805915, 31.464386112], [120.52587752805155, 31.464295648], [120.52587752805155, 31.464476576]]]}}, {"type": "Feature", "properties": {"area_ha": 0.0, "mean": null}, "geometry": {"type": "Polygon", "coordinates": [[[120.53387994776347, 31.464295648], [120.53377465276725, 31.464205184], [120.53387994776347, 31.464205184], [120.53387994776347, 31.464295648]]]}}, {"type": "Feature", "properties": {"area_ha": 0.02, "mean": 0.0938}, "geometry": {"type": "Polygon", "coordinates": [[[120.52608811804397, 31.464295648], [120.52598282304777, 31.46411472], [120.52619341304019, 31.46411472], [120.52608811804397, 31.464295648]]]}}, {"type": "Feature", "properties": {"area_ha": 0.01, "mean": 0.0684}, "geometry": {"type": "Polygon", "coordinates": [[[120.51197858855194, 31.46411472], [120.51176799855952, 31.464024256000002], [120.51197858855194, 31.464024256000002], [120.51197858855194, 31.46411472]]]}}, {"type": "Feature", "properties": {"area_ha": 0.0, "mean": null}, "geometry": {"type": "Polygon", "coordinates": [[[120.51208388354814, 31.464024256000002], [120.51197858855194, 31.463933792000002], [120.51208388354814, 31.463933792000002], [120.51208388354814, 31.464024256000002]]]}}, {"type": "Feature", "properties": {"area_ha": 0.0, "mean": null}, "geometry": {"type": "Polygon", "coordinates": [[[120.51324212850645, 31.463300544], [120.51313683351025, 31.46321008], [120.51324212850645, 31.46321008], [120.51324212850645, 31.463300544]]]}}, {"type": "Feature", "properties": {"area_ha": 0.0, "mean": null}, "geometry": {"type": "Polygon", "coordinates": [[[120.51303153851403, 31.46321008], [120.51292624351782, 31.463119616], [120.51303153851403, 31.463119616], [120.51303153851403, 31.46321008]]]}}, {"type": "Feature", "properties": {"area_ha": 0.0, "mean": null}, "geometry": {"type": "Polygon", "coordinates": [[[120.51334742350265, 31.46321008], [120.51324212850645, 31.463119616], [120.51334742350265, 31.463119616], [120.51334742350265, 31.46321008]]]}}, {"type": "Feature", "properties": {"area_ha": 0.0, "mean": null}, "geometry": {"type": "Polygon", "coordinates": [[[120.51082034359364, 31.4614008], [120.51071504859743, 31.461310336], [120.51082034359364, 31.461310336], [120.51082034359364, 31.4614008]]]}}, {"type": "Feature", "properties": {"area_ha": 0.01, "mean": 0.0708}, "geometry": {"type": "Polygon", "coordinates": [[[120.51060975360122, 31.461129408], [120.51050445860501, 31.46094848], [120.51060975360122, 31.46094848], [120.51060975360122, 31.461129408]]]}}, {"type": "Feature", "properties": {"area_ha": 0.0, "mean": null}, "geometry": {"type": "Polygon", "coordinates": [[[120.51050445860501, 31.46094848], [120.5103991636088, 31.460858016], [120.51050445860501, 31.460858016], [120.51050445860501, 31.46094848]]]}}, {"type": "Feature", "properties": {"area_ha": 0.01, "mean": 0.0952}, "geometry": {"type": "Polygon", "coordinates": [[[120.51029386861259, 31.460586624], [120.51008327862017, 31.460586624], [120.50987268862775, 31.460405696000002], [120.51029386861259, 31.460586624]]]}}, {"type": "Feature", "properties": {"area_ha": 0.01, "mean": 0.1071}, "geometry": {"type": "Polygon", "coordinates": [[[120.53461701273693, 31.46049616], [120.53451171774071, 31.460224768], [120.53461701273693, 31.460224768], [120.53461701273693, 31.46049616]]]}}, {"type": "Feature", "properties": {"area_ha": 0.02, "mean": 0.1339}, "geometry": {"type": "Polygon", "coordinates": [[[120.53472230773313, 31.46004384], [120.53461701273693, 31.459681984], [120.53472230773313, 31.459681984], [120.53472230773313, 31.46004384]]]}}, {"type": "Feature", "properties": {"area_ha": 0.13, "mean": 0.0946}, "geometry": {"type": "Polygon", "coordinates": [[[120.5081879686884, 31.459501056], [120.5069244287339, 31.459681984], [120.50681913373768, 31.459501056], [120.5081879686884, 31.459501056]]]}}, {"type": "Feature", "properties": {"area_ha": 0.01, "mean": 0.1251}, "geometry": {"type": "Polygon", "coordinates": [[[120.53482760272935, 31.459501056], [120.53472230773313, 31.459229664000002], [120.53482760272935, 31.459229664000002], [120.53482760272935, 31.459501056]]]}}, {"type": "Feature", "properties": {"area_ha": 0.0, "mean": null}, "geometry": {"type": "Polygon", "coordinates": [[[120.50987268862775, 31.458415488], [120.50976739363155, 31.458325024], [120.50987268862775, 31.458325024], [120.50987268862775, 31.458415488]]]}}, {"type": "Feature", "properties": {"area_ha": 0.0, "mean": null}, "geometry": {"type": "Polygon", "coordinates": [[[120.50966209863533, 31.458325024], [120.50955680363913, 31.45823456], [120.50966209863533, 31.45823456], [120.50966209863533, 31.458325024]]]}}, {"type": "Feature", "properties": {"area_ha": 0.02, "mean": 0.0968}, "geometry": {"type": "Polygon", "coordinates": [[[120.49681610909781, 31.45823456], [120.49671081410159, 31.458325024], [120.49650022410918, 31.458144096], [120.49681610909781, 31.45823456]]]}}, {"type": "Feature", "properties": {"area_ha": 0.01, "mean": 0.1272}, "geometry": {"type": "Polygon", "coordinates": [[[120.53503819272176, 31.45823456], [120.53493289772555, 31.458053632000002], [120.53503819272176, 31.458053632000002], [120.53503819272176, 31.45823456]]]}}, {"type": "Feature", "properties": {"area_ha": 0.03, "mean": 0.0787}, "geometry": {"type": "Polygon", "coordinates": [[[120.50997798362397, 31.45823456], [120.50997798362397, 31.457963168], [120.51018857361638, 31.457963168], [120.50997798362397, 31.45823456]]]}}, {"type": "Feature", "properties": {"area_ha": 0.01, "mean": 0.1028}, "geometry": {"type": "Polygon", "coordinates": [[[120.53514348771797, 31.458053632000002], [120.53503819272176, 31.45778224], [120.53514348771797, 31.45778224], [120.53514348771797, 31.458053632000002]]]}}, {"type": "Feature", "properties": {"area_ha": 0.02, "mean": 0.1134}, "geometry": {"type": "Polygon", "coordinates": [[[120.5353540777104, 31.456968064], [120.53524878271418, 31.456515744], [120.5353540777104, 31.456515744], [120.5353540777104, 31.456968064]]]}}, {"type": "Feature", "properties": {"area_ha": 0.01, "mean": 0.1291}, "geometry": {"type": "Polygon", "coordinates": [[[120.49502609416226, 31.45642528], [120.49492079916604, 31.456244352000002], [120.49502609416226, 31.456244352000002], [120.49502609416226, 31.45642528]]]}}, {"type": "Feature", "properties": {"area_ha": 0.02, "mean": 0.1116}, "geometry": {"type": "Polygon", "coordinates": [[[120.5354593727066, 31.45642528], [120.5353540777104, 31.45597296], [120.5354593727066, 31.45597296], [120.5354593727066, 31.45642528]]]}}, {"type": "Feature", "properties": {"area_ha": 0.0, "mean": null}, "geometry": {"type": "Polygon", "coordinates": [[[120.49481550416984, 31.456063424], [120.49471020917362, 31.45597296], [120.49481550416984, 31.45597296], [120.49481550416984, 31.456063424]]]}}, {"type": "Feature", "properties": {"area_ha": 0.0, "mean": null}, "geometry": {"type": "Polygon", "coordinates": [[[120.49471020917362, 31.45597296], [120.49460491417742, 31.455882496], [120.49471020917362, 31.455882496], [120.49471020917362, 31.45597296]]]}}, {"type": "Feature", "properties": {"area_ha": 0.0, "mean": null}, "geometry": {"type": "Polygon", "coordinates": [[[120.49460491417742, 31.455792032], [120.4944996191812, 31.455701568000002], [120.49460491417742, 31.455701568000002], [120.49460491417742, 31.455792032]]]}}, {"type": "Feature", "properties": {"area_ha": 0.0, "mean": null}, "geometry": {"type": "Polygon", "coordinates": [[[120.4944996191812, 31.455701568000002], [120.494394324185, 31.455611104], [120.4944996191812, 31.455611104], [120.4944996191812, 31.455701568000002]]]}}, {"type": "Feature", "properties": {"area_ha": 0.0, "mean": null}, "geometry": {"type": "Polygon", "coordinates": [[[120.49586845413192, 31.455701568000002], [120.49576315913572, 31.455611104], [120.49586845413192, 31.455611104], [120.49586845413192, 31.455701568000002]]]}}, {"type": "Feature", "properties": {"area_ha": 0.0, "mean": null}, "geometry": {"type": "Polygon", "coordinates": [[[120.49597374912813, 31.455611104], [120.49586845413192, 31.45552064], [120.49597374912813, 31.45552064], [120.49597374912813, 31.455611104]]]}}, {"type": "Feature", "properties": {"area_ha": 0.02, "mean": 0.1062}, "geometry": {"type": "Polygon", "coordinates": [[[120.53556466770281, 31.455792032], [120.5354593727066, 31.455430176], [120.53556466770281, 31.455430176], [120.53556466770281, 31.455792032]]]}}, {"type": "Feature", "properties": {"area_ha": 0.0, "mean": null}, "geometry": {"type": "Polygon", "coordinates": [[[120.494394324185, 31.45552064], [120.49428902918878, 31.455430176], [120.494394324185, 31.455430176], [120.494394324185, 31.45552064]]]}}, {"type": "Feature", "properties": {"area_ha": 0.0, "mean": null}, "geometry": {"type": "Polygon", "coordinates": [[[120.49586845413192, 31.45552064], [120.49576315913572, 31.455430176], [120.49586845413192, 31.455430176], [120.49586845413192, 31.45552064]]]}}, {"type": "Feature", "properties": {"area_ha": 0.0, "mean": null}, "geometry": {"type": "Polygon", "coordinates": [[[120.49386784920395, 31.454887392], [120.49376255420773, 31.454796928], [120.49386784920395, 31.454796928], [120.49386784920395, 31.454887392]]]}}, {"type": "Feature", "properties": {"area_ha": 0.0, "mean": null}, "geometry": {"type": "Polygon", "coordinates": [[[120.49376255420773, 31.454706464], [120.49365725921153, 31.454616], [120.49376255420773, 31.454616], [120.49376255420773, 31.454706464]]]}}, {"type": "Feature", "properties": {"area_ha": 0.0, "mean": null}, "geometry": {"type": "Polygon", "coordinates": [[[120.49365725921153, 31.454616], [120.49355196421531, 31.454525536000002], [120.49365725921153, 31.454525536000002], [120.49365725921153, 31.454616]]]}}, {"type": "Feature", "properties": {"area_ha": 0.0, "mean": null}, "geometry": {"type": "Polygon", "coordinates": [[[120.49313078423049, 31.453982752], [120.49302548923427, 31.453892288000002], [120.49313078423049, 31.453892288000002], [120.49313078423049, 31.453982752]]]}}, {"type": "Feature", "properties": {"area_ha": 0.0, "mean": null}, "geometry": {"type": "Polygon", "coordinates": [[[120.49302548923427, 31.453892288000002], [120.49292019423807, 31.453801824], [120.49302548923427, 31.453801824], [120.49302548923427, 31.453892288000002]]]}}, {"type": "Feature", "properties": {"area_ha": 0.0, "mean": null}, "geometry": {"type": "Polygon", "coordinates": [[[120.49292019423807, 31.45371136], [120.49281489924185, 31.453620896], [120.49292019423807, 31.453620896], [120.49292019423807, 31.45371136]]]}}, {"type": "Feature", "properties": {"area_ha": 0.0, "mean": null}, "geometry": {"type": "Polygon", "coordinates": [[[120.49281489924185, 31.453530432], [120.49270960424565, 31.453439968], [120.49281489924185, 31.453439968], [120.49281489924185, 31.453530432]]]}}, {"type": "Feature", "properties": {"area_ha": 0.0, "mean": null}, "geometry": {"type": "Polygon", "coordinates": [[[120.49270960424565, 31.453439968], [120.49260430924943, 31.453349504000002], [120.49270960424565, 31.453349504000002], [120.49270960424565, 31.453439968]]]}}, {"type": "Feature", "properties": {"area_ha": 0.01, "mean": 0.1283}, "geometry": {"type": "Polygon", "coordinates": [[[120.53598584768764, 31.453530432], [120.53588055269144, 31.45325904], [120.53598584768764, 31.45325904], [120.53598584768764, 31.453530432]]]}}, {"type": "Feature", "properties": {"area_ha": 0.0, "mean": null}, "geometry": {"type": "Polygon", "coordinates": [[[120.49260430924943, 31.45325904], [120.49249901425323, 31.453168576], [120.49260430924943, 31.453168576], [120.49260430924943, 31.45325904]]]}}, {"type": "Feature", "properties": {"area_ha": 0.0, "mean": null}, "geometry": {"type": "Polygon", "coordinates": [[[120.49249901425323, 31.453168576], [120.49239371925702, 31.453078112], [120.49249901425323, 31.453078112], [120.49249901425323, 31.453168576]]]}}, {"type": "Feature", "properties": {"area_ha": 0.0, "mean": null}, "geometry": {"type": "Polygon", "coordinates": [[[120.49239371925702, 31.453078112], [120.4922884242608, 31.452987648], [120.49239371925702, 31.452987648], [120.49239371925702, 31.453078112]]]}}, {"type": "Feature", "properties": {"area_ha": 0.02, "mean": 0.1181}, "geometry": {"type": "Polygon", "coordinates": [[[120.53609114268386, 31.45325904], [120.53598584768764, 31.45280672], [120.53609114268386, 31.45280672], [120.53609114268386, 31.45325904]]]}}, {"type": "Feature", "properties": {"area_ha": 0.01, "mean": 0.1251}, "geometry": {"type": "Polygon", "coordinates": [[[120.53619643768006, 31.452535328], [120.53609114268386, 31.452263936], [120.53619643768006, 31.452263936], [120.53619643768006, 31.452535328]]]}}, {"type": "Feature", "properties": {"area_ha": 0.02, "mean": 0.1357}, "geometry": {"type": "Polygon", "coordinates": [[[120.53630173267628, 31.452083008], [120.53619643768006, 31.451721152], [120.53630173267628, 31.451721152], [120.53630173267628, 31.452083008]]]}}, {"type": "Feature", "properties": {"area_ha": 0.01, "mean": 0.0894}, "geometry": {"type": "Polygon", "coordinates": [[[120.53640702767248, 31.45144976], [120.53630173267628, 31.451268832], [120.53640702767248, 31.451268832], [120.53640702767248, 31.45144976]]]}}, {"type": "Feature", "properties": {"area_ha": 0.01, "mean": 0.1091}, "geometry": {"type": "Polygon", "coordinates": [[[120.5366176176649, 31.450364192000002], [120.5365123226687, 31.450183264], [120.5366176176649, 31.450183264], [120.5366176176649, 31.450364192000002]]]}}, {"type": "Feature", "properties": {"area_ha": 0.0, "mean": null}, "geometry": {"type": "Polygon", "coordinates": [[[120.53756527263079, 31.447921664], [120.53745997763457, 31.4478312], [120.53756527263079, 31.4478312], [120.53756527263079, 31.447921664]]]}}, {"type": "Feature", "properties": {"area_ha": 0.01, "mean": 0.0757}, "geometry": {"type": "Polygon", "coordinates": [[[120.53767056762699, 31.4478312], [120.53756527263079, 31.447650272], [120.53767056762699, 31.447650272], [120.53767056762699, 31.4478312]]]}}, {"type": "Feature", "properties": {"area_ha": 0.0, "mean": null}, "geometry": {"type": "Polygon", "coordinates": [[[120.5377758626232, 31.447650272], [120.53767056762699, 31.447559808], [120.5377758626232, 31.447559808], [120.5377758626232, 31.447650272]]]}}, {"type": "Feature", "properties": {"area_ha": 0.02, "mean": 0.0909}, "geometry": {"type": "Polygon", "coordinates": [[[120.53714409264595, 31.447650272], [120.53703879764974, 31.447288416], [120.53714409264595, 31.447288416], [120.53714409264595, 31.447650272]]]}}, {"type": "Feature", "properties": {"area_ha": 0.01, "mean": 0.0794}, "geometry": {"type": "Polygon", "coordinates": [[[120.53788115761941, 31.447378880000002], [120.5377758626232, 31.447197952], [120.53788115761941, 31.447197952], [120.53788115761941, 31.447378880000002]]]}}, {"type": "Feature", "properties": {"area_ha": 0.01, "mean": 0.1034}, "geometry": {"type": "Polygon", "coordinates": [[[120.5377758626232, 31.447197952], [120.53767056762699, 31.447017024], [120.5377758626232, 31.447017024], [120.5377758626232, 31.447197952]]]}}, {"type": "Feature", "properties": {"area_ha": 0.01, "mean": 0.1128}, "geometry": {"type": "Polygon", "coordinates": [[[120.53724938764216, 31.447107488], [120.53714409264595, 31.446836096000002], [120.53724938764216, 31.446836096000002], [120.53724938764216, 31.447107488]]]}}, {"type": "Feature", "properties": {"area_ha": 0.0, "mean": null}, "geometry": {"type": "Polygon", "coordinates": [[[120.53956587755876, 31.446836096000002], [120.53946058256255, 31.446745632], [120.53956587755876, 31.446745632], [120.53956587755876, 31.446836096000002]]]}}, {"type": "Feature", "properties": {"area_ha": 0.0, "mean": null}, "geometry": {"type": "Polygon", "coordinates": [[[120.53924999257013, 31.446745632], [120.53914469757392, 31.446655168], [120.53924999257013, 31.446655168], [120.53924999257013, 31.446745632]]]}}, {"type": "Feature", "properties": {"area_ha": 0.01, "mean": 0.077}, "geometry": {"type": "Polygon", "coordinates": [[[120.5377758626232, 31.446655168], [120.53767056762699, 31.44647424], [120.5377758626232, 31.44647424], [120.5377758626232, 31.446655168]]]}}, {"type": "Feature", "properties": {"area_ha": 0.0, "mean": null}, "geometry": {"type": "Polygon", "coordinates": [[[120.53946058256255, 31.44647424], [120.53935528756634, 31.446383776], [120.53946058256255, 31.446383776], [120.53946058256255, 31.44647424]]]}}, {"type": "Feature", "properties": {"area_ha": 0.0, "mean": null}, "geometry": {"type": "Polygon", "coordinates": [[[120.53956587755876, 31.446383776], [120.53946058256255, 31.446293312], [120.53956587755876, 31.446293312], [120.53956587755876, 31.446383776]]]}}, {"type": "Feature", "properties": {"area_ha": 0.0, "mean": null}, "geometry": {"type": "Polygon", "coordinates": [[[120.53977646755118, 31.446202848000002], [120.53967117255497, 31.446112384], [120.53977646755118, 31.446112384], [120.53977646755118, 31.446202848000002]]]}}, {"type": "Feature", "properties": {"area_ha": 0.0, "mean": null}, "geometry": {"type": "Polygon", "coordinates": [[[120.5399870575436, 31.446112384], [120.5398817625474, 31.44602192], [120.5399870575436, 31.44602192], [120.5399870575436, 31.446112384]]]}}, {"type": "Feature", "properties": {"area_ha": 0.0, "mean": null}, "geometry": {"type": "Polygon", "coordinates": [[[120.54156648248674, 31.445840992], [120.54146118749053, 31.445750528], [120.54156648248674, 31.445750528], [120.54156648248674, 31.445840992]]]}}, {"type": "Feature", "properties": {"area_ha": 0.0, "mean": null}, "geometry": {"type": "Polygon", "coordinates": [[[120.49723728908265, 31.445750528], [120.49713199408643, 31.445660064000002], [120.49723728908265, 31.445660064000002], [120.49723728908265, 31.445750528]]]}}, {"type": "Feature", "properties": {"area_ha": 0.0, "mean": null}, "geometry": {"type": "Polygon", "coordinates": [[[120.53935528756634, 31.445660064000002], [120.53924999257013, 31.4455696], [120.53935528756634, 31.4455696], [120.53935528756634, 31.445660064000002]]]}}, {"type": "Feature", "properties": {"area_ha": 0.0, "mean": null}, "geometry": {"type": "Polygon", "coordinates": [[[120.49723728908265, 31.4455696], [120.49713199408643, 31.445479136], [120.49723728908265, 31.445479136], [120.49723728908265, 31.4455696]]]}}, {"type": "Feature", "properties": {"area_ha": 0.0, "mean": null}, "geometry": {"type": "Polygon", "coordinates": [[[120.53798645261563, 31.445388672], [120.53788115761941, 31.445298208], [120.53798645261563, 31.445298208], [120.53798645261563, 31.445388672]]]}}, {"type": "Feature", "properties": {"area_ha": 0.02, "mean": 0.0902}, "geometry": {"type": "Polygon", "coordinates": [[[120.53756527263079, 31.4455696], [120.53745997763457, 31.44511728], [120.53756527263079, 31.44511728], [120.53756527263079, 31.4455696]]]}}, {"type": "Feature", "properties": {"area_ha": 0.01, "mean": 0.0792}, "geometry": {"type": "Polygon", "coordinates": [[[120.53767056762699, 31.445026816000002], [120.53756527263079, 31.444845888], [120.53767056762699, 31.444845888], [120.53767056762699, 31.445026816000002]]]}}, {"type": "Feature", "properties": {"area_ha": 0.01, "mean": 0.0665}, "geometry": {"type": "Polygon", "coordinates": [[[120.53809174761183, 31.444936352], [120.53798645261563, 31.444755424], [120.53809174761183, 31.444755424], [120.53809174761183, 31.444936352]]]}}, {"type": "Feature", "properties": {"area_ha": 0.03, "mean": 0.1142}, "geometry": {"type": "Polygon", "coordinates": [[[120.5377758626232, 31.444574496], [120.53767056762699, 31.443941248], [120.5377758626232, 31.443941248], [120.5377758626232, 31.444574496]]]}}, {"type": "Feature", "properties": {"area_ha": 0.0, "mean": null}, "geometry": {"type": "Polygon", "coordinates": [[[120.56673198658075, 31.444031712], [120.56662669158453, 31.443941248], [120.56673198658075, 31.443941248], [120.56673198658075, 31.444031712]]]}}, {"type": "Feature", "properties": {"area_ha": 0.0, "mean": null}, "geometry": {"type": "Polygon", "coordinates": [[[120.56662669158453, 31.443941248], [120.56652139658833, 31.443850784000002], [120.56662669158453, 31.443850784000002], [120.56662669158453, 31.443941248]]]}}, {"type": "Feature", "properties": {"area_ha": 0.0, "mean": null}, "geometry": {"type": "Polygon", "coordinates": [[[120.56652139658833, 31.443850784000002], [120.56641610159213, 31.44376032], [120.56652139658833, 31.44376032], [120.56652139658833, 31.443850784000002]]]}}, {"type": "Feature", "properties": {"area_ha": 0.0, "mean": null}, "geometry": {"type": "Polygon", "coordinates": [[[120.56641610159213, 31.44376032], [120.56631080659591, 31.443669856], [120.56641610159213, 31.443669856], [120.56641610159213, 31.44376032]]]}}, {"type": "Feature", "properties": {"area_ha": 0.02, "mean": 0.1134}, "geometry": {"type": "Polygon", "coordinates": [[[120.53788115761941, 31.443941248], [120.5377758626232, 31.443488928], [120.53788115761941, 31.443488928], [120.53788115761941, 31.443941248]]]}}, {"type": "Feature", "properties": {"area_ha": 0.02, "mean": 0.1189}, "geometry": {"type": "Polygon", "coordinates": [[[120.53798645261563, 31.443308000000002], [120.53788115761941, 31.442946144], [120.53798645261563, 31.442946144], [120.53798645261563, 31.443308000000002]]]}}, {"type": "Feature", "properties": {"area_ha": 0.01, "mean": 0.074}, "geometry": {"type": "Polygon", "coordinates": [[[120.53851292759667, 31.442765216], [120.53840763260045, 31.442493824], [120.53851292759667, 31.442493824], [120.53851292759667, 31.442765216]]]}}, {"type": "Feature", "properties": {"area_ha": 0.02, "mean": 0.0746}, "geometry": {"type": "Polygon", "coordinates": [[[120.53809174761183, 31.442765216], [120.53798645261563, 31.44240336], [120.53809174761183, 31.44240336], [120.53809174761183, 31.442765216]]]}}, {"type": "Feature", "properties": {"area_ha": 0.01, "mean": 0.0833}, "geometry": {"type": "Polygon", "coordinates": [[[120.56557374162244, 31.442584288], [120.56546844662624, 31.44240336], [120.56557374162244, 31.44240336], [120.56557374162244, 31.442584288]]]}}, {"type": "Feature", "properties": {"area_ha": 0.0, "mean": null}, "geometry": {"type": "Polygon", "coordinates": [[[120.56546844662624, 31.442312896], [120.56536315163002, 31.442222432], [120.56546844662624, 31.442222432], [120.56546844662624, 31.442312896]]]}}, {"type": "Feature", "properties": {"area_ha": 0.01, "mean": 0.0581}, "geometry": {"type": "Polygon", "coordinates": [[[120.53861822259287, 31.442312896], [120.53851292759667, 31.442131968], [120.53861822259287, 31.442131968], [120.53861822259287, 31.442312896]]]}}, {"type": "Feature", "properties": {"area_ha": 0.03, "mean": 0.082}, "geometry": {"type": "Polygon", "coordinates": [[[120.56483667664898, 31.44195104], [120.56452079166036, 31.44195104], [120.56452079166036, 31.441770112], [120.56483667664898, 31.44195104]]]}}, {"type": "Feature", "properties": {"area_ha": 0.0, "mean": null}, "geometry": {"type": "Polygon", "coordinates": [[[120.56452079166036, 31.441770112], [120.56441549666414, 31.441679648], [120.56452079166036, 31.441679648], [120.56452079166036, 31.441770112]]]}}, {"type": "Feature", "properties": {"area_ha": 0.0, "mean": null}, "geometry": {"type": "Polygon", "coordinates": [[[120.56441549666414, 31.441679648], [120.56431020166794, 31.441589184], [120.56441549666414, 31.441589184], [120.56441549666414, 31.441679648]]]}}, {"type": "Feature", "properties": {"area_ha": 0.01, "mean": 0.0999}, "geometry": {"type": "Polygon", "coordinates": [[[120.56431020166794, 31.441589184], [120.56420490667172, 31.441408256], [120.56431020166794, 31.441408256], [120.56431020166794, 31.441589184]]]}}, {"type": "Feature", "properties": {"area_ha": 0.0, "mean": null}, "geometry": {"type": "Polygon", "coordinates": [[[120.53830233760425, 31.441498720000002], [120.53819704260805, 31.441408256], [120.53830233760425, 31.441408256], [120.53830233760425, 31.441498720000002]]]}}, {"type": "Feature", "properties": {"area_ha": 0.0, "mean": null}, "geometry": {"type": "Polygon", "coordinates": [[[120.54935831220622, 31.441408256], [120.54925301721, 31.441317792], [120.54935831220622, 31.441317792], [120.54935831220622, 31.441408256]]]}}, {"type": "Feature", "properties": {"area_ha": 0.01, "mean": 0.0659}, "geometry": {"type": "Polygon", "coordinates": [[[120.54977949219106, 31.441498720000002], [120.54967419719485, 31.441227328], [120.54977949219106, 31.441227328], [120.54977949219106, 31.441498720000002]]]}}, {"type": "Feature", "properties": {"area_ha": 0.0, "mean": null}, "geometry": {"type": "Polygon", "coordinates": [[[120.56420490667172, 31.441408256], [120.56399431667931, 31.441227328], [120.56420490667172, 31.441317792], [120.56420490667172, 31.441408256]]]}}, {"type": "Feature", "properties": {"area_ha": 0.01, "mean": 0.0963}, "geometry": {"type": "Polygon", "coordinates": [[[120.53840763260045, 31.441227328], [120.53830233760425, 31.440955936], [120.53840763260045, 31.440955936], [120.53840763260045, 31.441227328]]]}}, {"type": "Feature", "properties": {"area_ha": 0.01, "mean": 0.088}, "geometry": {"type": "Polygon", "coordinates": [[[120.56357313669447, 31.440955936], [120.56346784169826, 31.440684544], [120.56357313669447, 31.440684544], [120.56357313669447, 31.440955936]]]}}, {"type": "Feature", "properties": {"area_ha": 0.0, "mean": null}, "geometry": {"type": "Polygon", "coordinates": [[[120.54946360720243, 31.440775008], [120.54935831220622, 31.440684544], [120.54946360720243, 31.440684544], [120.54946360720243, 31.440775008]]]}}, {"type": "Feature", "properties": {"area_ha": 0.01, "mean": 0.0711}, "geometry": {"type": "Polygon", "coordinates": [[[120.54967419719485, 31.440684544], [120.54946360720243, 31.44059408], [120.54967419719485, 31.44059408], [120.54967419719485, 31.440684544]]]}}, {"type": "Feature", "properties": {"area_ha": 0.0, "mean": null}, "geometry": {"type": "Polygon", "coordinates": [[[120.56346784169826, 31.440684544], [120.56336254670205, 31.44059408], [120.56346784169826, 31.44059408], [120.56346784169826, 31.440684544]]]}}, {"type": "Feature", "properties": {"area_ha": 0.03, "mean": 0.0808}, "geometry": {"type": "Polygon", "coordinates": [[[120.55009537717969, 31.440503616], [120.54988478718727, 31.440322688000002], [120.55020067217589, 31.440232224], [120.55009537717969, 31.440503616]]]}}, {"type": "Feature", "properties": {"area_ha": 0.0, "mean": null}, "geometry": {"type": "Polygon", "coordinates": [[[120.50523970879455, 31.439960832], [120.50513441379833, 31.439870368], [120.50523970879455, 31.439870368], [120.50523970879455, 31.439960832]]]}}, {"type": "Feature", "properties": {"area_ha": 0.0, "mean": null}, "geometry": {"type": "Polygon", "coordinates": [[[120.50534500379075, 31.439870368], [120.50523970879455, 31.439779904], [120.50534500379075, 31.439779904], [120.50534500379075, 31.439870368]]]}}, {"type": "Feature", "properties": {"area_ha": 0.0, "mean": null}, "geometry": {"type": "Polygon", "coordinates": [[[120.56252018673237, 31.439870368], [120.56241489173617, 31.439779904], [120.56252018673237, 31.439779904], [120.56252018673237, 31.439870368]]]}}, {"type": "Feature", "properties": {"area_ha": 0.06, "mean": 0.0909}, "geometry": {"type": "Polygon", "coordinates": [[[120.53861822259287, 31.440322688000002], [120.53840763260045, 31.44014176], [120.53861822259287, 31.439689440000002], [120.53861822259287, 31.440322688000002]]]}}, {"type": "Feature", "properties": {"area_ha": 0.0, "mean": null}, "geometry": {"type": "Polygon", "coordinates": [[[120.50545029878697, 31.439779904], [120.50534500379075, 31.439689440000002], [120.50545029878697, 31.439689440000002], [120.50545029878697, 31.439779904]]]}}, {"type": "Feature", "properties": {"area_ha": 0.05, "mean": 0.0914}, "geometry": {"type": "Polygon", "coordinates": [[[120.50502911880213, 31.439870368], [120.50523970879455, 31.439418048], [120.50545029878697, 31.439418048], [120.50502911880213, 31.439870368]]]}}, {"type": "Feature", "properties": {"area_ha": 0.04, "mean": 0.0845}, "geometry": {"type": "Polygon", "coordinates": [[[120.60337464526157, 31.437970624000002], [120.60305876027294, 31.437699232], [120.60337464526157, 31.437608768], [120.60337464526157, 31.437970624000002]]]}}, {"type": "Feature", "properties": {"area_ha": 0.0, "mean": null}, "geometry": {"type": "Polygon", "coordinates": [[[120.53935528756634, 31.436885056], [120.53924999257013, 31.436794592000002], [120.53935528756634, 31.436794592000002], [120.53935528756634, 31.436885056]]]}}, {"type": "Feature", "properties": {"area_ha": 0.08, "mean": 0.0821}, "geometry": {"type": "Polygon", "coordinates": [[[120.59979461539045, 31.436885056], [120.59937343540561, 31.436704128], [120.59979461539045, 31.4365232], [120.59979461539045, 31.436885056]]]}}, {"type": "Feature", "properties": {"area_ha": 0.0, "mean": null}, "geometry": {"type": "Polygon", "coordinates": [[[120.59926814040941, 31.436613664], [120.59916284541319, 31.4365232], [120.59926814040941, 31.4365232], [120.59926814040941, 31.436613664]]]}}, {"type": "Feature", "properties": {"area_ha": 0.0, "mean": null}, "geometry": {"type": "Polygon", "coordinates": [[[120.59968932039425, 31.4365232], [120.59958402539803, 31.436432736], [120.59968932039425, 31.436432736], [120.59968932039425, 31.4365232]]]}}, {"type": "Feature", "properties": {"area_ha": 0.0, "mean": null}, "geometry": {"type": "Polygon", "coordinates": [[[120.51597979840788, 31.43561856], [120.51587450341168, 31.435528096], [120.51597979840788, 31.435528096], [120.51597979840788, 31.43561856]]]}}, {"type": "Feature", "properties": {"area_ha": 0.0, "mean": null}, "geometry": {"type": "Polygon", "coordinates": [[[120.51713804336619, 31.43561856], [120.51703274836999, 31.435528096], [120.51713804336619, 31.435528096], [120.51713804336619, 31.43561856]]]}}, {"type": "Feature", "properties": {"area_ha": 0.0, "mean": null}, "geometry": {"type": "Polygon", "coordinates": [[[120.5161903884003, 31.435437632], [120.5160850934041, 31.435347168], [120.5161903884003, 31.435347168], [120.5161903884003, 31.435437632]]]}}, {"type": "Feature", "properties": {"area_ha": 0.0, "mean": null}, "geometry": {"type": "Polygon", "coordinates": [[[120.5957934055345, 31.435347168], [120.59568811053829, 31.435256704], [120.5957934055345, 31.435256704], [120.5957934055345, 31.435347168]]]}}, {"type": "Feature", "properties": {"area_ha": 0.0, "mean": null}, "geometry": {"type": "Polygon", "coordinates": [[[120.51629568339652, 31.435256704], [120.5161903884003, 31.43516624], [120.51629568339652, 31.43516624], [120.51629568339652, 31.435256704]]]}}, {"type": "Feature", "properties": {"area_ha": 0.02, "mean": 0.0787}, "geometry": {"type": "Polygon", "coordinates": [[[120.59526693055345, 31.435347168], [120.59484575056861, 31.435075776], [120.59526693055345, 31.435256704], [120.59526693055345, 31.435347168]]]}}, {"type": "Feature", "properties": {"area_ha": 0.0, "mean": null}, "geometry": {"type": "Polygon", "coordinates": [[[120.51640097839272, 31.43516624], [120.51629568339652, 31.435075776], [120.51640097839272, 31.435075776], [120.51640097839272, 31.43516624]]]}}, {"type": "Feature", "properties": {"area_ha": 0.0, "mean": null}, "geometry": {"type": "Polygon", "coordinates": [[[120.51650627338894, 31.435075776], [120.51640097839272, 31.434985312000002], [120.51650627338894, 31.434985312000002], [120.51650627338894, 31.435075776]]]}}, {"type": "Feature", "properties": {"area_ha": 0.01, "mean": 0.0772}, "geometry": {"type": "Polygon", "coordinates": [[[120.5172433383624, 31.43516624], [120.51713804336619, 31.434894848], [120.5172433383624, 31.434894848], [120.5172433383624, 31.43516624]]]}}, {"type": "Feature", "properties": {"area_ha": 0.02, "mean": 0.1066}, "geometry": {"type": "Polygon", "coordinates": [[[120.53956587755876, 31.435075776], [120.53946058256255, 31.434623456], [120.53956587755876, 31.434623456], [120.53956587755876, 31.435075776]]]}}, {"type": "Feature", "properties": {"area_ha": 0.01, "mean": 0.0985}, "geometry": {"type": "Polygon", "coordinates": [[[120.51671686338135, 31.434442528], [120.51640097839272, 31.434352064], [120.51671686338135, 31.434352064], [120.51671686338135, 31.434442528]]]}}, {"type": "Feature", "properties": {"area_ha": 0.0, "mean": null}, "geometry": {"type": "Polygon", "coordinates": [[[120.51640097839272, 31.434352064], [120.51629568339652, 31.4342616], [120.51640097839272, 31.4342616], [120.51640097839272, 31.434352064]]]}}, {"type": "Feature", "properties": {"area_ha": 0.0, "mean": null}, "geometry": {"type": "Polygon", "coordinates": [[[120.51682215837756, 31.434352064], [120.51671686338135, 31.4342616], [120.51682215837756, 31.4342616], [120.51682215837756, 31.434352064]]]}}, {"type": "Feature", "properties": {"area_ha": 0.0, "mean": null}, "geometry": {"type": "Polygon", "coordinates": [[[120.51692745337377, 31.4342616], [120.51682215837756, 31.434171136], [120.51692745337377, 31.434171136], [120.51692745337377, 31.4342616]]]}}, {"type": "Feature", "properties": {"area_ha": 0.0, "mean": null}, "geometry": {"type": "Polygon", "coordinates": [[[120.51703274836999, 31.434171136], [120.51692745337377, 31.434080672], [120.51703274836999, 31.434080672], [120.51703274836999, 31.434171136]]]}}, {"type": "Feature", "properties": {"area_ha": 0.0, "mean": null}, "geometry": {"type": "Polygon", "coordinates": [[[120.51713804336619, 31.434080672], [120.51703274836999, 31.433990208], [120.51713804336619, 31.433990208], [120.51713804336619, 31.434080672]]]}}, {"type": "Feature", "properties": {"area_ha": 0.01, "mean": 0.0784}, "geometry": {"type": "Polygon", "coordinates": [[[120.51629568339652, 31.434080672], [120.5161903884003, 31.433899744], [120.51629568339652, 31.433899744], [120.51629568339652, 31.434080672]]]}}, {"type": "Feature", "properties": {"area_ha": 0.0, "mean": null}, "geometry": {"type": "Polygon", "coordinates": [[[120.5172433383624, 31.433990208], [120.51713804336619, 31.433899744], [120.5172433383624, 31.433899744], [120.5172433383624, 31.433990208]]]}}, {"type": "Feature", "properties": {"area_ha": 0.0, "mean": null}, "geometry": {"type": "Polygon", "coordinates": [[[120.51640097839272, 31.433899744], [120.51629568339652, 31.433809280000002], [120.51640097839272, 31.433809280000002], [120.51640097839272, 31.433899744]]]}}, {"type": "Feature", "properties": {"area_ha": 0.0, "mean": null}, "geometry": {"type": "Polygon", "coordinates": [[[120.51650627338894, 31.433809280000002], [120.51640097839272, 31.433718816], [120.51650627338894, 31.433718816], [120.51650627338894, 31.433809280000002]]]}}, {"type": "Feature", "properties": {"area_ha": 0.0, "mean": null}, "geometry": {"type": "Polygon", "coordinates": [[[120.51745392835483, 31.433718816], [120.51734863335861, 31.433628352], [120.51745392835483, 31.433628352], [120.51745392835483, 31.433718816]]]}}, {"type": "Feature", "properties": {"area_ha": 0.0, "mean": null}, "geometry": {"type": "Polygon", "coordinates": [[[120.51661156838514, 31.433628352], [120.51650627338894, 31.433537888], [120.51661156838514, 31.433537888], [120.51661156838514, 31.433628352]]]}}, {"type": "Feature", "properties": {"area_ha": 0.01, "mean": 0.1074}, "geometry": {"type": "Polygon", "coordinates": [[[120.51755922335103, 31.43290464], [120.51734863335861, 31.432814176], [120.51755922335103, 31.432814176], [120.51755922335103, 31.43290464]]]}}, {"type": "Feature", "properties": {"area_ha": 0.0, "mean": null}, "geometry": {"type": "Polygon", "coordinates": [[[120.51713804336619, 31.432814176], [120.51703274836999, 31.432723712], [120.51713804336619, 31.432723712], [120.51713804336619, 31.432814176]]]}}, {"type": "Feature", "properties": {"area_ha": 0.02, "mean": 0.0908}, "geometry": {"type": "Polygon", "coordinates": [[[120.5398817625474, 31.43290464], [120.53977646755118, 31.432542784], [120.5398817625474, 31.432542784], [120.5398817625474, 31.43290464]]]}}, {"type": "Feature", "properties": {"area_ha": 0.0, "mean": null}, "geometry": {"type": "Polygon", "coordinates": [[[120.54104000750569, 31.432542784], [120.54093471250948, 31.43245232], [120.54104000750569, 31.43245232], [120.54104000750569, 31.432542784]]]}}, {"type": "Feature", "properties": {"area_ha": 0.0, "mean": null}, "geometry": {"type": "Polygon", "coordinates": [[[120.51892805830175, 31.43245232], [120.51882276330554, 31.432361856], [120.51892805830175, 31.432361856], [120.51892805830175, 31.43245232]]]}}, {"type": "Feature", "properties": {"area_ha": 0.01, "mean": 0.0979}, "geometry": {"type": "Polygon", "coordinates": [[[120.51913864829417, 31.432361856], [120.51892805830175, 31.432271392], [120.51913864829417, 31.432271392], [120.51913864829417, 31.432361856]]]}}, {"type": "Feature", "properties": {"area_ha": 0.0, "mean": null}, "geometry": {"type": "Polygon", "coordinates": [[[120.5194545332828, 31.432271392], [120.51934923828658, 31.432180928], [120.5194545332828, 31.432180928], [120.5194545332828, 31.432271392]]]}}, {"type": "Feature", "properties": {"area_ha": 0.0, "mean": null}, "geometry": {"type": "Polygon", "coordinates": [[[120.51987571326764, 31.432090464], [120.51977041827142, 31.432000000000002], [120.51987571326764, 31.432000000000002], [120.51987571326764, 31.432090464]]]}}, {"type": "Feature", "properties": {"area_ha": 0.01, "mean": 0.0997}, "geometry": {"type": "Polygon", "coordinates": [[[120.5400923525398, 31.432000000000002], [120.5399870575436, 31.431728608], [120.5400923525398, 31.431728608], [120.5400923525398, 31.432000000000002]]]}}, {"type": "Feature", "properties": {"area_ha": 0.0, "mean": null}, "geometry": {"type": "Polygon", "coordinates": [[[120.59379280060652, 31.431819072], [120.59368750561032, 31.431728608], [120.59379280060652, 31.431728608], [120.59379280060652, 31.431819072]]]}}, {"type": "Feature", "properties": {"area_ha": 0.03, "mean": 0.0698}, "geometry": {"type": "Polygon", "coordinates": [[[120.59442457058378, 31.431819072], [120.59410868559515, 31.431728608], [120.59452986557999, 31.431638144], [120.59442457058378, 31.431819072]]]}}, {"type": "Feature", "properties": {"area_ha": 0.05, "mean": 0.0782}, "geometry": {"type": "Polygon", "coordinates": [[[120.51776981334345, 31.432000000000002], [120.51755922335103, 31.431457216000002], [120.51776981334345, 31.431457216000002], [120.51776981334345, 31.432000000000002]]]}}, {"type": "Feature", "properties": {"area_ha": 0.0, "mean": null}, "geometry": {"type": "Polygon", "coordinates": [[[120.52019159825626, 31.431276288], [120.52008630326004, 31.431185824], [120.52019159825626, 31.431185824], [120.52019159825626, 31.431276288]]]}}, {"type": "Feature", "properties": {"area_ha": 0.0, "mean": null}, "geometry": {"type": "Polygon", "coordinates": [[[120.51776981334345, 31.431185824], [120.51766451834723, 31.43109536], [120.51776981334345, 31.43109536], [120.51776981334345, 31.431185824]]]}}, {"type": "Feature", "properties": {"area_ha": 0.0, "mean": null}, "geometry": {"type": "Polygon", "coordinates": [[[120.51787510833965, 31.43109536], [120.51776981334345, 31.431004896], [120.51787510833965, 31.431004896], [120.51787510833965, 31.43109536]]]}}, {"type": "Feature", "properties": {"area_ha": 0.01, "mean": 0.0695}, "geometry": {"type": "Polygon", "coordinates": [[[120.57894620614103, 31.430914432], [120.5787356161486, 31.430823968000002], [120.57894620614103, 31.430823968000002], [120.57894620614103, 31.430914432]]]}}, {"type": "Feature", "properties": {"area_ha": 0.01, "mean": 0.0889}, "geometry": {"type": "Polygon", "coordinates": [[[120.51798040333587, 31.430733504], [120.51787510833965, 31.430552576], [120.51798040333587, 31.430552576], [120.51798040333587, 31.430733504]]]}}, {"type": "Feature", "properties": {"area_ha": 0.01, "mean": 0.0749}, "geometry": {"type": "Polygon", "coordinates": [[[120.52019159825626, 31.430733504], [120.52008630326004, 31.430552576], [120.52019159825626, 31.430552576], [120.52019159825626, 31.430733504]]]}}, {"type": "Feature", "properties": {"area_ha": 0.0, "mean": null}, "geometry": {"type": "Polygon", "coordinates": [[[120.51808569833207, 31.430552576], [120.51798040333587, 31.430462112], [120.51808569833207, 31.430462112], [120.51808569833207, 31.430552576]]]}}, {"type": "Feature", "properties": {"area_ha": 0.0, "mean": null}, "geometry": {"type": "Polygon", "coordinates": [[[120.54872654222896, 31.430371648], [120.54862124723276, 31.430281184000002], [120.54872654222896, 31.430281184000002], [120.54872654222896, 31.430371648]]]}}, {"type": "Feature", "properties": {"area_ha": 0.01, "mean": 0.0842}, "geometry": {"type": "Polygon", "coordinates": [[[120.54862124723276, 31.430281184000002], [120.54851595223654, 31.430100256], [120.54862124723276, 31.430100256], [120.54862124723276, 31.430281184000002]]]}}, {"type": "Feature", "properties": {"area_ha": 0.02, "mean": 0.0744}, "geometry": {"type": "Polygon", "coordinates": [[[120.57863032115239, 31.430462112], [120.57852502615619, 31.430009792], [120.57863032115239, 31.430009792], [120.57863032115239, 31.430462112]]]}}, {"type": "Feature", "properties": {"area_ha": 0.0, "mean": null}, "geometry": {"type": "Polygon", "coordinates": [[[120.58747510083397, 31.430009792], [120.58736980583775, 31.429919328], [120.58747510083397, 31.429919328], [120.58747510083397, 31.430009792]]]}}, {"type": "Feature", "properties": {"area_ha": 0.01, "mean": 0.0881}, "geometry": {"type": "Polygon", "coordinates": [[[120.58736980583775, 31.429919328], [120.58726451084155, 31.4297384], [120.58736980583775, 31.4297384], [120.58736980583775, 31.429919328]]]}}, {"type": "Feature", "properties": {"area_ha": 0.0, "mean": null}, "geometry": {"type": "Polygon", "coordinates": [[[120.57852502615619, 31.429828864], [120.57841973115997, 31.4297384], [120.57852502615619, 31.4297384], [120.57852502615619, 31.429828864]]]}}, {"type": "Feature", "properties": {"area_ha": 0.0, "mean": null}, "geometry": {"type": "Polygon", "coordinates": [[[120.57841973115997, 31.4297384], [120.57831443616377, 31.429647936000002], [120.57841973115997, 31.429647936000002], [120.57841973115997, 31.4297384]]]}}, {"type": "Feature", "properties": {"area_ha": 0.0, "mean": null}, "geometry": {"type": "Polygon", "coordinates": [[[120.58747510083397, 31.4297384], [120.58736980583775, 31.429647936000002], [120.58747510083397, 31.429647936000002], [120.58747510083397, 31.4297384]]]}}, {"type": "Feature", "properties": {"area_ha": 0.0, "mean": null}, "geometry": {"type": "Polygon", "coordinates": [[[120.57831443616377, 31.429647936000002], [120.57820914116755, 31.429557472], [120.57831443616377, 31.429557472], [120.57831443616377, 31.429647936000002]]]}}, {"type": "Feature", "properties": {"area_ha": 0.01, "mean": 0.1017}, "geometry": {"type": "Polygon", "coordinates": [[[120.52029689325246, 31.429647936000002], [120.52019159825626, 31.429467008], [120.52029689325246, 31.429467008], [120.52029689325246, 31.429647936000002]]]}}, {"type": "Feature", "properties": {"area_ha": 0.0, "mean": null}, "geometry": {"type": "Polygon", "coordinates": [[[120.52040218824868, 31.429376544], [120.52029689325246, 31.42928608], [120.52040218824868, 31.42928608], [120.52040218824868, 31.429376544]]]}}, {"type": "Feature", "properties": {"area_ha": 0.0, "mean": null}, "geometry": {"type": "Polygon", "coordinates": [[[120.58684333085671, 31.429376544], [120.5867380358605, 31.42928608], [120.58684333085671, 31.42928608], [120.58684333085671, 31.429376544]]]}}, {"type": "Feature", "properties": {"area_ha": 0.0, "mean": null}, "geometry": {"type": "Polygon", "coordinates": [[[120.52050748324488, 31.42928608], [120.52040218824868, 31.429195616], [120.52050748324488, 31.429195616], [120.52050748324488, 31.42928608]]]}}, {"type": "Feature", "properties": {"area_ha": 0.01, "mean": 0.0729}, "geometry": {"type": "Polygon", "coordinates": [[[120.57810384617135, 31.429014688], [120.57799855117514, 31.42883376], [120.57810384617135, 31.42883376], [120.57810384617135, 31.429014688]]]}}, {"type": "Feature", "properties": {"area_ha": 0.01, "mean": 0.1106}, "geometry": {"type": "Polygon", "coordinates": [[[120.52082336823351, 31.428924224], [120.5207180732373, 31.428743296], [120.52082336823351, 31.428743296], [120.52082336823351, 31.428924224]]]}}, {"type": "Feature", "properties": {"area_ha": 0.54, "mean": 0.1011}, "geometry": {"type": "Polygon", "coordinates": [[[120.51808569833207, 31.430371648], [120.5184015833207, 31.429105152], [120.51871746830933, 31.429195616], [120.51861217331312, 31.428924224], [120.51871746830933, 31.428652832], [120.51903335329796, 31.429195616], [120.51808569833207, 31.430371648]]]}}, {"type": "Feature", "properties": {"area_ha": 0.01, "mean": 0.0589}, "geometry": {"type": "Polygon", "coordinates": [[[120.57799855117514, 31.42883376], [120.57789325617892, 31.428652832], [120.57799855117514, 31.428652832], [120.57799855117514, 31.42883376]]]}}, {"type": "Feature", "properties": {"area_ha": 0.01, "mean": 0.1091}, "geometry": {"type": "Polygon", "coordinates": [[[120.51892805830175, 31.428743296], [120.51882276330554, 31.428562368], [120.51892805830175, 31.428562368], [120.51892805830175, 31.428743296]]]}}, {"type": "Feature", "properties": {"area_ha": 0.06, "mean": 0.0837}, "geometry": {"type": "Polygon", "coordinates": [[[120.59516163555725, 31.42883376], [120.59484575056861, 31.42883376], [120.59495104556483, 31.428471904000002], [120.59516163555725, 31.42883376]]]}}, {"type": "Feature", "properties": {"area_ha": 0.0, "mean": null}, "geometry": {"type": "Polygon", "coordinates": [[[120.58810687081123, 31.428562368], [120.58800157581501, 31.428471904000002], [120.58810687081123, 31.428471904000002], [120.58810687081123, 31.428562368]]]}}, {"type": "Feature", "properties": {"area_ha": 0.01, "mean": 0.0664}, "geometry": {"type": "Polygon", "coordinates": [[[120.58852805079606, 31.428562368], [120.58842275579985, 31.42838144], [120.58852805079606, 31.42838144], [120.58852805079606, 31.428562368]]]}}, {"type": "Feature", "properties": {"area_ha": 0.0, "mean": null}, "geometry": {"type": "Polygon", "coordinates": [[[120.51903335329796, 31.428471904000002], [120.51892805830175, 31.42838144], [120.51903335329796, 31.42838144], [120.51903335329796, 31.428471904000002]]]}}, {"type": "Feature", "properties": {"area_ha": 0.0, "mean": null}, "geometry": {"type": "Polygon", "coordinates": [[[120.58800157581501, 31.428471904000002], [120.58789628081881, 31.42838144], [120.58800157581501, 31.42838144], [120.58800157581501, 31.428471904000002]]]}}, {"type": "Feature", "properties": {"area_ha": 0.0, "mean": null}, "geometry": {"type": "Polygon", "coordinates": [[[120.51913864829417, 31.428200512], [120.51903335329796, 31.428110048], [120.51913864829417, 31.428110048], [120.51913864829417, 31.428200512]]]}}, {"type": "Feature", "properties": {"area_ha": 0.0, "mean": null}, "geometry": {"type": "Polygon", "coordinates": [[[120.5207180732373, 31.428200512], [120.5206127782411, 31.428110048], [120.5207180732373, 31.428110048], [120.5207180732373, 31.428200512]]]}}, {"type": "Feature", "properties": {"area_ha": 0.0, "mean": null}, "geometry": {"type": "Polygon", "coordinates": [[[120.54756829727066, 31.428200512], [120.54746300227445, 31.428110048], [120.54756829727066, 31.428110048], [120.54756829727066, 31.428200512]]]}}, {"type": "Feature", "properties": {"area_ha": 0.0, "mean": null}, "geometry": {"type": "Polygon", "coordinates": [[[120.5206127782411, 31.428110048], [120.52050748324488, 31.428019584], [120.5206127782411, 31.428019584], [120.5206127782411, 31.428110048]]]}}, {"type": "Feature", "properties": {"area_ha": 0.0, "mean": null}, "geometry": {"type": "Polygon", "coordinates": [[[120.51924394329038, 31.428019584], [120.51913864829417, 31.42792912], [120.51924394329038, 31.42792912], [120.51924394329038, 31.428019584]]]}}, {"type": "Feature", "properties": {"area_ha": 0.0, "mean": null}, "geometry": {"type": "Polygon", "coordinates": [[[120.5207180732373, 31.428019584], [120.5206127782411, 31.42792912], [120.5207180732373, 31.42792912], [120.5207180732373, 31.428019584]]]}}, {"type": "Feature", "properties": {"area_ha": 0.01, "mean": 0.0579}, "geometry": {"type": "Polygon", "coordinates": [[[120.59505634056103, 31.428110048], [120.59484575056861, 31.428110048], [120.5946351605762, 31.42792912], [120.59505634056103, 31.428110048]]]}}, {"type": "Feature", "properties": {"area_ha": 0.0, "mean": null}, "geometry": {"type": "Polygon", "coordinates": [[[120.51829628832449, 31.42792912], [120.51819099332829, 31.427838656], [120.51829628832449, 31.427838656], [120.51829628832449, 31.42792912]]]}}, {"type": "Feature", "properties": {"area_ha": 0.0, "mean": null}, "geometry": {"type": "Polygon", "coordinates": [[[120.52082336823351, 31.42792912], [120.5207180732373, 31.427838656], [120.52082336823351, 31.427838656], [120.52082336823351, 31.42792912]]]}}, {"type": "Feature", "properties": {"area_ha": 0.0, "mean": null}, "geometry": {"type": "Polygon", "coordinates": [[[120.51934923828658, 31.427838656], [120.51924394329038, 31.427748192], [120.51934923828658, 31.427748192], [120.51934923828658, 31.427838656]]]}}, {"type": "Feature", "properties": {"area_ha": 0.0, "mean": null}, "geometry": {"type": "Polygon", "coordinates": [[[120.52092866322972, 31.427838656], [120.52082336823351, 31.427748192], [120.52092866322972, 31.427748192], [120.52092866322972, 31.427838656]]]}}, {"type": "Feature", "properties": {"area_ha": 0.01, "mean": 0.1093}, "geometry": {"type": "Polygon", "coordinates": [[[120.5194545332828, 31.427748192], [120.51934923828658, 31.427567264], [120.5194545332828, 31.427567264], [120.5194545332828, 31.427748192]]]}}, {"type": "Feature", "properties": {"area_ha": 0.01, "mean": 0.0768}, "geometry": {"type": "Polygon", "coordinates": [[[120.52313985815012, 31.427657728], [120.5229292681577, 31.427567264], [120.52313985815012, 31.427567264], [120.52313985815012, 31.427657728]]]}}, {"type": "Feature", "properties": {"area_ha": 0.13, "mean": 0.1006}, "geometry": {"type": "Polygon", "coordinates": [[[120.52208690818803, 31.427567264], [120.52156043320699, 31.427838656], [120.52092866322972, 31.427657728], [120.52208690818803, 31.427567264]]]}}, {"type": "Feature", "properties": {"area_ha": 0.02, "mean": 0.1483}, "geometry": {"type": "Polygon", "coordinates": [[[120.54051353252464, 31.427748192], [120.54040823752844, 31.427386336], [120.54051353252464, 31.427386336], [120.54051353252464, 31.427748192]]]}}, {"type": "Feature", "properties": {"area_ha": 0.0, "mean": null}, "geometry": {"type": "Polygon", "coordinates": [[[120.519559828279, 31.4274768], [120.5194545332828, 31.427386336], [120.519559828279, 31.427386336], [120.519559828279, 31.4274768]]]}}, {"type": "Feature", "properties": {"area_ha": 0.03, "mean": 0.0709}, "geometry": {"type": "Polygon", "coordinates": [[[120.5946351605762, 31.427838656], [120.59442457058378, 31.427748192], [120.59410868559515, 31.427295872000002], [120.5946351605762, 31.427838656]]]}}, {"type": "Feature", "properties": {"area_ha": 0.0, "mean": null}, "geometry": {"type": "Polygon", "coordinates": [[[120.51966512327522, 31.427386336], [120.519559828279, 31.427295872000002], [120.51966512327522, 31.427295872000002], [120.51966512327522, 31.427386336]]]}}, {"type": "Feature", "properties": {"area_ha": 0.0, "mean": null}, "geometry": {"type": "Polygon", "coordinates": [[[120.58989688574678, 31.427386336], [120.58979159075058, 31.427295872000002], [120.58989688574678, 31.427295872000002], [120.58989688574678, 31.427386336]]]}}, {"type": "Feature", "properties": {"area_ha": 0.0, "mean": null}, "geometry": {"type": "Polygon", "coordinates": [[[120.51987571326764, 31.427295872000002], [120.51977041827142, 31.427205408], [120.51987571326764, 31.427205408], [120.51987571326764, 31.427295872000002]]]}}, {"type": "Feature", "properties": {"area_ha": 0.01, "mean": 0.0992}, "geometry": {"type": "Polygon", "coordinates": [[[120.52335044814254, 31.427295872000002], [120.52313985815012, 31.427205408], [120.52335044814254, 31.427205408], [120.52335044814254, 31.427295872000002]]]}}, {"type": "Feature", "properties": {"area_ha": 0.0, "mean": null}, "geometry": {"type": "Polygon", "coordinates": [[[120.52124454821835, 31.427205408], [120.52113925322215, 31.427114944], [120.52124454821835, 31.427114944], [120.52124454821835, 31.427205408]]]}}, {"type": "Feature", "properties": {"area_ha": 0.0, "mean": null}, "geometry": {"type": "Polygon", "coordinates": [[[120.54061882752086, 31.427205408], [120.54051353252464, 31.427114944], [120.54061882752086, 31.427114944], [120.54061882752086, 31.427205408]]]}}, {"type": "Feature", "properties": {"area_ha": 0.0, "mean": null}, "geometry": {"type": "Polygon", "coordinates": [[[120.52040218824868, 31.427114944], [120.52029689325246, 31.42702448], [120.52040218824868, 31.42702448], [120.52040218824868, 31.427114944]]]}}, {"type": "Feature", "properties": {"area_ha": 0.01, "mean": 0.1215}, "geometry": {"type": "Polygon", "coordinates": [[[120.52092866322972, 31.427114944], [120.5207180732373, 31.42702448], [120.52092866322972, 31.42702448], [120.52092866322972, 31.427114944]]]}}, {"type": "Feature", "properties": {"area_ha": 0.0, "mean": null}, "geometry": {"type": "Polygon", "coordinates": [[[120.5902127707354, 31.427114944], [120.5901074757392, 31.42702448], [120.5902127707354, 31.42702448], [120.5902127707354, 31.427114944]]]}}, {"type": "Feature", "properties": {"area_ha": 0.01, "mean": 0.075}, "geometry": {"type": "Polygon", "coordinates": [[[120.51829628832449, 31.427205408], [120.51819099332829, 31.426934016], [120.51829628832449, 31.426934016], [120.51829628832449, 31.427205408]]]}}, {"type": "Feature", "properties": {"area_ha": 0.01, "mean": 0.0972}, "geometry": {"type": "Polygon", "coordinates": [[[120.54072412251706, 31.427114944], [120.54061882752086, 31.426843552], [120.54072412251706, 31.426843552], [120.54072412251706, 31.427114944]]]}}, {"type": "Feature", "properties": {"area_ha": 0.0, "mean": null}, "geometry": {"type": "Polygon", "coordinates": [[[120.51776981334345, 31.426934016], [120.51766451834723, 31.426843552], [120.51776981334345, 31.426843552], [120.51776981334345, 31.426934016]]]}}, {"type": "Feature", "properties": {"area_ha": 0.05, "mean": 0.0626}, "geometry": {"type": "Polygon", "coordinates": [[[120.58715921584535, 31.42702448], [120.58694862585293, 31.426753088], [120.58726451084155, 31.426753088], [120.58715921584535, 31.42702448]]]}}, {"type": "Feature", "properties": {"area_ha": 0.03, "mean": 0.0981}, "geometry": {"type": "Polygon", "coordinates": [[[120.59400339059894, 31.426934016], [120.59368750561032, 31.426934016], [120.59368750561032, 31.426753088], [120.59400339059894, 31.426934016]]]}}, {"type": "Feature", "properties": {"area_ha": 0.04, "mean": 0.0812}, "geometry": {"type": "Polygon", "coordinates": [[[120.59452986557999, 31.42702448], [120.59410868559515, 31.426934016], [120.59410868559515, 31.426753088], [120.59452986557999, 31.42702448]]]}}, {"type": "Feature", "properties": {"area_ha": 0.0, "mean": null}, "geometry": {"type": "Polygon", "coordinates": [[[120.5184015833207, 31.426843552], [120.51829628832449, 31.426753088], [120.5184015833207, 31.426753088], [120.5184015833207, 31.426843552]]]}}, {"type": "Feature", "properties": {"area_ha": 0.0, "mean": null}, "geometry": {"type": "Polygon", "coordinates": [[[120.52966814791509, 31.426843552], [120.52956285291889, 31.426753088], [120.52966814791509, 31.426753088], [120.52966814791509, 31.426843552]]]}}, {"type": "Feature", "properties": {"area_ha": 0.01, "mean": 0.1243}, "geometry": {"type": "Polygon", "coordinates": [[[120.58947570576194, 31.426934016], [120.58937041076574, 31.426662624], [120.58947570576194, 31.426662624], [120.58947570576194, 31.426934016]]]}}, {"type": "Feature", "properties": {"area_ha": 0.0, "mean": null}, "geometry": {"type": "Polygon", "coordinates": [[[120.51798040333587, 31.426753088], [120.51787510833965, 31.426662624], [120.51798040333587, 31.426662624], [120.51798040333587, 31.426753088]]]}}, {"type": "Feature", "properties": {"area_ha": 0.0, "mean": null}, "geometry": {"type": "Polygon", "coordinates": [[[120.51850687831691, 31.426753088], [120.5184015833207, 31.426662624], [120.51850687831691, 31.426662624], [120.51850687831691, 31.426753088]]]}}, {"type": "Feature", "properties": {"area_ha": 0.0, "mean": null}, "geometry": {"type": "Polygon", "coordinates": [[[120.52956285291889, 31.426753088], [120.52945755792267, 31.426662624], [120.52956285291889, 31.426662624], [120.52956285291889, 31.426753088]]]}}, {"type": "Feature", "properties": {"area_ha": 0.0, "mean": null}, "geometry": {"type": "Polygon", "coordinates": [[[120.59368750561032, 31.426753088], [120.5935822106141, 31.426662624], [120.59368750561032, 31.426662624], [120.59368750561032, 31.426753088]]]}}, {"type": "Feature", "properties": {"area_ha": 0.0, "mean": null}, "geometry": {"type": "Polygon", "coordinates": [[[120.51819099332829, 31.426662624], [120.51808569833207, 31.42657216], [120.51819099332829, 31.42657216], [120.51819099332829, 31.426662624]]]}}, {"type": "Feature", "properties": {"area_ha": 0.0, "mean": null}, "geometry": {"type": "Polygon", "coordinates": [[[120.5411453025019, 31.426662624], [120.54104000750569, 31.42657216], [120.5411453025019, 31.42657216], [120.5411453025019, 31.426662624]]]}}, {"type": "Feature", "properties": {"area_ha": 0.0, "mean": null}, "geometry": {"type": "Polygon", "coordinates": [[[120.5935822106141, 31.426662624], [120.5934769156179, 31.42657216], [120.5935822106141, 31.42657216], [120.5935822106141, 31.426662624]]]}}, {"type": "Feature", "properties": {"area_ha": 0.0, "mean": null}, "geometry": {"type": "Polygon", "coordinates": [[[120.59410868559515, 31.426662624], [120.59400339059894, 31.42657216], [120.59410868559515, 31.42657216], [120.59410868559515, 31.426662624]]]}}, {"type": "Feature", "properties": {"area_ha": 0.01, "mean": 0.0755}, "geometry": {"type": "Polygon", "coordinates": [[[120.59179219567855, 31.426662624], [120.59168690068233, 31.426481696], [120.59179219567855, 31.426481696], [120.59179219567855, 31.426662624]]]}}, {"type": "Feature", "properties": {"area_ha": 0.01, "mean": 0.1009}, "geometry": {"type": "Polygon", "coordinates": [[[120.5934769156179, 31.42657216], [120.59326632562548, 31.426481696], [120.5934769156179, 31.426481696], [120.5934769156179, 31.42657216]]]}}, {"type": "Feature", "properties": {"area_ha": 0.01, "mean": 0.0897}, "geometry": {"type": "Polygon", "coordinates": [[[120.51829628832449, 31.42657216], [120.51819099332829, 31.426391232], [120.51829628832449, 31.426391232], [120.51829628832449, 31.42657216]]]}}, {"type": "Feature", "properties": {"area_ha": 0.01, "mean": 0.0832}, "geometry": {"type": "Polygon", "coordinates": [[[120.59400339059894, 31.426481696], [120.59389809560274, 31.426300768], [120.59400339059894, 31.426300768], [120.59400339059894, 31.426481696]]]}}, {"type": "Feature", "properties": {"area_ha": 0.0, "mean": null}, "geometry": {"type": "Polygon", "coordinates": [[[120.51861217331312, 31.426391232], [120.51850687831691, 31.426300768], [120.51861217331312, 31.426300768], [120.51861217331312, 31.426391232]]]}}, {"type": "Feature", "properties": {"area_ha": 0.0, "mean": null}, "geometry": {"type": "Polygon", "coordinates": [[[120.58831746080364, 31.426391232], [120.58821216580743, 31.426300768], [120.58831746080364, 31.426300768], [120.58831746080364, 31.426391232]]]}}, {"type": "Feature", "properties": {"area_ha": 0.01, "mean": 0.0798}, "geometry": {"type": "Polygon", "coordinates": [[[120.5411453025019, 31.426481696], [120.54104000750569, 31.426210304], [120.5411453025019, 31.426210304], [120.5411453025019, 31.426481696]]]}}, {"type": "Feature", "properties": {"area_ha": 0.0, "mean": null}, "geometry": {"type": "Polygon", "coordinates": [[[120.51850687831691, 31.426300768], [120.5184015833207, 31.426210304], [120.51850687831691, 31.426210304], [120.51850687831691, 31.426300768]]]}}, {"type": "Feature", "properties": {"area_ha": 0.01, "mean": 0.0643}, "geometry": {"type": "Polygon", "coordinates": [[[120.58842275579985, 31.426300768], [120.58831746080364, 31.426119840000002], [120.58842275579985, 31.426119840000002], [120.58842275579985, 31.426300768]]]}}, {"type": "Feature", "properties": {"area_ha": 0.03, "mean": 0.0586}, "geometry": {"type": "Polygon", "coordinates": [[[120.58663274086429, 31.426300768], [120.58652744586809, 31.426029376], [120.5867380358605, 31.426029376], [120.58663274086429, 31.426300768]]]}}, {"type": "Feature", "properties": {"area_ha": 0.0, "mean": null}, "geometry": {"type": "Polygon", "coordinates": [[[120.58831746080364, 31.426119840000002], [120.58821216580743, 31.426029376], [120.58831746080364, 31.426029376], [120.58831746080364, 31.426119840000002]]]}}, {"type": "Feature", "properties": {"area_ha": 0.0, "mean": null}, "geometry": {"type": "Polygon", "coordinates": [[[120.59379280060652, 31.426119840000002], [120.59368750561032, 31.426029376], [120.59379280060652, 31.426029376], [120.59379280060652, 31.426119840000002]]]}}, {"type": "Feature", "properties": {"area_ha": 0.45, "mean": 0.0634}, "geometry": {"type": "Polygon", "coordinates": [[[120.58736980583775, 31.426753088], [120.58726451084155, 31.426029376], [120.5877909858226, 31.425938912], [120.58810687081123, 31.426481696], [120.58736980583775, 31.426753088]], [[120.58747510083397, 31.426210304], [120.58768569082639, 31.426300768], [120.58768569082639, 31.426210304], [120.58747510083397, 31.426210304]]]}}, {"type": "Feature", "properties": {"area_ha": 0.01, "mean": 0.0699}, "geometry": {"type": "Polygon", "coordinates": [[[120.5411453025019, 31.426119840000002], [120.54104000750569, 31.425938912], [120.5411453025019, 31.425938912], [120.5411453025019, 31.426119840000002]]]}}, {"type": "Feature", "properties": {"area_ha": 0.0, "mean": null}, "geometry": {"type": "Polygon", "coordinates": [[[120.53029991789235, 31.426029376], [120.53019462289613, 31.425938912], [120.53029991789235, 31.425938912], [120.53029991789235, 31.426029376]]]}}, {"type": "Feature", "properties": {"area_ha": 0.0, "mean": null}, "geometry": {"type": "Polygon", "coordinates": [[[120.5309316878696, 31.426029376], [120.5308263928734, 31.425938912], [120.5309316878696, 31.425938912], [120.5309316878696, 31.426029376]]]}}, {"type": "Feature", "properties": {"area_ha": 0.01, "mean": 0.0899}, "geometry": {"type": "Polygon", "coordinates": [[[120.54082941751327, 31.426119840000002], [120.54072412251706, 31.425848448], [120.54082941751327, 31.425848448], [120.54082941751327, 31.426119840000002]]]}}, {"type": "Feature", "properties": {"area_ha": 0.0, "mean": null}, "geometry": {"type": "Polygon", "coordinates": [[[120.53019462289613, 31.425938912], [120.53008932789993, 31.425848448], [120.53019462289613, 31.425848448], [120.53019462289613, 31.425938912]]]}}, {"type": "Feature", "properties": {"area_ha": 0.0, "mean": null}, "geometry": {"type": "Polygon", "coordinates": [[[120.52998403290371, 31.425848448], [120.52987873790751, 31.425757984], [120.52998403290371, 31.425757984], [120.52998403290371, 31.425848448]]]}}, {"type": "Feature", "properties": {"area_ha": 0.0, "mean": null}, "geometry": {"type": "Polygon", "coordinates": [[[120.53103698286581, 31.425848448], [120.5309316878696, 31.425757984], [120.53103698286581, 31.425757984], [120.53103698286581, 31.425848448]]]}}, {"type": "Feature", "properties": {"area_ha": 0.0, "mean": null}, "geometry": {"type": "Polygon", "coordinates": [[[120.53114227786202, 31.425757984], [120.53103698286581, 31.42566752], [120.53114227786202, 31.42566752], [120.53114227786202, 31.425757984]]]}}, {"type": "Feature", "properties": {"area_ha": 0.02, "mean": 0.0648}, "geometry": {"type": "Polygon", "coordinates": [[[120.5867380358605, 31.425848448], [120.58642215087188, 31.42566752], [120.5867380358605, 31.425757984], [120.5867380358605, 31.425848448]]]}}, {"type": "Feature", "properties": {"area_ha": 0.0, "mean": null}, "geometry": {"type": "Polygon", "coordinates": [[[120.59431927558757, 31.425757984], [120.59421398059136, 31.42566752], [120.59431927558757, 31.42566752], [120.59431927558757, 31.425757984]]]}}, {"type": "Feature", "properties": {"area_ha": 0.0, "mean": null}, "geometry": {"type": "Polygon", "coordinates": [[[120.53135286785444, 31.42566752], [120.53124757285823, 31.425577056], [120.53135286785444, 31.425577056], [120.53135286785444, 31.42566752]]]}}, {"type": "Feature", "properties": {"area_ha": 0.0, "mean": null}, "geometry": {"type": "Polygon", "coordinates": [[[120.59442457058378, 31.42566752], [120.59431927558757, 31.425577056], [120.59442457058378, 31.425577056], [120.59442457058378, 31.42566752]]]}}, {"type": "Feature", "properties": {"area_ha": 0.0, "mean": null}, "geometry": {"type": "Polygon", "coordinates": [[[120.53166875284306, 31.425486592], [120.53156345784686, 31.425396128], [120.53166875284306, 31.425396128], [120.53166875284306, 31.425486592]]]}}, {"type": "Feature", "properties": {"area_ha": 0.0, "mean": null}, "geometry": {"type": "Polygon", "coordinates": [[[120.53261640780894, 31.425305664], [120.53251111281274, 31.4252152], [120.53261640780894, 31.4252152], [120.53261640780894, 31.425305664]]]}}, {"type": "Feature", "properties": {"area_ha": 0.0, "mean": null}, "geometry": {"type": "Polygon", "coordinates": [[[120.53493289772555, 31.4252152], [120.53482760272935, 31.425124736], [120.53493289772555, 31.425124736], [120.53493289772555, 31.4252152]]]}}, {"type": "Feature", "properties": {"area_ha": 0.0, "mean": null}, "geometry": {"type": "Polygon", "coordinates": [[[120.54072412251706, 31.4252152], [120.54061882752086, 31.425124736], [120.54072412251706, 31.425124736], [120.54072412251706, 31.4252152]]]}}, {"type": "Feature", "properties": {"area_ha": 0.01, "mean": 0.1101}, "geometry": {"type": "Polygon", "coordinates": [[[120.54440944738438, 31.425124736], [120.54430415238818, 31.424943808000002], [120.54440944738438, 31.424943808000002], [120.54440944738438, 31.425124736]]]}}, {"type": "Feature", "properties": {"area_ha": 0.03, "mean": 0.0778}, "geometry": {"type": "Polygon", "coordinates": [[[120.58494802092494, 31.425124736], [120.58463213593632, 31.425124736], [120.58463213593632, 31.424943808000002], [120.58494802092494, 31.425124736]]]}}, {"type": "Feature", "properties": {"area_ha": 0.0, "mean": null}, "geometry": {"type": "Polygon", "coordinates": [[[120.54061882752086, 31.425034272], [120.54051353252464, 31.424943808000002], [120.54061882752086, 31.424943808000002], [120.54061882752086, 31.425034272]]]}}, {"type": "Feature", "properties": {"area_ha": 0.04, "mean": 0.0939}, "geometry": {"type": "Polygon", "coordinates": [[[120.5946351605762, 31.425486592], [120.59442457058378, 31.424853344], [120.59452986557999, 31.424853344], [120.5946351605762, 31.425486592]]]}}, {"type": "Feature", "properties": {"area_ha": 0.0, "mean": null}, "geometry": {"type": "Polygon", "coordinates": [[[120.5946351605762, 31.424853344], [120.59452986557999, 31.42476288], [120.5946351605762, 31.42476288], [120.5946351605762, 31.424853344]]]}}, {"type": "Feature", "properties": {"area_ha": 0.0, "mean": null}, "geometry": {"type": "Polygon", "coordinates": [[[120.54051353252464, 31.42476288], [120.54040823752844, 31.424672416], [120.54051353252464, 31.424672416], [120.54051353252464, 31.42476288]]]}}, {"type": "Feature", "properties": {"area_ha": 0.3, "mean": 0.1276}, "geometry": {"type": "Polygon", "coordinates": [[[120.53640702767248, 31.425124736], [120.53609114268386, 31.424491488], [120.53714409264595, 31.42476288], [120.53640702767248, 31.425124736]]]}}, {"type": "Feature", "properties": {"area_ha": 0.01, "mean": 0.0881}, "geometry": {"type": "Polygon", "coordinates": [[[120.5947404555724, 31.424672416], [120.5946351605762, 31.424491488], [120.5947404555724, 31.424491488], [120.5947404555724, 31.424672416]]]}}, {"type": "Feature", "properties": {"area_ha": 0.18, "mean": 0.0973}, "geometry": {"type": "Polygon", "coordinates": [[[120.59495104556483, 31.42566752], [120.59484575056861, 31.424581952], [120.59516163555725, 31.424491488], [120.59495104556483, 31.42566752]]]}}, {"type": "Feature", "properties": {"area_ha": 0.01, "mean": 0.1222}, "geometry": {"type": "Polygon", "coordinates": [[[120.53577525769524, 31.424581952], [120.53556466770281, 31.424491488], [120.53577525769524, 31.424491488], [120.53577525769524, 31.424581952]]]}}, {"type": "Feature", "properties": {"area_ha": 0.0, "mean": null}, "geometry": {"type": "Polygon", "coordinates": [[[120.5843162509477, 31.424581952], [120.58421095595148, 31.424491488], [120.5843162509477, 31.424491488], [120.5843162509477, 31.424581952]]]}}, {"type": "Feature", "properties": {"area_ha": 0.0, "mean": null}, "geometry": {"type": "Polygon", "coordinates": [[[120.54040823752844, 31.424491488], [120.54030294253222, 31.424401024], [120.54040823752844, 31.424401024], [120.54040823752844, 31.424491488]]]}}, {"type": "Feature", "properties": {"area_ha": 0.0, "mean": null}, "geometry": {"type": "Polygon", "coordinates": [[[120.5412505974981, 31.424491488], [120.5411453025019, 31.424401024], [120.5412505974981, 31.424401024], [120.5412505974981, 31.424491488]]]}}, {"type": "Feature", "properties": {"area_ha": 0.0, "mean": null}, "geometry": {"type": "Polygon", "coordinates": [[[120.59484575056861, 31.424491488], [120.5947404555724, 31.424401024], [120.59484575056861, 31.424401024], [120.59484575056861, 31.424491488]]]}}, {"type": "Feature", "properties": {"area_ha": 0.0, "mean": null}, "geometry": {"type": "Polygon", "coordinates": [[[120.5947404555724, 31.424401024], [120.5946351605762, 31.42431056], [120.5947404555724, 31.42431056], [120.5947404555724, 31.424401024]]]}}, {"type": "Feature", "properties": {"area_ha": 0.0, "mean": null}, "geometry": {"type": "Polygon", "coordinates": [[[120.59484575056861, 31.42431056], [120.5947404555724, 31.424220096], [120.59484575056861, 31.424220096], [120.59484575056861, 31.42431056]]]}}, {"type": "Feature", "properties": {"area_ha": 0.0, "mean": null}, "geometry": {"type": "Polygon", "coordinates": [[[120.59505634056103, 31.42431056], [120.59495104556483, 31.424220096], [120.59505634056103, 31.424220096], [120.59505634056103, 31.42431056]]]}}, {"type": "Feature", "properties": {"area_ha": 0.0, "mean": null}, "geometry": {"type": "Polygon", "coordinates": [[[120.54146118749053, 31.424129632], [120.54135589249432, 31.424039168], [120.54146118749053, 31.424039168], [120.54146118749053, 31.424129632]]]}}, {"type": "Feature", "properties": {"area_ha": 0.0, "mean": null}, "geometry": {"type": "Polygon", "coordinates": [[[120.54156648248674, 31.424039168], [120.54146118749053, 31.423948704], [120.54156648248674, 31.423948704], [120.54156648248674, 31.424039168]]]}}, {"type": "Feature", "properties": {"area_ha": 0.0, "mean": null}, "geometry": {"type": "Polygon", "coordinates": [[[120.58452684094011, 31.424039168], [120.5844215459439, 31.423948704], [120.58452684094011, 31.423948704], [120.58452684094011, 31.424039168]]]}}, {"type": "Feature", "properties": {"area_ha": 0.01, "mean": 0.0905}, "geometry": {"type": "Polygon", "coordinates": [[[120.54040823752844, 31.424129632], [120.54030294253222, 31.42385824], [120.54040823752844, 31.42385824], [120.54040823752844, 31.424129632]]]}}, {"type": "Feature", "properties": {"area_ha": 0.04, "mean": 0.0618}, "geometry": {"type": "Polygon", "coordinates": [[[120.58484272592874, 31.423586848], [120.5844215459439, 31.423677312], [120.58452684094011, 31.423496384], [120.58484272592874, 31.423586848]]]}}, {"type": "Feature", "properties": {"area_ha": 0.03, "mean": 0.1062}, "geometry": {"type": "Polygon", "coordinates": [[[120.54040823752844, 31.423586848], [120.54030294253222, 31.423044064], [120.54040823752844, 31.423044064], [120.54040823752844, 31.423586848]]]}}, {"type": "Feature", "properties": {"area_ha": 0.04, "mean": 0.1303}, "geometry": {"type": "Polygon", "coordinates": [[[120.54283002244125, 31.423496384], [120.54261943244883, 31.422772672], [120.54272472744503, 31.422772672], [120.54283002244125, 31.423496384]]]}}, {"type": "Feature", "properties": {"area_ha": 0.0, "mean": null}, "geometry": {"type": "Polygon", "coordinates": [[[120.54051353252464, 31.422772672], [120.54040823752844, 31.422682208], [120.54051353252464, 31.422682208], [120.54051353252464, 31.422772672]]]}}, {"type": "Feature", "properties": {"area_ha": 0.0, "mean": null}, "geometry": {"type": "Polygon", "coordinates": [[[120.54283002244125, 31.422682208], [120.54272472744503, 31.422591744], [120.54283002244125, 31.422591744], [120.54283002244125, 31.422682208]]]}}, {"type": "Feature", "properties": {"area_ha": 0.01, "mean": 0.1905}, "geometry": {"type": "Polygon", "coordinates": [[[120.54061882752086, 31.422682208], [120.54051353252464, 31.42250128], [120.54061882752086, 31.42250128], [120.54061882752086, 31.422682208]]]}}, {"type": "Feature", "properties": {"area_ha": 0.0, "mean": null}, "geometry": {"type": "Polygon", "coordinates": [[[120.51766451834723, 31.422591744], [120.51755922335103, 31.42250128], [120.51766451834723, 31.42250128], [120.51766451834723, 31.422591744]]]}}, {"type": "Feature", "properties": {"area_ha": 0.0, "mean": null}, "geometry": {"type": "Polygon", "coordinates": [[[120.54293531743745, 31.42250128], [120.54283002244125, 31.422410816], [120.54293531743745, 31.422410816], [120.54293531743745, 31.42250128]]]}}, {"type": "Feature", "properties": {"area_ha": 0.01, "mean": 0.1314}, "geometry": {"type": "Polygon", "coordinates": [[[120.54072412251706, 31.42250128], [120.54061882752086, 31.422320352], [120.54072412251706, 31.422320352], [120.54072412251706, 31.42250128]]]}}, {"type": "Feature", "properties": {"area_ha": 0.0, "mean": null}, "geometry": {"type": "Polygon", "coordinates": [[[120.54304061243367, 31.422410816], [120.54293531743745, 31.422320352], [120.54304061243367, 31.422320352], [120.54304061243367, 31.422410816]]]}}, {"type": "Feature", "properties": {"area_ha": 0.01, "mean": 0.1494}, "geometry": {"type": "Polygon", "coordinates": [[[120.54082941751327, 31.422320352], [120.54072412251706, 31.422139424], [120.54082941751327, 31.422139424], [120.54082941751327, 31.422320352]]]}}, {"type": "Feature", "properties": {"area_ha": 0.01, "mean": 0.1381}, "geometry": {"type": "Polygon", "coordinates": [[[120.58600097088704, 31.422229888], [120.58589567589082, 31.421958496000002], [120.58600097088704, 31.421958496000002], [120.58600097088704, 31.422229888]]]}}, {"type": "Feature", "properties": {"area_ha": 0.02, "mean": 0.0631}, "geometry": {"type": "Polygon", "coordinates": [[[120.56146723677028, 31.422139424], [120.56125664677786, 31.42204896], [120.56146723677028, 31.421958496000002], [120.56146723677028, 31.422139424]]]}}, {"type": "Feature", "properties": {"area_ha": 0.03, "mean": 0.0691}, "geometry": {"type": "Polygon", "coordinates": [[[120.5844215459439, 31.422229888], [120.58410566095527, 31.421958496000002], [120.58452684094011, 31.42204896], [120.5844215459439, 31.422229888]]]}}, {"type": "Feature", "properties": {"area_ha": 0.01, "mean": 0.1316}, "geometry": {"type": "Polygon", "coordinates": [[[120.54093471250948, 31.42204896], [120.54082941751327, 31.421868032], [120.54093471250948, 31.421868032], [120.54093471250948, 31.42204896]]]}}, {"type": "Feature", "properties": {"area_ha": 0.0, "mean": null}, "geometry": {"type": "Polygon", "coordinates": [[[120.58473743093253, 31.421868032], [120.58463213593632, 31.421777568], [120.58473743093253, 31.421777568], [120.58473743093253, 31.421868032]]]}}, {"type": "Feature", "properties": {"area_ha": 0.0, "mean": null}, "geometry": {"type": "Polygon", "coordinates": [[[120.54104000750569, 31.421777568], [120.54093471250948, 31.421687104], [120.54104000750569, 31.421687104], [120.54104000750569, 31.421777568]]]}}, {"type": "Feature", "properties": {"area_ha": 0.0, "mean": null}, "geometry": {"type": "Polygon", "coordinates": [[[120.58579038089462, 31.421687104], [120.58568508589842, 31.42159664], [120.58579038089462, 31.42159664], [120.58579038089462, 31.421687104]]]}}, {"type": "Feature", "properties": {"area_ha": 1.35, "mean": 0.1046}, "geometry": {"type": "Polygon", "coordinates": [[[120.5844215459439, 31.423134528000002], [120.58400036595907, 31.422591744], [120.5855797909022, 31.421325248], [120.58579038089462, 31.421958496000002], [120.5844215459439, 31.423134528000002]], [[120.5843162509477, 31.42250128], [120.5844215459439, 31.422772672], [120.58452684094011, 31.42250128], [120.5843162509477, 31.42250128]], [[120.58484272592874, 31.422139424], [120.58494802092494, 31.422229888], [120.58494802092494, 31.422139424], [120.58484272592874, 31.422139424]]]}}, {"type": "Feature", "properties": {"area_ha": 0.02, "mean": 0.102}, "geometry": {"type": "Polygon", "coordinates": [[[120.58705392084913, 31.42159664], [120.58684333085671, 31.421234784], [120.58694862585293, 31.421234784], [120.58705392084913, 31.42159664]]]}}, {"type": "Feature", "properties": {"area_ha": 0.01, "mean": 0.0814}, "geometry": {"type": "Polygon", "coordinates": [[[120.5411453025019, 31.421415712], [120.54104000750569, 31.42114432], [120.5411453025019, 31.42114432], [120.5411453025019, 31.421415712]]]}}, {"type": "Feature", "properties": {"area_ha": 0.03, "mean": 0.0838}, "geometry": {"type": "Polygon", "coordinates": [[[120.58579038089462, 31.421325248], [120.58568508589842, 31.421053856], [120.58589567589082, 31.421053856], [120.58579038089462, 31.421325248]]]}}, {"type": "Feature", "properties": {"area_ha": 0.0, "mean": null}, "geometry": {"type": "Polygon", "coordinates": [[[120.58663274086429, 31.42114432], [120.58652744586809, 31.421053856], [120.58663274086429, 31.421053856], [120.58663274086429, 31.42114432]]]}}, {"type": "Feature", "properties": {"area_ha": 0.06, "mean": 0.0837}, "geometry": {"type": "Polygon", "coordinates": [[[120.58652744586809, 31.420963392], [120.58589567589082, 31.421053856], [120.58589567589082, 31.420872928], [120.58652744586809, 31.420963392]]]}}, {"type": "Feature", "properties": {"area_ha": 0.01, "mean": 0.1019}, "geometry": {"type": "Polygon", "coordinates": [[[120.5412505974981, 31.420872928], [120.5411453025019, 31.420692], [120.5412505974981, 31.420692], [120.5412505974981, 31.420872928]]]}}, {"type": "Feature", "properties": {"area_ha": 0.0, "mean": null}, "geometry": {"type": "Polygon", "coordinates": [[[120.58663274086429, 31.420692], [120.58652744586809, 31.420601536], [120.58663274086429, 31.420601536], [120.58663274086429, 31.420692]]]}}, {"type": "Feature", "properties": {"area_ha": 0.01, "mean": 0.1358}, "geometry": {"type": "Polygon", "coordinates": [[[120.5411453025019, 31.42023968], [120.54104000750569, 31.420058752], [120.5411453025019, 31.420058752], [120.5411453025019, 31.42023968]]]}}, {"type": "Feature", "properties": {"area_ha": 0.0, "mean": null}, "geometry": {"type": "Polygon", "coordinates": [[[120.54104000750569, 31.419968288], [120.54093471250948, 31.419877824], [120.54104000750569, 31.419877824], [120.54104000750569, 31.419968288]]]}}, {"type": "Feature", "properties": {"area_ha": 0.0, "mean": null}, "geometry": {"type": "Polygon", "coordinates": [[[120.51692745337377, 31.41933504], [120.51682215837756, 31.419244576], [120.51692745337377, 31.419244576], [120.51692745337377, 31.41933504]]]}}, {"type": "Feature", "properties": {"area_ha": 0.0, "mean": null}, "geometry": {"type": "Polygon", "coordinates": [[[120.5398817625474, 31.417435296], [120.53977646755118, 31.417344832], [120.5398817625474, 31.417344832], [120.5398817625474, 31.417435296]]]}}, {"type": "Feature", "properties": {"area_ha": 0.1, "mean": 0.0831}, "geometry": {"type": "Polygon", "coordinates": [[[120.56083546679302, 31.417887616], [120.56094076178924, 31.417254368000002], [120.56125664677786, 31.417254368000002], [120.56083546679302, 31.417887616]]]}}, {"type": "Feature", "properties": {"area_ha": 0.0, "mean": null}, "geometry": {"type": "Polygon", "coordinates": [[[120.53977646755118, 31.417344832], [120.53967117255497, 31.417254368000002], [120.53977646755118, 31.417254368000002], [120.53977646755118, 31.417344832]]]}}, {"type": "Feature", "properties": {"area_ha": 0.0, "mean": null}, "geometry": {"type": "Polygon", "coordinates": [[[120.53809174761183, 31.417254368000002], [120.53798645261563, 31.417163904], [120.53809174761183, 31.417163904], [120.53809174761183, 31.417254368000002]]]}}, {"type": "Feature", "properties": {"area_ha": 0.0, "mean": null}, "geometry": {"type": "Polygon", "coordinates": [[[120.55999310682336, 31.416530656], [120.55978251683094, 31.416349728], [120.55999310682336, 31.416440192], [120.55999310682336, 31.416530656]]]}}, {"type": "Feature", "properties": {"area_ha": 0.0, "mean": null}, "geometry": {"type": "Polygon", "coordinates": [[[120.56030899181198, 31.416440192], [120.56020369681578, 31.416349728], [120.56030899181198, 31.416349728], [120.56030899181198, 31.416440192]]]}}, {"type": "Feature", "properties": {"area_ha": 0.0, "mean": null}, "geometry": {"type": "Polygon", "coordinates": [[[120.55999310682336, 31.416349728], [120.55988781182715, 31.416259264], [120.55999310682336, 31.416259264], [120.55999310682336, 31.416349728]]]}}, {"type": "Feature", "properties": {"area_ha": 0.0, "mean": null}, "geometry": {"type": "Polygon", "coordinates": [[[120.56020369681578, 31.4161688], [120.56009840181956, 31.416078336], [120.56020369681578, 31.416078336], [120.56020369681578, 31.4161688]]]}}, {"type": "Feature", "properties": {"area_ha": 0.0, "mean": null}, "geometry": {"type": "Polygon", "coordinates": [[[120.52640400303261, 31.415987872], [120.52629870803639, 31.415897408], [120.52640400303261, 31.415897408], [120.52640400303261, 31.415987872]]]}}, {"type": "Feature", "properties": {"area_ha": 0.39, "mean": 0.071}, "geometry": {"type": "Polygon", "coordinates": [[[120.56094076178924, 31.417163904], [120.56030899181198, 31.415987872], [120.56083546679302, 31.415806944], [120.56094076178924, 31.417163904]], [[120.5605195818044, 31.416078336], [120.56062487680062, 31.4161688], [120.56062487680062, 31.416078336], [120.5605195818044, 31.416078336]]]}}, {"type": "Feature", "properties": {"area_ha": 0.0, "mean": null}, "geometry": {"type": "Polygon", "coordinates": [[[120.52650929802881, 31.415897408], [120.52640400303261, 31.415806944], [120.52650929802881, 31.415806944], [120.52650929802881, 31.415897408]]]}}, {"type": "Feature", "properties": {"area_ha": 0.0, "mean": null}, "geometry": {"type": "Polygon", "coordinates": [[[120.55915074685367, 31.415806944], [120.55904545185747, 31.41571648], [120.55915074685367, 31.41571648], [120.55915074685367, 31.415806944]]]}}, {"type": "Feature", "properties": {"area_ha": 0.0, "mean": null}, "geometry": {"type": "Polygon", "coordinates": [[[120.56094076178924, 31.415806944], [120.56083546679302, 31.41571648], [120.56094076178924, 31.41571648], [120.56094076178924, 31.415806944]]]}}, {"type": "Feature", "properties": {"area_ha": 0.01, "mean": 0.0839}, "geometry": {"type": "Polygon", "coordinates": [[[120.55830838688401, 31.41571648], [120.55799250189538, 31.415626016], [120.55830838688401, 31.415626016], [120.55830838688401, 31.41571648]]]}}, {"type": "Feature", "properties": {"area_ha": 0.02, "mean": 0.1026}, "geometry": {"type": "Polygon", "coordinates": [[[120.52608811804397, 31.41571648], [120.52577223305535, 31.415626016], [120.52608811804397, 31.415535552], [120.52608811804397, 31.41571648]]]}}, {"type": "Feature", "properties": {"area_ha": 0.0, "mean": null}, "geometry": {"type": "Polygon", "coordinates": [[[120.55988781182715, 31.415626016], [120.55978251683094, 31.415535552], [120.55988781182715, 31.415535552], [120.55988781182715, 31.415626016]]]}}, {"type": "Feature", "properties": {"area_ha": 0.01, "mean": 0.1217}, "geometry": {"type": "Polygon", "coordinates": [[[120.52650929802881, 31.41571648], [120.52640400303261, 31.415445088000002], [120.52650929802881, 31.415445088000002], [120.52650929802881, 31.41571648]]]}}, {"type": "Feature", "properties": {"area_ha": 0.0, "mean": null}, "geometry": {"type": "Polygon", "coordinates": [[[120.56020369681578, 31.415535552], [120.56009840181956, 31.415445088000002], [120.56020369681578, 31.415445088000002], [120.56020369681578, 31.415535552]]]}}, {"type": "Feature", "properties": {"area_ha": 0.0, "mean": null}, "geometry": {"type": "Polygon", "coordinates": [[[120.56030899181198, 31.415445088000002], [120.56020369681578, 31.415354624], [120.56030899181198, 31.415354624], [120.56030899181198, 31.415445088000002]]]}}, {"type": "Feature", "properties": {"area_ha": 0.01, "mean": 0.1005}, "geometry": {"type": "Polygon", "coordinates": [[[120.52619341304019, 31.415535552], [120.52608811804397, 31.41526416], [120.52619341304019, 31.41526416], [120.52619341304019, 31.415535552]]]}}, {"type": "Feature", "properties": {"area_ha": 0.0, "mean": null}, "geometry": {"type": "Polygon", "coordinates": [[[120.5605195818044, 31.415354624], [120.5604142868082, 31.41526416], [120.5605195818044, 31.41526416], [120.5605195818044, 31.415354624]]]}}, {"type": "Feature", "properties": {"area_ha": 0.01, "mean": 0.1045}, "geometry": {"type": "Polygon", "coordinates": [[[120.52640400303261, 31.415354624], [120.52629870803639, 31.415083232], [120.52640400303261, 31.415083232], [120.52640400303261, 31.415354624]]]}}, {"type": "Feature", "properties": {"area_ha": 0.0, "mean": null}, "geometry": {"type": "Polygon", "coordinates": [[[120.51513743843822, 31.41345488], [120.515032143442, 31.413364416], [120.51513743843822, 31.413364416], [120.51513743843822, 31.41345488]]]}}, {"type": "Feature", "properties": {"area_ha": 0.0, "mean": null}, "geometry": {"type": "Polygon", "coordinates": [[[120.52671988802123, 31.413183488], [120.52661459302503, 31.413093024000002], [120.52671988802123, 31.413093024000002], [120.52671988802123, 31.413183488]]]}}, {"type": "Feature", "properties": {"area_ha": 0.0, "mean": null}, "geometry": {"type": "Polygon", "coordinates": [[[120.52650929802881, 31.413093024000002], [120.52640400303261, 31.41300256], [120.52650929802881, 31.41300256], [120.52650929802881, 31.413093024000002]]]}}, {"type": "Feature", "properties": {"area_ha": 0.0, "mean": null}, "geometry": {"type": "Polygon", "coordinates": [[[120.52640400303261, 31.41300256], [120.52629870803639, 31.412912096], [120.52640400303261, 31.412912096], [120.52640400303261, 31.41300256]]]}}, {"type": "Feature", "properties": {"area_ha": 0.0, "mean": null}, "geometry": {"type": "Polygon", "coordinates": [[[120.52461398809704, 31.412640704], [120.52450869310084, 31.41255024], [120.52461398809704, 31.41255024], [120.52461398809704, 31.412640704]]]}}, {"type": "Feature", "properties": {"area_ha": 0.0, "mean": null}, "geometry": {"type": "Polygon", "coordinates": [[[120.52598282304777, 31.41255024], [120.52587752805155, 31.412459776], [120.52598282304777, 31.412459776], [120.52598282304777, 31.41255024]]]}}, {"type": "Feature", "properties": {"area_ha": 0.0, "mean": null}, "geometry": {"type": "Polygon", "coordinates": [[[120.52587752805155, 31.412459776], [120.52577223305535, 31.412369312], [120.52587752805155, 31.412369312], [120.52587752805155, 31.412459776]]]}}, {"type": "Feature", "properties": {"area_ha": 0.0, "mean": null}, "geometry": {"type": "Polygon", "coordinates": [[[120.52198161319181, 31.41028864], [120.52187631819561, 31.410198176], [120.52198161319181, 31.410198176], [120.52198161319181, 31.41028864]]]}}, {"type": "Feature", "properties": {"area_ha": 0.0, "mean": null}, "geometry": {"type": "Polygon", "coordinates": [[[120.52187631819561, 31.410017248], [120.52177102319939, 31.409926784], [120.52187631819561, 31.409926784], [120.52187631819561, 31.410017248]]]}}, {"type": "Feature", "properties": {"area_ha": 0.0, "mean": null}, "geometry": {"type": "Polygon", "coordinates": [[[120.51366330849129, 31.40621776], [120.51355801349507, 31.406127296], [120.51366330849129, 31.406127296], [120.51366330849129, 31.40621776]]]}}, {"type": "Feature", "properties": {"area_ha": 0.0, "mean": null}, "geometry": {"type": "Polygon", "coordinates": [[[120.51355801349507, 31.406127296], [120.51345271849887, 31.406036832], [120.51355801349507, 31.406036832], [120.51355801349507, 31.406127296]]]}}, {"type": "Feature", "properties": {"area_ha": 0.01, "mean": 0.0809}, "geometry": {"type": "Polygon", "coordinates": [[[120.51197858855194, 31.405222656], [120.51187329355572, 31.405041728], [120.51197858855194, 31.405041728], [120.51197858855194, 31.405222656]]]}}]}