{"type": "FeatureCollection", "features": [{"type": "Feature", "properties": {"area_ha": 0.0, "mean": null}, "geometry": {"type": "Polygon", "coordinates": [[[120.55536012699015, 31.475603648], [120.55525483199393, 31.475513184], [120.55536012699015, 31.475513184], [120.55536012699015, 31.475603648]]]}}, {"type": "Feature", "properties": {"area_ha": 0.0, "mean": null}, "geometry": {"type": "Polygon", "coordinates": [[[120.54304061243367, 31.475332256], [120.54293531743745, 31.475241792000002], [120.54304061243367, 31.475241792000002], [120.54304061243367, 31.475332256]]]}}, {"type": "Feature", "properties": {"area_ha": 0.0, "mean": null}, "geometry": {"type": "Polygon", "coordinates": [[[120.54293531743745, 31.475241792000002], [120.54283002244125, 31.475151328], [120.54293531743745, 31.475151328], [120.54293531743745, 31.475241792000002]]]}}, {"type": "Feature", "properties": {"area_ha": 0.0, "mean": null}, "geometry": {"type": "Polygon", "coordinates": [[[120.54283002244125, 31.475151328], [120.54272472744503, 31.475060864], [120.54283002244125, 31.475060864], [120.54283002244125, 31.475151328]]]}}, {"type": "Feature", "properties": {"area_ha": 0.0, "mean": null}, "geometry": {"type": "Polygon", "coordinates": [[[120.54272472744503, 31.475060864], [120.54261943244883, 31.4749704], [120.54272472744503, 31.4749704], [120.54272472744503, 31.475060864]]]}}, {"type": "Feature", "properties": {"area_ha": 0.0, "mean": null}, "geometry": {"type": "Polygon", "coordinates": [[[120.54261943244883, 31.4749704], [120.54251413745261, 31.474879936], [120.54261943244883, 31.474879936], [120.54261943244883, 31.4749704]]]}}, {"type": "Feature", "properties": {"area_ha": 0.0, "mean": null}, "geometry": {"type": "Polygon", "coordinates": [[[120.54219825246399, 31.474699008], [120.54209295746779, 31.474608544000002], [120.54219825246399, 31.474608544000002], [120.54219825246399, 31.474699008]]]}}, {"type": "Feature", "properties": {"area_ha": 0.0, "mean": null}, "geometry": {"type": "Polygon", "coordinates": [[[120.54061882752086, 31.474608544000002], [120.54051353252464, 31.47451808], [120.54061882752086, 31.47451808], [120.54061882752086, 31.474608544000002]]]}}, {"type": "Feature", "properties": {"area_ha": 0.0, "mean": null}, "geometry": {"type": "Polygon", "coordinates": [[[120.54209295746779, 31.474608544000002], [120.54198766247157, 31.47451808], [120.54209295746779, 31.47451808], [120.54209295746779, 31.474608544000002]]]}}, {"type": "Feature", "properties": {"area_ha": 0.0, "mean": null}, "geometry": {"type": "Polygon", "coordinates": [[[120.54188236747537, 31.474427616], [120.54177707247915, 31.474337152], [120.54188236747537, 31.474337152], [120.54188236747537, 31.474427616]]]}}, {"type": "Feature", "properties": {"area_ha": 0.0, "mean": null}, "geometry": {"type": "Polygon", "coordinates": [[[120.5398817625474, 31.474156224], [120.53977646755118, 31.474065760000002], [120.5398817625474, 31.474065760000002], [120.5398817625474, 31.474156224]]]}}, {"type": "Feature", "properties": {"area_ha": 0.0, "mean": null}, "geometry": {"type": "Polygon", "coordinates": [[[120.53946058256255, 31.473703904], [120.53935528756634, 31.47361344], [120.53946058256255, 31.47361344], [120.53946058256255, 31.473703904]]]}}, {"type": "Feature", "properties": {"area_ha": 0.0, "mean": null}, "geometry": {"type": "Polygon", "coordinates": [[[120.53924999257013, 31.472980192], [120.53914469757392, 31.472889728000002], [120.53924999257013, 31.472889728000002], [120.53924999257013, 31.472980192]]]}}, {"type": "Feature", "properties": {"area_ha": 0.03, "mean": 0.2973}, "geometry": {"type": "Polygon", "coordinates": [[[120.5775773711903, 31.473070656], [120.57726148620168, 31.472799264000002], [120.5776826661865, 31.472889728000002], [120.5775773711903, 31.473070656]]]}}, {"type": "Feature", "properties": {"area_ha": 0.0, "mean": null}, "geometry": {"type": "Polygon", "coordinates": [[[120.58084151607278, 31.472799264000002], [120.58073622107658, 31.4727088], [120.58084151607278, 31.4727088], [120.58084151607278, 31.472799264000002]]]}}, {"type": "Feature", "properties": {"area_ha": 0.0, "mean": null}, "geometry": {"type": "Polygon", "coordinates": [[[120.57747207619408, 31.4727088], [120.57736678119788, 31.472618336], [120.57747207619408, 31.472618336], [120.57747207619408, 31.4727088]]]}}, {"type": "Feature", "properties": {"area_ha": 0.0, "mean": null}, "geometry": {"type": "Polygon", "coordinates": [[[120.5810521060652, 31.4727088], [120.580946811069, 31.472618336], [120.5810521060652, 31.472618336], [120.5810521060652, 31.4727088]]]}}, {"type": "Feature", "properties": {"area_ha": 0.0, "mean": null}, "geometry": {"type": "Polygon", "coordinates": [[[120.5775773711903, 31.472618336], [120.57747207619408, 31.472527872], [120.5775773711903, 31.472527872], [120.5775773711903, 31.472618336]]]}}, {"type": "Feature", "properties": {"area_ha": 0.0, "mean": null}, "geometry": {"type": "Polygon", "coordinates": [[[120.5776826661865, 31.472527872], [120.5775773711903, 31.472437408], [120.5776826661865, 31.472437408], [120.5776826661865, 31.472527872]]]}}, {"type": "Feature", "properties": {"area_ha": 0.0, "mean": null}, "geometry": {"type": "Polygon", "coordinates": [[[120.57799855117514, 31.472346944], [120.57789325617892, 31.472256480000002], [120.57799855117514, 31.472256480000002], [120.57799855117514, 31.472346944]]]}}, {"type": "Feature", "properties": {"area_ha": 0.02, "mean": 0.3451}, "geometry": {"type": "Polygon", "coordinates": [[[120.54040823752844, 31.472527872], [120.54030294253222, 31.472166016], [120.54040823752844, 31.472166016], [120.54040823752844, 31.472527872]]]}}, {"type": "Feature", "properties": {"area_ha": 0.0, "mean": null}, "geometry": {"type": "Polygon", "coordinates": [[[120.54030294253222, 31.472166016], [120.54019764753602, 31.472075552], [120.54030294253222, 31.472075552], [120.54030294253222, 31.472166016]]]}}, {"type": "Feature", "properties": {"area_ha": 0.0, "mean": null}, "geometry": {"type": "Polygon", "coordinates": [[[120.54019764753602, 31.472075552], [120.5400923525398, 31.471985088], [120.54019764753602, 31.471985088], [120.54019764753602, 31.472075552]]]}}, {"type": "Feature", "properties": {"area_ha": 0.0, "mean": null}, "geometry": {"type": "Polygon", "coordinates": [[[120.5400923525398, 31.471985088], [120.5399870575436, 31.471894624], [120.5400923525398, 31.471894624], [120.5400923525398, 31.471985088]]]}}, {"type": "Feature", "properties": {"area_ha": 0.0, "mean": null}, "geometry": {"type": "Polygon", "coordinates": [[[120.5399870575436, 31.471894624], [120.5398817625474, 31.47180416], [120.5399870575436, 31.47180416], [120.5399870575436, 31.471894624]]]}}, {"type": "Feature", "properties": {"area_ha": 0.0, "mean": null}, "geometry": {"type": "Polygon", "coordinates": [[[120.5398817625474, 31.47180416], [120.53977646755118, 31.471713696000002], [120.5398817625474, 31.471713696000002], [120.5398817625474, 31.47180416]]]}}, {"type": "Feature", "properties": {"area_ha": 0.0, "mean": null}, "geometry": {"type": "Polygon", "coordinates": [[[120.53977646755118, 31.471713696000002], [120.53967117255497, 31.471623232000002], [120.53977646755118, 31.471623232000002], [120.53977646755118, 31.471713696000002]]]}}, {"type": "Feature", "properties": {"area_ha": 0.0, "mean": null}, "geometry": {"type": "Polygon", "coordinates": [[[120.53967117255497, 31.471623232000002], [120.53956587755876, 31.471532768], [120.53967117255497, 31.471532768], [120.53967117255497, 31.471623232000002]]]}}, {"type": "Feature", "properties": {"area_ha": 0.0, "mean": null}, "geometry": {"type": "Polygon", "coordinates": [[[120.54082941751327, 31.471623232000002], [120.54072412251706, 31.471532768], [120.54082941751327, 31.471532768], [120.54082941751327, 31.471623232000002]]]}}, {"type": "Feature", "properties": {"area_ha": 0.0, "mean": null}, "geometry": {"type": "Polygon", "coordinates": [[[120.53956587755876, 31.471532768], [120.53946058256255, 31.471442304], [120.53956587755876, 31.471442304], [120.53956587755876, 31.471532768]]]}}, {"type": "Feature", "properties": {"area_ha": 0.0, "mean": null}, "geometry": {"type": "Polygon", "coordinates": [[[120.53946058256255, 31.471442304], [120.53935528756634, 31.47135184], [120.53946058256255, 31.47135184], [120.53946058256255, 31.471442304]]]}}, {"type": "Feature", "properties": {"area_ha": 0.01, "mean": 0.3443}, "geometry": {"type": "Polygon", "coordinates": [[[120.58336859598181, 31.471442304], [120.58305271099319, 31.47135184], [120.58336859598181, 31.47135184], [120.58336859598181, 31.471442304]]]}}, {"type": "Feature", "properties": {"area_ha": 0.0, "mean": null}, "geometry": {"type": "Polygon", "coordinates": [[[120.5353540777104, 31.471442304], [120.53514348771797, 31.471261376], [120.5353540777104, 31.47135184], [120.5353540777104, 31.471442304]]]}}, {"type": "Feature", "properties": {"area_ha": 0.06, "mean": 0.3633}, "geometry": {"type": "Polygon", "coordinates": [[[120.5822103510235, 31.47135184], [120.580946811069, 31.47135184], [120.58305271099319, 31.471261376], [120.5822103510235, 31.47135184]]]}}, {"type": "Feature", "properties": {"area_ha": 0.0, "mean": null}, "geometry": {"type": "Polygon", "coordinates": [[[120.53935528756634, 31.47135184], [120.53924999257013, 31.471261376], [120.53935528756634, 31.471261376], [120.53935528756634, 31.47135184]]]}}, {"type": "Feature", "properties": {"area_ha": 0.02, "mean": 0.3074}, "geometry": {"type": "Polygon", "coordinates": [[[120.580946811069, 31.47135184], [120.58052563108416, 31.471261376], [120.580946811069, 31.471261376], [120.580946811069, 31.47135184]]]}}, {"type": "Feature", "properties": {"area_ha": 0.0, "mean": null}, "geometry": {"type": "Polygon", "coordinates": [[[120.5365123226687, 31.47135184], [120.53630173267628, 31.471170912], [120.5365123226687, 31.471261376], [120.5365123226687, 31.47135184]]]}}, {"type": "Feature", "properties": {"area_ha": 0.02, "mean": 0.1554}, "geometry": {"type": "Polygon", "coordinates": [[[120.53503819272176, 31.471261376], [120.53461701273693, 31.471170912], [120.53503819272176, 31.471170912], [120.53503819272176, 31.471261376]]]}}, {"type": "Feature", "properties": {"area_ha": 0.0, "mean": null}, "geometry": {"type": "Polygon", "coordinates": [[[120.53924999257013, 31.471261376], [120.53914469757392, 31.471170912], [120.53924999257013, 31.471170912], [120.53924999257013, 31.471261376]]]}}, {"type": "Feature", "properties": {"area_ha": 0.01, "mean": 0.3461}, "geometry": {"type": "Polygon", "coordinates": [[[120.53914469757392, 31.471170912], [120.53893410758151, 31.471080448000002], [120.53914469757392, 31.471080448000002], [120.53914469757392, 31.471170912]]]}}, {"type": "Feature", "properties": {"area_ha": 0.01, "mean": 0.1102}, "geometry": {"type": "Polygon", "coordinates": [[[120.53356406277483, 31.471170912], [120.53345876777863, 31.470989984], [120.53356406277483, 31.470989984], [120.53356406277483, 31.471170912]]]}}, {"type": "Feature", "properties": {"area_ha": 0.01, "mean": 0.2523}, "geometry": {"type": "Polygon", "coordinates": [[[120.5388288125853, 31.471080448000002], [120.53851292759667, 31.470989984], [120.5388288125853, 31.470989984], [120.5388288125853, 31.471080448000002]]]}}, {"type": "Feature", "properties": {"area_ha": 0.0, "mean": null}, "geometry": {"type": "Polygon", "coordinates": [[[120.53809174761183, 31.470989984], [120.53798645261563, 31.47089952], [120.53809174761183, 31.47089952], [120.53809174761183, 31.470989984]]]}}, {"type": "Feature", "properties": {"area_ha": 0.0, "mean": null}, "geometry": {"type": "Polygon", "coordinates": [[[120.53503819272176, 31.47089952], [120.53493289772555, 31.470809056], [120.53503819272176, 31.470809056], [120.53503819272176, 31.47089952]]]}}, {"type": "Feature", "properties": {"area_ha": 0.01, "mean": 0.3733}, "geometry": {"type": "Polygon", "coordinates": [[[120.5377758626232, 31.47089952], [120.53756527263079, 31.470809056], [120.5377758626232, 31.470809056], [120.5377758626232, 31.47089952]]]}}, {"type": "Feature", "properties": {"area_ha": 0.01, "mean": 0.3222}, "geometry": {"type": "Polygon", "coordinates": [[[120.53745997763457, 31.470809056], [120.53714409264595, 31.470718592], [120.53745997763457, 31.470718592], [120.53745997763457, 31.470809056]]]}}, {"type": "Feature", "properties": {"area_ha": 0.04, "mean": 0.1644}, "geometry": {"type": "Polygon", "coordinates": [[[120.53482760272935, 31.47089952], [120.53461701273693, 31.470628128], [120.53493289772555, 31.470718592], [120.53482760272935, 31.47089952]]]}}, {"type": "Feature", "properties": {"area_ha": 0.08, "mean": 0.1707}, "geometry": {"type": "Polygon", "coordinates": [[[120.53440642274451, 31.470447200000002], [120.53398524275967, 31.47089952], [120.53387994776347, 31.470628128], [120.53440642274451, 31.470447200000002]]]}}, {"type": "Feature", "properties": {"area_ha": 0.0, "mean": null}, "geometry": {"type": "Polygon", "coordinates": [[[120.53419583275209, 31.470175808], [120.53409053775589, 31.470085344], [120.53419583275209, 31.470085344], [120.53419583275209, 31.470175808]]]}}, {"type": "Feature", "properties": {"area_ha": 0.01, "mean": 0.3806}, "geometry": {"type": "Polygon", "coordinates": [[[120.53387994776347, 31.470085344], [120.53356406277483, 31.46999488], [120.53387994776347, 31.46999488], [120.53387994776347, 31.470085344]]]}}, {"type": "Feature", "properties": {"area_ha": 0.01, "mean": 0.3651}, "geometry": {"type": "Polygon", "coordinates": [[[120.53335347278241, 31.46999488], [120.53314288279, 31.469904416000002], [120.53335347278241, 31.469904416000002], [120.53335347278241, 31.46999488]]]}}, {"type": "Feature", "properties": {"area_ha": 0.0, "mean": null}, "geometry": {"type": "Polygon", "coordinates": [[[120.53303758779379, 31.469904416000002], [120.53293229279758, 31.469813952], [120.53303758779379, 31.469813952], [120.53303758779379, 31.469904416000002]]]}}, {"type": "Feature", "properties": {"area_ha": 0.0, "mean": null}, "geometry": {"type": "Polygon", "coordinates": [[[120.53293229279758, 31.469813952], [120.53282699780137, 31.469723488], [120.53293229279758, 31.469723488], [120.53293229279758, 31.469813952]]]}}, {"type": "Feature", "properties": {"area_ha": 0.0, "mean": null}, "geometry": {"type": "Polygon", "coordinates": [[[120.52935226292647, 31.468999776], [120.52924696793025, 31.468909312], [120.52935226292647, 31.468909312], [120.52935226292647, 31.468999776]]]}}, {"type": "Feature", "properties": {"area_ha": 0.0, "mean": null}, "geometry": {"type": "Polygon", "coordinates": [[[120.52956285291889, 31.468999776], [120.52945755792267, 31.468909312], [120.52956285291889, 31.468909312], [120.52956285291889, 31.468999776]]]}}, {"type": "Feature", "properties": {"area_ha": 0.0, "mean": null}, "geometry": {"type": "Polygon", "coordinates": [[[120.53103698286581, 31.468999776], [120.5309316878696, 31.468909312], [120.53103698286581, 31.468909312], [120.53103698286581, 31.468999776]]]}}, {"type": "Feature", "properties": {"area_ha": 0.0, "mean": null}, "geometry": {"type": "Polygon", "coordinates": [[[120.53177404783928, 31.468728384000002], [120.53166875284306, 31.46863792], [120.53177404783928, 31.46863792], [120.53177404783928, 31.468728384000002]]]}}, {"type": "Feature", "properties": {"area_ha": 0.0, "mean": null}, "geometry": {"type": "Polygon", "coordinates": [[[120.528615197953, 31.468547456], [120.52850990295678, 31.468456992], [120.528615197953, 31.468456992], [120.528615197953, 31.468547456]]]}}, {"type": "Feature", "properties": {"area_ha": 0.0, "mean": null}, "geometry": {"type": "Polygon", "coordinates": [[[120.52850990295678, 31.468456992], [120.52840460796058, 31.468366528], [120.52850990295678, 31.468366528], [120.52850990295678, 31.468456992]]]}}, {"type": "Feature", "properties": {"area_ha": 0.01, "mean": 0.3656}, "geometry": {"type": "Polygon", "coordinates": [[[120.52840460796058, 31.468366528], [120.52829931296438, 31.4681856], [120.52840460796058, 31.4681856], [120.52840460796058, 31.468366528]]]}}, {"type": "Feature", "properties": {"area_ha": 0.0, "mean": null}, "geometry": {"type": "Polygon", "coordinates": [[[120.52829931296438, 31.468095136000002], [120.52819401796816, 31.468004672], [120.52829931296438, 31.468004672], [120.52829931296438, 31.468095136000002]]]}}, {"type": "Feature", "properties": {"area_ha": 0.0, "mean": null}, "geometry": {"type": "Polygon", "coordinates": [[[120.52819401796816, 31.468004672], [120.52808872297196, 31.467914208], [120.52819401796816, 31.467914208], [120.52819401796816, 31.468004672]]]}}, {"type": "Feature", "properties": {"area_ha": 0.0, "mean": null}, "geometry": {"type": "Polygon", "coordinates": [[[120.52808872297196, 31.467914208], [120.52798342797574, 31.467823744], [120.52808872297196, 31.467823744], [120.52808872297196, 31.467914208]]]}}, {"type": "Feature", "properties": {"area_ha": 0.01, "mean": 0.3596}, "geometry": {"type": "Polygon", "coordinates": [[[120.52787813297954, 31.46773328], [120.52766754298712, 31.467642816], [120.52787813297954, 31.467642816], [120.52787813297954, 31.46773328]]]}}, {"type": "Feature", "properties": {"area_ha": 0.0, "mean": null}, "geometry": {"type": "Polygon", "coordinates": [[[120.5273516579985, 31.467642816], [120.52724636300228, 31.467552352000002], [120.5273516579985, 31.467552352000002], [120.5273516579985, 31.467642816]]]}}, {"type": "Feature", "properties": {"area_ha": 0.01, "mean": 0.2837}, "geometry": {"type": "Polygon", "coordinates": [[[120.52714106800607, 31.467552352000002], [120.52693047801365, 31.467461888], [120.52714106800607, 31.467461888], [120.52714106800607, 31.467552352000002]]]}}, {"type": "Feature", "properties": {"area_ha": 0.0, "mean": null}, "geometry": {"type": "Polygon", "coordinates": [[[120.53272170280516, 31.46682864], [120.53261640780894, 31.466738176], [120.53272170280516, 31.466738176], [120.53272170280516, 31.46682864]]]}}, {"type": "Feature", "properties": {"area_ha": 0.0, "mean": null}, "geometry": {"type": "Polygon", "coordinates": [[[120.53282699780137, 31.466557248], [120.53272170280516, 31.466466784], [120.53282699780137, 31.466466784], [120.53282699780137, 31.466557248]]]}}, {"type": "Feature", "properties": {"area_ha": 0.0, "mean": null}, "geometry": {"type": "Polygon", "coordinates": [[[120.52440339810462, 31.466376320000002], [120.52429810310842, 31.466285856], [120.52440339810462, 31.466285856], [120.52440339810462, 31.466376320000002]]]}}, {"type": "Feature", "properties": {"area_ha": 0.0, "mean": null}, "geometry": {"type": "Polygon", "coordinates": [[[120.53293229279758, 31.466285856], [120.53282699780137, 31.466195392], [120.53293229279758, 31.466195392], [120.53293229279758, 31.466285856]]]}}, {"type": "Feature", "properties": {"area_ha": 0.0, "mean": null}, "geometry": {"type": "Polygon", "coordinates": [[[120.53314288279, 31.465924], [120.53303758779379, 31.465833536], [120.53314288279, 31.465833536], [120.53314288279, 31.465924]]]}}, {"type": "Feature", "properties": {"area_ha": 0.0, "mean": null}, "geometry": {"type": "Polygon", "coordinates": [[[120.5332481777862, 31.465833536], [120.53314288279, 31.465743072000002], [120.5332481777862, 31.465743072000002], [120.5332481777862, 31.465833536]]]}}, {"type": "Feature", "properties": {"area_ha": 0.0, "mean": null}, "geometry": {"type": "Polygon", "coordinates": [[[120.53335347278241, 31.465743072000002], [120.5332481777862, 31.465652608], [120.53335347278241, 31.465652608], [120.53335347278241, 31.465743072000002]]]}}, {"type": "Feature", "properties": {"area_ha": 0.0, "mean": null}, "geometry": {"type": "Polygon", "coordinates": [[[120.53345876777863, 31.465562144], [120.53335347278241, 31.46547168], [120.53345876777863, 31.46547168], [120.53345876777863, 31.465562144]]]}}, {"type": "Feature", "properties": {"area_ha": 0.0, "mean": null}, "geometry": {"type": "Polygon", "coordinates": [[[120.53356406277483, 31.46547168], [120.53345876777863, 31.465381216], [120.53356406277483, 31.465381216], [120.53356406277483, 31.46547168]]]}}, {"type": "Feature", "properties": {"area_ha": 0.0, "mean": null}, "geometry": {"type": "Polygon", "coordinates": [[[120.53366935777105, 31.465290752], [120.53356406277483, 31.465200288000002], [120.53366935777105, 31.465200288000002], [120.53366935777105, 31.465290752]]]}}, {"type": "Feature", "properties": {"area_ha": 0.0, "mean": null}, "geometry": {"type": "Polygon", "coordinates": [[[120.53377465276725, 31.464928896], [120.53366935777105, 31.464838432], [120.53377465276725, 31.464838432], [120.53377465276725, 31.464928896]]]}}, {"type": "Feature", "properties": {"area_ha": 0.01, "mean": 0.148}, "geometry": {"type": "Polygon", "coordinates": [[[120.52577223305535, 31.464928896], [120.52566693805915, 31.464657504], [120.52577223305535, 31.464657504], [120.52577223305535, 31.464928896]]]}}, {"type": "Feature", "properties": {"area_ha": 0.0, "mean": null}, "geometry": {"type": "Polygon", "coordinates": [[[120.52587752805155, 31.464476576], [120.52577223305535, 31.464386112], [120.52587752805155, 31.464386112], [120.52587752805155, 31.464476576]]]}}, {"type": "Feature", "properties": {"area_ha": 0.0, "mean": null}, "geometry": {"type": "Polygon", "coordinates": [[[120.53387994776347, 31.464386112], [120.53377465276725, 31.464295648], [120.53387994776347, 31.464295648], [120.53387994776347, 31.464386112]]]}}, {"type": "Feature", "properties": {"area_ha": 0.0, "mean": null}, "geometry": {"type": "Polygon", "coordinates": [[[120.52619341304019, 31.464205184], [120.52608811804397, 31.46411472], [120.52619341304019, 31.46411472], [120.52619341304019, 31.464205184]]]}}, {"type": "Feature", "properties": {"area_ha": 0.02, "mean": 0.2214}, "geometry": {"type": "Polygon", "coordinates": [[[120.5343011277483, 31.462395904], [120.53419583275209, 31.462034048], [120.5343011277483, 31.462034048], [120.5343011277483, 31.462395904]]]}}, {"type": "Feature", "properties": {"area_ha": 0.0, "mean": null}, "geometry": {"type": "Polygon", "coordinates": [[[120.53440642274451, 31.46185312], [120.5343011277483, 31.461762656], [120.53440642274451, 31.461762656], [120.53440642274451, 31.46185312]]]}}, {"type": "Feature", "properties": {"area_ha": 0.01, "mean": 0.2624}, "geometry": {"type": "Polygon", "coordinates": [[[120.53461701273693, 31.460767552], [120.53451171774071, 31.46049616], [120.53461701273693, 31.46049616], [120.53461701273693, 31.460767552]]]}}, {"type": "Feature", "properties": {"area_ha": 0.01, "mean": 0.2062}, "geometry": {"type": "Polygon", "coordinates": [[[120.53472230773313, 31.460134304], [120.53461701273693, 31.459953376], [120.53472230773313, 31.459953376], [120.53472230773313, 31.460134304]]]}}, {"type": "Feature", "properties": {"area_ha": 0.01, "mean": 0.1132}, "geometry": {"type": "Polygon", "coordinates": [[[120.53514348771797, 31.458144096], [120.53503819272176, 31.457963168], [120.53514348771797, 31.457963168], [120.53514348771797, 31.458144096]]]}}, {"type": "Feature", "properties": {"area_ha": 0.0, "mean": null}, "geometry": {"type": "Polygon", "coordinates": [[[120.53524878271418, 31.457601312], [120.53514348771797, 31.457510848000002], [120.53524878271418, 31.457510848000002], [120.53524878271418, 31.457601312]]]}}, {"type": "Feature", "properties": {"area_ha": 0.01, "mean": 0.1376}, "geometry": {"type": "Polygon", "coordinates": [[[120.5353540777104, 31.456968064], [120.53524878271418, 31.456787136], [120.5353540777104, 31.456787136], [120.5353540777104, 31.456968064]]]}}, {"type": "Feature", "properties": {"area_ha": 0.02, "mean": 0.1541}, "geometry": {"type": "Polygon", "coordinates": [[[120.60126874533738, 31.456968064], [120.60116345034118, 31.456606208], [120.60126874533738, 31.456606208], [120.60126874533738, 31.456968064]]]}}, {"type": "Feature", "properties": {"area_ha": 0.0, "mean": null}, "geometry": {"type": "Polygon", "coordinates": [[[120.60116345034118, 31.456606208], [120.60105815534496, 31.456515744], [120.60116345034118, 31.456515744], [120.60116345034118, 31.456606208]]]}}, {"type": "Feature", "properties": {"area_ha": 0.02, "mean": 0.1412}, "geometry": {"type": "Polygon", "coordinates": [[[120.5354593727066, 31.456515744], [120.5353540777104, 31.456153888], [120.5354593727066, 31.456153888], [120.5354593727066, 31.456515744]]]}}, {"type": "Feature", "properties": {"area_ha": 0.01, "mean": 0.1351}, "geometry": {"type": "Polygon", "coordinates": [[[120.59789930545868, 31.45597296], [120.59768871546626, 31.455882496], [120.59789930545868, 31.455882496], [120.59789930545868, 31.45597296]]]}}, {"type": "Feature", "properties": {"area_ha": 0.01, "mean": 0.1838}, "geometry": {"type": "Polygon", "coordinates": [[[120.53556466770281, 31.455792032], [120.5354593727066, 31.455611104], [120.53556466770281, 31.455611104], [120.53556466770281, 31.455792032]]]}}, {"type": "Feature", "properties": {"area_ha": 0.03, "mean": 0.1433}, "geometry": {"type": "Polygon", "coordinates": [[[120.60084756535254, 31.455611104], [120.60063697536013, 31.455158784], [120.60074227035633, 31.455158784], [120.60084756535254, 31.455611104]]]}}, {"type": "Feature", "properties": {"area_ha": 0.0, "mean": null}, "geometry": {"type": "Polygon", "coordinates": [[[120.60074227035633, 31.454887392], [120.60063697536013, 31.454796928], [120.60074227035633, 31.454796928], [120.60074227035633, 31.454887392]]]}}, {"type": "Feature", "properties": {"area_ha": 0.0, "mean": null}, "geometry": {"type": "Polygon", "coordinates": [[[120.60084756535254, 31.454796928], [120.60074227035633, 31.454706464], [120.60084756535254, 31.454706464], [120.60084756535254, 31.454796928]]]}}, {"type": "Feature", "properties": {"area_ha": 0.0, "mean": null}, "geometry": {"type": "Polygon", "coordinates": [[[120.53609114268386, 31.453168576], [120.53598584768764, 31.453078112], [120.53609114268386, 31.453078112], [120.53609114268386, 31.453168576]]]}}, {"type": "Feature", "properties": {"area_ha": 0.0, "mean": null}, "geometry": {"type": "Polygon", "coordinates": [[[120.53619643768006, 31.452535328], [120.53609114268386, 31.452444864], [120.53619643768006, 31.452444864], [120.53619643768006, 31.452535328]]]}}, {"type": "Feature", "properties": {"area_ha": 0.01, "mean": 0.1894}, "geometry": {"type": "Polygon", "coordinates": [[[120.53630173267628, 31.452083008], [120.53619643768006, 31.45190208], [120.53630173267628, 31.45190208], [120.53630173267628, 31.452083008]]]}}, {"type": "Feature", "properties": {"area_ha": 0.01, "mean": 0.1453}, "geometry": {"type": "Polygon", "coordinates": [[[120.53640702767248, 31.451540224000002], [120.53630173267628, 31.451359296], [120.53640702767248, 31.451359296], [120.53640702767248, 31.451540224000002]]]}}, {"type": "Feature", "properties": {"area_ha": 0.0, "mean": null}, "geometry": {"type": "Polygon", "coordinates": [[[120.5366176176649, 31.450454656], [120.5365123226687, 31.450364192000002], [120.5366176176649, 31.450364192000002], [120.5366176176649, 31.450454656]]]}}, {"type": "Feature", "properties": {"area_ha": 0.0, "mean": null}, "geometry": {"type": "Polygon", "coordinates": [[[120.53714409264595, 31.447740736], [120.53703879764974, 31.447650272], [120.53714409264595, 31.447650272], [120.53714409264595, 31.447740736]]]}}, {"type": "Feature", "properties": {"area_ha": 0.01, "mean": 0.1159}, "geometry": {"type": "Polygon", "coordinates": [[[120.53724938764216, 31.447469344], [120.53714409264595, 31.447288416], [120.53724938764216, 31.447288416], [120.53724938764216, 31.447469344]]]}}, {"type": "Feature", "properties": {"area_ha": 0.0, "mean": null}, "geometry": {"type": "Polygon", "coordinates": [[[120.53788115761941, 31.447378880000002], [120.5377758626232, 31.447288416], [120.53788115761941, 31.447288416], [120.53788115761941, 31.447378880000002]]]}}, {"type": "Feature", "properties": {"area_ha": 0.0, "mean": null}, "geometry": {"type": "Polygon", "coordinates": [[[120.53935528756634, 31.446564704], [120.53924999257013, 31.44647424], [120.53935528756634, 31.44647424], [120.53935528756634, 31.446564704]]]}}, {"type": "Feature", "properties": {"area_ha": 0.0, "mean": null}, "geometry": {"type": "Polygon", "coordinates": [[[120.53946058256255, 31.44647424], [120.53935528756634, 31.446383776], [120.53946058256255, 31.446383776], [120.53946058256255, 31.44647424]]]}}, {"type": "Feature", "properties": {"area_ha": 0.0, "mean": null}, "geometry": {"type": "Polygon", "coordinates": [[[120.53956587755876, 31.446383776], [120.53946058256255, 31.446293312], [120.53956587755876, 31.446293312], [120.53956587755876, 31.446383776]]]}}, {"type": "Feature", "properties": {"area_ha": 0.01, "mean": 0.1512}, "geometry": {"type": "Polygon", "coordinates": [[[120.5398817625474, 31.446202848000002], [120.53967117255497, 31.446112384], [120.5398817625474, 31.446112384], [120.5398817625474, 31.446202848000002]]]}}, {"type": "Feature", "properties": {"area_ha": 0.0, "mean": null}, "geometry": {"type": "Polygon", "coordinates": [[[120.53851292759667, 31.446112384], [120.53840763260045, 31.44602192], [120.53851292759667, 31.44602192], [120.53851292759667, 31.446112384]]]}}, {"type": "Feature", "properties": {"area_ha": 0.0, "mean": null}, "geometry": {"type": "Polygon", "coordinates": [[[120.5399870575436, 31.446112384], [120.5398817625474, 31.44602192], [120.5399870575436, 31.44602192], [120.5399870575436, 31.446112384]]]}}, {"type": "Feature", "properties": {"area_ha": 0.0, "mean": null}, "geometry": {"type": "Polygon", "coordinates": [[[120.53861822259287, 31.44602192], [120.53851292759667, 31.445931456], [120.53861822259287, 31.445931456], [120.53861822259287, 31.44602192]]]}}, {"type": "Feature", "properties": {"area_ha": 0.01, "mean": 0.1683}, "geometry": {"type": "Polygon", "coordinates": [[[120.53935528756634, 31.44602192], [120.53914469757392, 31.445931456], [120.53935528756634, 31.445931456], [120.53935528756634, 31.44602192]]]}}, {"type": "Feature", "properties": {"area_ha": 0.0, "mean": null}, "geometry": {"type": "Polygon", "coordinates": [[[120.53935528756634, 31.445660064000002], [120.53924999257013, 31.4455696], [120.53935528756634, 31.4455696], [120.53935528756634, 31.445660064000002]]]}}, {"type": "Feature", "properties": {"area_ha": 0.0, "mean": null}, "geometry": {"type": "Polygon", "coordinates": [[[120.53924999257013, 31.4455696], [120.53914469757392, 31.445479136], [120.53924999257013, 31.445479136], [120.53924999257013, 31.4455696]]]}}, {"type": "Feature", "properties": {"area_ha": 0.02, "mean": 0.2219}, "geometry": {"type": "Polygon", "coordinates": [[[120.53756527263079, 31.445840992], [120.53745997763457, 31.445388672], [120.53756527263079, 31.445388672], [120.53756527263079, 31.445840992]]]}}, {"type": "Feature", "properties": {"area_ha": 0.01, "mean": 0.1173}, "geometry": {"type": "Polygon", "coordinates": [[[120.60211110530706, 31.445660064000002], [120.60200581031084, 31.445388672], [120.60211110530706, 31.445388672], [120.60211110530706, 31.445660064000002]]]}}, {"type": "Feature", "properties": {"area_ha": 0.0, "mean": null}, "geometry": {"type": "Polygon", "coordinates": [[[120.60200581031084, 31.445388672], [120.60190051531464, 31.445298208], [120.60200581031084, 31.445298208], [120.60200581031084, 31.445388672]]]}}, {"type": "Feature", "properties": {"area_ha": 0.0, "mean": null}, "geometry": {"type": "Polygon", "coordinates": [[[120.53798645261563, 31.445298208], [120.53788115761941, 31.445207744], [120.53798645261563, 31.445207744], [120.53798645261563, 31.445298208]]]}}, {"type": "Feature", "properties": {"area_ha": 0.02, "mean": 0.1963}, "geometry": {"type": "Polygon", "coordinates": [[[120.53767056762699, 31.445207744], [120.53756527263079, 31.444845888], [120.53767056762699, 31.444845888], [120.53767056762699, 31.445207744]]]}}, {"type": "Feature", "properties": {"area_ha": 0.02, "mean": 0.1325}, "geometry": {"type": "Polygon", "coordinates": [[[120.60190051531464, 31.445207744], [120.60179522031842, 31.444845888], [120.60190051531464, 31.444845888], [120.60190051531464, 31.445207744]]]}}, {"type": "Feature", "properties": {"area_ha": 0.01, "mean": 0.1137}, "geometry": {"type": "Polygon", "coordinates": [[[120.53809174761183, 31.444845888], [120.53798645261563, 31.44466496], [120.53809174761183, 31.44466496], [120.53809174761183, 31.444845888]]]}}, {"type": "Feature", "properties": {"area_ha": 0.01, "mean": 0.1861}, "geometry": {"type": "Polygon", "coordinates": [[[120.5377758626232, 31.44466496], [120.53767056762699, 31.444393568], [120.5377758626232, 31.444393568], [120.5377758626232, 31.44466496]]]}}, {"type": "Feature", "properties": {"area_ha": 0.01, "mean": 0.2066}, "geometry": {"type": "Polygon", "coordinates": [[[120.53788115761941, 31.444031712], [120.5377758626232, 31.44376032], [120.53788115761941, 31.44376032], [120.53788115761941, 31.444031712]]]}}, {"type": "Feature", "properties": {"area_ha": 0.01, "mean": 0.2155}, "geometry": {"type": "Polygon", "coordinates": [[[120.53798645261563, 31.443488928], [120.53788115761941, 31.443217536], [120.53798645261563, 31.443217536], [120.53798645261563, 31.443488928]]]}}, {"type": "Feature", "properties": {"area_ha": 0.0, "mean": null}, "geometry": {"type": "Polygon", "coordinates": [[[120.53840763260045, 31.443217536], [120.53830233760425, 31.443127072], [120.53840763260045, 31.443127072], [120.53840763260045, 31.443217536]]]}}, {"type": "Feature", "properties": {"area_ha": 0.01, "mean": 0.1525}, "geometry": {"type": "Polygon", "coordinates": [[[120.53809174761183, 31.44285568], [120.53798645261563, 31.442674752000002], [120.53809174761183, 31.442674752000002], [120.53809174761183, 31.44285568]]]}}, {"type": "Feature", "properties": {"area_ha": 0.0, "mean": null}, "geometry": {"type": "Polygon", "coordinates": [[[120.5491477222138, 31.441317792], [120.5490424272176, 31.441227328], [120.5491477222138, 31.441227328], [120.5491477222138, 31.441317792]]]}}, {"type": "Feature", "properties": {"area_ha": 0.0, "mean": null}, "geometry": {"type": "Polygon", "coordinates": [[[120.53840763260045, 31.441227328], [120.53830233760425, 31.441136864], [120.53840763260045, 31.441136864], [120.53840763260045, 31.441227328]]]}}, {"type": "Feature", "properties": {"area_ha": 0.0, "mean": null}, "geometry": {"type": "Polygon", "coordinates": [[[120.54956890219864, 31.440775008], [120.54946360720243, 31.440684544], [120.54956890219864, 31.440684544], [120.54956890219864, 31.440775008]]]}}, {"type": "Feature", "properties": {"area_ha": 0.02, "mean": 0.2005}, "geometry": {"type": "Polygon", "coordinates": [[[120.53851292759667, 31.440955936], [120.53840763260045, 31.44059408], [120.53851292759667, 31.44059408], [120.53851292759667, 31.440955936]]]}}, {"type": "Feature", "properties": {"area_ha": 0.01, "mean": 0.2036}, "geometry": {"type": "Polygon", "coordinates": [[[120.53861822259287, 31.440322688000002], [120.53851292759667, 31.440051296], [120.53861822259287, 31.440051296], [120.53861822259287, 31.440322688000002]]]}}, {"type": "Feature", "properties": {"area_ha": 0.0, "mean": null}, "geometry": {"type": "Polygon", "coordinates": [[[120.53914469757392, 31.438061088], [120.53903940257771, 31.437970624000002], [120.53914469757392, 31.437970624000002], [120.53914469757392, 31.438061088]]]}}, {"type": "Feature", "properties": {"area_ha": 0.0, "mean": null}, "geometry": {"type": "Polygon", "coordinates": [[[120.53924999257013, 31.437789696], [120.53914469757392, 31.437699232], [120.53924999257013, 31.437699232], [120.53924999257013, 31.437789696]]]}}, {"type": "Feature", "properties": {"area_ha": 0.0, "mean": null}, "geometry": {"type": "Polygon", "coordinates": [[[120.53946058256255, 31.43607088], [120.53935528756634, 31.435980416], [120.53946058256255, 31.435980416], [120.53946058256255, 31.43607088]]]}}, {"type": "Feature", "properties": {"area_ha": 0.01, "mean": 0.1211}, "geometry": {"type": "Polygon", "coordinates": [[[120.53956587755876, 31.43516624], [120.53946058256255, 31.434894848], [120.53956587755876, 31.434894848], [120.53956587755876, 31.43516624]]]}}, {"type": "Feature", "properties": {"area_ha": 0.0, "mean": null}, "geometry": {"type": "Polygon", "coordinates": [[[120.6071652651251, 31.43335696], [120.60705997012889, 31.433266496], [120.6071652651251, 31.433266496], [120.6071652651251, 31.43335696]]]}}, {"type": "Feature", "properties": {"area_ha": 0.01, "mean": 0.165}, "geometry": {"type": "Polygon", "coordinates": [[[120.5398817625474, 31.43290464], [120.53977646755118, 31.432723712], [120.5398817625474, 31.432723712], [120.5398817625474, 31.43290464]]]}}, {"type": "Feature", "properties": {"area_ha": 0.02, "mean": 0.1172}, "geometry": {"type": "Polygon", "coordinates": [[[120.59916284541319, 31.43290464], [120.59884696042457, 31.432723712], [120.59916284541319, 31.432814176], [120.59916284541319, 31.43290464]]]}}, {"type": "Feature", "properties": {"area_ha": 0.03, "mean": 0.1602}, "geometry": {"type": "Polygon", "coordinates": [[[120.59926814040941, 31.432633248000002], [120.59905755041699, 31.432180928], [120.59916284541319, 31.432180928], [120.59926814040941, 31.432633248000002]]]}}, {"type": "Feature", "properties": {"area_ha": 0.01, "mean": 0.1737}, "geometry": {"type": "Polygon", "coordinates": [[[120.5399870575436, 31.432271392], [120.5398817625474, 31.432090464], [120.5399870575436, 31.432090464], [120.5399870575436, 31.432271392]]]}}, {"type": "Feature", "properties": {"area_ha": 0.0, "mean": null}, "geometry": {"type": "Polygon", "coordinates": [[[120.5194545332828, 31.432180928], [120.51934923828658, 31.432090464], [120.5194545332828, 31.432090464], [120.5194545332828, 31.432180928]]]}}, {"type": "Feature", "properties": {"area_ha": 0.0, "mean": null}, "geometry": {"type": "Polygon", "coordinates": [[[120.54093471250948, 31.432180928], [120.54082941751327, 31.432090464], [120.54093471250948, 31.432090464], [120.54093471250948, 31.432180928]]]}}, {"type": "Feature", "properties": {"area_ha": 0.0, "mean": null}, "geometry": {"type": "Polygon", "coordinates": [[[120.51966512327522, 31.432090464], [120.519559828279, 31.432000000000002], [120.51966512327522, 31.432000000000002], [120.51966512327522, 31.432090464]]]}}, {"type": "Feature", "properties": {"area_ha": 0.0, "mean": null}, "geometry": {"type": "Polygon", "coordinates": [[[120.51998100826384, 31.432000000000002], [120.51987571326764, 31.431909536], [120.51998100826384, 31.431909536], [120.51998100826384, 31.432000000000002]]]}}, {"type": "Feature", "properties": {"area_ha": 0.0, "mean": null}, "geometry": {"type": "Polygon", "coordinates": [[[120.5400923525398, 31.432000000000002], [120.5399870575436, 31.431909536], [120.5400923525398, 31.431909536], [120.5400923525398, 31.432000000000002]]]}}, {"type": "Feature", "properties": {"area_ha": 0.04, "mean": 0.1437}, "geometry": {"type": "Polygon", "coordinates": [[[120.59905755041699, 31.431909536], [120.59884696042457, 31.432090464], [120.59884696042457, 31.431819072], [120.59905755041699, 31.431909536]]]}}, {"type": "Feature", "properties": {"area_ha": 0.0, "mean": null}, "geometry": {"type": "Polygon", "coordinates": [[[120.59916284541319, 31.431819072], [120.59905755041699, 31.431728608], [120.59916284541319, 31.431728608], [120.59916284541319, 31.431819072]]]}}, {"type": "Feature", "properties": {"area_ha": 0.0, "mean": null}, "geometry": {"type": "Polygon", "coordinates": [[[120.51776981334345, 31.431457216000002], [120.51766451834723, 31.431366752], [120.51776981334345, 31.431366752], [120.51776981334345, 31.431457216000002]]]}}, {"type": "Feature", "properties": {"area_ha": 0.01, "mean": 0.1225}, "geometry": {"type": "Polygon", "coordinates": [[[120.60990293502654, 31.431276288], [120.60969234503412, 31.431185824], [120.60990293502654, 31.431185824], [120.60990293502654, 31.431276288]]]}}, {"type": "Feature", "properties": {"area_ha": 0.0, "mean": null}, "geometry": {"type": "Polygon", "coordinates": [[[120.51787510833965, 31.43109536], [120.51776981334345, 31.431004896], [120.51787510833965, 31.431004896], [120.51787510833965, 31.43109536]]]}}, {"type": "Feature", "properties": {"area_ha": 0.0, "mean": null}, "geometry": {"type": "Polygon", "coordinates": [[[120.52008630326004, 31.43109536], [120.51998100826384, 31.431004896], [120.52008630326004, 31.431004896], [120.52008630326004, 31.43109536]]]}}, {"type": "Feature", "properties": {"area_ha": 0.06, "mean": 0.132}, "geometry": {"type": "Polygon", "coordinates": [[[120.59863637043215, 31.431276288], [120.59832048544352, 31.431004896], [120.59863637043215, 31.430823968000002], [120.59863637043215, 31.431276288]]]}}, {"type": "Feature", "properties": {"area_ha": 0.0, "mean": null}, "geometry": {"type": "Polygon", "coordinates": [[[120.59884696042457, 31.430914432], [120.59874166542836, 31.430823968000002], [120.59884696042457, 31.430823968000002], [120.59884696042457, 31.430914432]]]}}, {"type": "Feature", "properties": {"area_ha": 0.0, "mean": null}, "geometry": {"type": "Polygon", "coordinates": [[[120.51798040333587, 31.430823968000002], [120.51787510833965, 31.430733504], [120.51798040333587, 31.430733504], [120.51798040333587, 31.430823968000002]]]}}, {"type": "Feature", "properties": {"area_ha": 0.0, "mean": null}, "geometry": {"type": "Polygon", "coordinates": [[[120.52019159825626, 31.43064304], [120.52008630326004, 31.430552576], [120.52019159825626, 31.430552576], [120.52019159825626, 31.43064304]]]}}, {"type": "Feature", "properties": {"area_ha": 0.0, "mean": null}, "geometry": {"type": "Polygon", "coordinates": [[[120.51808569833207, 31.430552576], [120.51798040333587, 31.430462112], [120.51808569833207, 31.430462112], [120.51808569833207, 31.430552576]]]}}, {"type": "Feature", "properties": {"area_ha": 0.0, "mean": null}, "geometry": {"type": "Polygon", "coordinates": [[[120.54030294253222, 31.430552576], [120.54019764753602, 31.430462112], [120.54030294253222, 31.430462112], [120.54030294253222, 31.430552576]]]}}, {"type": "Feature", "properties": {"area_ha": 0.01, "mean": 0.1955}, "geometry": {"type": "Polygon", "coordinates": [[[120.51819099332829, 31.430371648], [120.51808569833207, 31.43019072], [120.51819099332829, 31.43019072], [120.51819099332829, 31.430371648]]]}}, {"type": "Feature", "properties": {"area_ha": 0.0, "mean": null}, "geometry": {"type": "Polygon", "coordinates": [[[120.54040823752844, 31.430100256], [120.54030294253222, 31.430009792], [120.54040823752844, 31.430009792], [120.54040823752844, 31.430100256]]]}}, {"type": "Feature", "properties": {"area_ha": 0.01, "mean": 0.2106}, "geometry": {"type": "Polygon", "coordinates": [[[120.51829628832449, 31.430100256], [120.51819099332829, 31.429919328], [120.51829628832449, 31.429919328], [120.51829628832449, 31.430100256]]]}}, {"type": "Feature", "properties": {"area_ha": 0.0, "mean": null}, "geometry": {"type": "Polygon", "coordinates": [[[120.5184015833207, 31.429828864], [120.51829628832449, 31.4297384], [120.5184015833207, 31.4297384], [120.5184015833207, 31.429828864]]]}}, {"type": "Feature", "properties": {"area_ha": 0.01, "mean": 0.2863}, "geometry": {"type": "Polygon", "coordinates": [[[120.51850687831691, 31.429647936000002], [120.5184015833207, 31.429467008], [120.51850687831691, 31.429467008], [120.51850687831691, 31.429647936000002]]]}}, {"type": "Feature", "properties": {"area_ha": 0.0, "mean": null}, "geometry": {"type": "Polygon", "coordinates": [[[120.51861217331312, 31.429467008], [120.51850687831691, 31.429376544], [120.51861217331312, 31.429376544], [120.51861217331312, 31.429467008]]]}}, {"type": "Feature", "properties": {"area_ha": 0.0, "mean": null}, "geometry": {"type": "Polygon", "coordinates": [[[120.52029689325246, 31.429467008], [120.52019159825626, 31.429376544], [120.52029689325246, 31.429376544], [120.52029689325246, 31.429467008]]]}}, {"type": "Feature", "properties": {"area_ha": 0.0, "mean": null}, "geometry": {"type": "Polygon", "coordinates": [[[120.51871746830933, 31.429376544], [120.51861217331312, 31.42928608], [120.51871746830933, 31.42928608], [120.51871746830933, 31.429376544]]]}}, {"type": "Feature", "properties": {"area_ha": 0.01, "mean": 0.3683}, "geometry": {"type": "Polygon", "coordinates": [[[120.51892805830175, 31.42928608], [120.51882276330554, 31.429105152], [120.51892805830175, 31.429105152], [120.51892805830175, 31.42928608]]]}}, {"type": "Feature", "properties": {"area_ha": 0.0, "mean": null}, "geometry": {"type": "Polygon", "coordinates": [[[120.54862124723276, 31.429014688], [120.54851595223654, 31.428924224], [120.54862124723276, 31.428924224], [120.54862124723276, 31.429014688]]]}}, {"type": "Feature", "properties": {"area_ha": 0.01, "mean": 0.1461}, "geometry": {"type": "Polygon", "coordinates": [[[120.57199673639121, 31.428924224], [120.571891441395, 31.428743296], [120.57199673639121, 31.428743296], [120.57199673639121, 31.428924224]]]}}, {"type": "Feature", "properties": {"area_ha": 0.02, "mean": 0.2319}, "geometry": {"type": "Polygon", "coordinates": [[[120.51892805830175, 31.428924224], [120.51882276330554, 31.428562368], [120.51892805830175, 31.428562368], [120.51892805830175, 31.428924224]]]}}, {"type": "Feature", "properties": {"area_ha": 0.0, "mean": null}, "geometry": {"type": "Polygon", "coordinates": [[[120.52082336823351, 31.428652832], [120.5207180732373, 31.428562368], [120.52082336823351, 31.428562368], [120.52082336823351, 31.428652832]]]}}, {"type": "Feature", "properties": {"area_ha": 0.0, "mean": null}, "geometry": {"type": "Polygon", "coordinates": [[[120.57220732638363, 31.428562368], [120.57210203138742, 31.428471904000002], [120.57220732638363, 31.428471904000002], [120.57220732638363, 31.428562368]]]}}, {"type": "Feature", "properties": {"area_ha": 0.0, "mean": null}, "geometry": {"type": "Polygon", "coordinates": [[[120.51903335329796, 31.428471904000002], [120.51892805830175, 31.42838144], [120.51903335329796, 31.42838144], [120.51903335329796, 31.428471904000002]]]}}, {"type": "Feature", "properties": {"area_ha": 0.0, "mean": null}, "geometry": {"type": "Polygon", "coordinates": [[[120.57231262137984, 31.42838144], [120.57220732638363, 31.428290976], [120.57231262137984, 31.428290976], [120.57231262137984, 31.42838144]]]}}, {"type": "Feature", "properties": {"area_ha": 0.01, "mean": 0.2445}, "geometry": {"type": "Polygon", "coordinates": [[[120.51913864829417, 31.428290976], [120.51903335329796, 31.428110048], [120.51913864829417, 31.428110048], [120.51913864829417, 31.428290976]]]}}, {"type": "Feature", "properties": {"area_ha": 0.0, "mean": null}, "geometry": {"type": "Polygon", "coordinates": [[[120.5206127782411, 31.428110048], [120.52050748324488, 31.428019584], [120.5206127782411, 31.428019584], [120.5206127782411, 31.428110048]]]}}, {"type": "Feature", "properties": {"area_ha": 0.0, "mean": null}, "geometry": {"type": "Polygon", "coordinates": [[[120.51924394329038, 31.428019584], [120.51913864829417, 31.42792912], [120.51924394329038, 31.42792912], [120.51924394329038, 31.428019584]]]}}, {"type": "Feature", "properties": {"area_ha": 0.0, "mean": null}, "geometry": {"type": "Polygon", "coordinates": [[[120.5207180732373, 31.428019584], [120.5206127782411, 31.42792912], [120.5207180732373, 31.42792912], [120.5207180732373, 31.428019584]]]}}, {"type": "Feature", "properties": {"area_ha": 0.0, "mean": null}, "geometry": {"type": "Polygon", "coordinates": [[[120.52082336823351, 31.42792912], [120.5207180732373, 31.427838656], [120.52082336823351, 31.427838656], [120.52082336823351, 31.42792912]]]}}, {"type": "Feature", "properties": {"area_ha": 0.0, "mean": null}, "geometry": {"type": "Polygon", "coordinates": [[[120.51934923828658, 31.427838656], [120.51924394329038, 31.427748192], [120.51934923828658, 31.427748192], [120.51934923828658, 31.427838656]]]}}, {"type": "Feature", "properties": {"area_ha": 0.02, "mean": 0.165}, "geometry": {"type": "Polygon", "coordinates": [[[120.52156043320699, 31.427748192], [120.52103395822593, 31.427657728], [120.52156043320699, 31.427657728], [120.52156043320699, 31.427748192]]]}}, {"type": "Feature", "properties": {"area_ha": 0.02, "mean": 0.1883}, "geometry": {"type": "Polygon", "coordinates": [[[120.54051353252464, 31.42792912], [120.54040823752844, 31.427567264], [120.54051353252464, 31.427567264], [120.54051353252464, 31.42792912]]]}}, {"type": "Feature", "properties": {"area_ha": 0.0, "mean": null}, "geometry": {"type": "Polygon", "coordinates": [[[120.5194545332828, 31.427567264], [120.51934923828658, 31.4274768], [120.5194545332828, 31.4274768], [120.5194545332828, 31.427567264]]]}}, {"type": "Feature", "properties": {"area_ha": 0.0, "mean": null}, "geometry": {"type": "Polygon", "coordinates": [[[120.52177102319939, 31.427567264], [120.52156043320699, 31.427386336], [120.52166572820319, 31.427386336], [120.52177102319939, 31.427567264]]]}}, {"type": "Feature", "properties": {"area_ha": 0.92, "mean": 0.1442}, "geometry": {"type": "Polygon", "coordinates": [[[120.60769174010615, 31.42838144], [120.60748115011373, 31.4274768], [120.60874469006824, 31.427657728], [120.60863939507203, 31.42838144], [120.60769174010615, 31.42838144]], [[120.60800762509477, 31.42792912], [120.60811292009099, 31.428110048], [120.60811292009099, 31.42792912], [120.60800762509477, 31.42792912]]]}}, {"type": "Feature", "properties": {"area_ha": 0.0, "mean": null}, "geometry": {"type": "Polygon", "coordinates": [[[120.60842880507961, 31.4274768], [120.6083235100834, 31.427386336], [120.60842880507961, 31.427386336], [120.60842880507961, 31.4274768]]]}}, {"type": "Feature", "properties": {"area_ha": 0.0, "mean": null}, "geometry": {"type": "Polygon", "coordinates": [[[120.52156043320699, 31.427386336], [120.52145513821077, 31.427295872000002], [120.52156043320699, 31.427295872000002], [120.52156043320699, 31.427386336]]]}}, {"type": "Feature", "properties": {"area_ha": 0.02, "mean": 0.1149}, "geometry": {"type": "Polygon", "coordinates": [[[120.60811292009099, 31.427386336], [120.60769174010615, 31.427295872000002], [120.60811292009099, 31.427295872000002], [120.60811292009099, 31.427386336]]]}}, {"type": "Feature", "properties": {"area_ha": 0.0, "mean": null}, "geometry": {"type": "Polygon", "coordinates": [[[120.52145513821077, 31.427295872000002], [120.52134984321457, 31.427205408], [120.52145513821077, 31.427205408], [120.52145513821077, 31.427295872000002]]]}}, {"type": "Feature", "properties": {"area_ha": 0.0, "mean": null}, "geometry": {"type": "Polygon", "coordinates": [[[120.54061882752086, 31.427295872000002], [120.54051353252464, 31.427205408], [120.54061882752086, 31.427205408], [120.54061882752086, 31.427295872000002]]]}}, {"type": "Feature", "properties": {"area_ha": 0.0, "mean": null}, "geometry": {"type": "Polygon", "coordinates": [[[120.5763138312358, 31.427295872000002], [120.57620853623958, 31.427205408], [120.5763138312358, 31.427205408], [120.5763138312358, 31.427295872000002]]]}}, {"type": "Feature", "properties": {"area_ha": 0.01, "mean": 0.1501}, "geometry": {"type": "Polygon", "coordinates": [[[120.57684030621684, 31.427295872000002], [120.57652442122821, 31.427205408], [120.57684030621684, 31.427205408], [120.57684030621684, 31.427295872000002]]]}}, {"type": "Feature", "properties": {"area_ha": 0.0, "mean": null}, "geometry": {"type": "Polygon", "coordinates": [[[120.52008630326004, 31.427205408], [120.51998100826384, 31.427114944], [120.52008630326004, 31.427114944], [120.52008630326004, 31.427205408]]]}}, {"type": "Feature", "properties": {"area_ha": 0.01, "mean": 0.1864}, "geometry": {"type": "Polygon", "coordinates": [[[120.52050748324488, 31.427114944], [120.52019159825626, 31.42702448], [120.52050748324488, 31.42702448], [120.52050748324488, 31.427114944]]]}}, {"type": "Feature", "properties": {"area_ha": 0.0, "mean": null}, "geometry": {"type": "Polygon", "coordinates": [[[120.51776981334345, 31.42702448], [120.51766451834723, 31.426934016], [120.51776981334345, 31.426934016], [120.51776981334345, 31.42702448]]]}}, {"type": "Feature", "properties": {"area_ha": 0.0, "mean": null}, "geometry": {"type": "Polygon", "coordinates": [[[120.54072412251706, 31.42702448], [120.54061882752086, 31.426934016], [120.54072412251706, 31.426934016], [120.54072412251706, 31.42702448]]]}}, {"type": "Feature", "properties": {"area_ha": 0.0, "mean": null}, "geometry": {"type": "Polygon", "coordinates": [[[120.54735770727825, 31.42702448], [120.54725241228203, 31.426934016], [120.54735770727825, 31.426934016], [120.54735770727825, 31.42702448]]]}}, {"type": "Feature", "properties": {"area_ha": 0.0, "mean": null}, "geometry": {"type": "Polygon", "coordinates": [[[120.51829628832449, 31.426934016], [120.51819099332829, 31.426843552], [120.51829628832449, 31.426843552], [120.51829628832449, 31.426934016]]]}}, {"type": "Feature", "properties": {"area_ha": 0.0, "mean": null}, "geometry": {"type": "Polygon", "coordinates": [[[120.51808569833207, 31.426753088], [120.51798040333587, 31.426662624], [120.51808569833207, 31.426662624], [120.51808569833207, 31.426753088]]]}}, {"type": "Feature", "properties": {"area_ha": 0.0, "mean": null}, "geometry": {"type": "Polygon", "coordinates": [[[120.52956285291889, 31.426753088], [120.52945755792267, 31.426662624], [120.52956285291889, 31.426662624], [120.52956285291889, 31.426753088]]]}}, {"type": "Feature", "properties": {"area_ha": 0.0, "mean": null}, "geometry": {"type": "Polygon", "coordinates": [[[120.52935226292647, 31.42657216], [120.52924696793025, 31.426481696], [120.52935226292647, 31.426481696], [120.52935226292647, 31.42657216]]]}}, {"type": "Feature", "properties": {"area_ha": 0.02, "mean": 0.1138}, "geometry": {"type": "Polygon", "coordinates": [[[120.54082941751327, 31.426029376], [120.54072412251706, 31.42566752], [120.54082941751327, 31.42566752], [120.54082941751327, 31.426029376]]]}}, {"type": "Feature", "properties": {"area_ha": 0.0, "mean": null}, "geometry": {"type": "Polygon", "coordinates": [[[120.53114227786202, 31.425757984], [120.53103698286581, 31.42566752], [120.53114227786202, 31.42566752], [120.53114227786202, 31.425757984]]]}}, {"type": "Feature", "properties": {"area_ha": 0.0, "mean": null}, "geometry": {"type": "Polygon", "coordinates": [[[120.54072412251706, 31.425124736], [120.54061882752086, 31.425034272], [120.54072412251706, 31.425034272], [120.54072412251706, 31.425124736]]]}}, {"type": "Feature", "properties": {"area_ha": 0.0, "mean": null}, "geometry": {"type": "Polygon", "coordinates": [[[120.54061882752086, 31.424943808000002], [120.54051353252464, 31.424853344], [120.54061882752086, 31.424853344], [120.54061882752086, 31.424943808000002]]]}}, {"type": "Feature", "properties": {"area_ha": 0.0, "mean": null}, "geometry": {"type": "Polygon", "coordinates": [[[120.54051353252464, 31.424672416], [120.54040823752844, 31.424581952], [120.54051353252464, 31.424581952], [120.54051353252464, 31.424672416]]]}}, {"type": "Feature", "properties": {"area_ha": 0.12, "mean": 0.1802}, "geometry": {"type": "Polygon", "coordinates": [[[120.60632290515542, 31.42476288], [120.60548054518576, 31.424581952], [120.60632290515542, 31.424491488], [120.60632290515542, 31.42476288]]]}}, {"type": "Feature", "properties": {"area_ha": 0.01, "mean": 0.1192}, "geometry": {"type": "Polygon", "coordinates": [[[120.53577525769524, 31.424581952], [120.53556466770281, 31.424491488], [120.53577525769524, 31.424491488], [120.53577525769524, 31.424581952]]]}}, {"type": "Feature", "properties": {"area_ha": 0.0, "mean": null}, "geometry": {"type": "Polygon", "coordinates": [[[120.5365123226687, 31.424581952], [120.53640702767248, 31.424491488], [120.5365123226687, 31.424491488], [120.5365123226687, 31.424581952]]]}}, {"type": "Feature", "properties": {"area_ha": 0.0, "mean": null}, "geometry": {"type": "Polygon", "coordinates": [[[120.54841065724034, 31.424581952], [120.54830536224412, 31.424491488], [120.54841065724034, 31.424491488], [120.54841065724034, 31.424581952]]]}}, {"type": "Feature", "properties": {"area_ha": 0.01, "mean": 0.1462}, "geometry": {"type": "Polygon", "coordinates": [[[120.60705997012889, 31.424672416], [120.60684938013647, 31.424672416], [120.60663879014405, 31.424491488], [120.60705997012889, 31.424672416]]]}}, {"type": "Feature", "properties": {"area_ha": 0.0, "mean": null}, "geometry": {"type": "Polygon", "coordinates": [[[120.60642820015164, 31.424491488], [120.60632290515542, 31.424401024], [120.60642820015164, 31.424401024], [120.60642820015164, 31.424491488]]]}}, {"type": "Feature", "properties": {"area_ha": 0.38, "mean": 0.2035}, "geometry": {"type": "Polygon", "coordinates": [[[120.60884998506445, 31.424853344], [120.60758644510993, 31.424491488], [120.60874469006824, 31.424220096], [120.60884998506445, 31.424853344]]]}}, {"type": "Feature", "properties": {"area_ha": 0.0, "mean": null}, "geometry": {"type": "Polygon", "coordinates": [[[120.54135589249432, 31.424220096], [120.5412505974981, 31.424129632], [120.54135589249432, 31.424129632], [120.54135589249432, 31.424220096]]]}}, {"type": "Feature", "properties": {"area_ha": 0.0, "mean": null}, "geometry": {"type": "Polygon", "coordinates": [[[120.57820914116755, 31.424220096], [120.57810384617135, 31.424129632], [120.57820914116755, 31.424129632], [120.57820914116755, 31.424220096]]]}}, {"type": "Feature", "properties": {"area_ha": 0.01, "mean": 0.1399}, "geometry": {"type": "Polygon", "coordinates": [[[120.54040823752844, 31.424129632], [120.54030294253222, 31.423948704], [120.54040823752844, 31.423948704], [120.54040823752844, 31.424129632]]]}}, {"type": "Feature", "properties": {"area_ha": 0.0, "mean": null}, "geometry": {"type": "Polygon", "coordinates": [[[120.58157858104624, 31.424039168], [120.58147328605004, 31.423948704], [120.58157858104624, 31.423948704], [120.58157858104624, 31.424039168]]]}}, {"type": "Feature", "properties": {"area_ha": 0.01, "mean": 0.1088}, "geometry": {"type": "Polygon", "coordinates": [[[120.54841065724034, 31.423948704], [120.54830536224412, 31.423767776000002], [120.54841065724034, 31.423767776000002], [120.54841065724034, 31.423948704]]]}}, {"type": "Feature", "properties": {"area_ha": 0.0, "mean": null}, "geometry": {"type": "Polygon", "coordinates": [[[120.60705997012889, 31.42385824], [120.60695467513268, 31.423767776000002], [120.60705997012889, 31.423767776000002], [120.60705997012889, 31.42385824]]]}}, {"type": "Feature", "properties": {"area_ha": 0.0, "mean": null}, "geometry": {"type": "Polygon", "coordinates": [[[120.60790233009857, 31.423586848], [120.60779703510235, 31.423496384], [120.60790233009857, 31.423496384], [120.60790233009857, 31.423586848]]]}}, {"type": "Feature", "properties": {"area_ha": 0.06, "mean": 0.1304}, "geometry": {"type": "Polygon", "coordinates": [[[120.54883183722518, 31.423586848], [120.54862124723276, 31.42340592], [120.54925301721, 31.423315456], [120.54883183722518, 31.423586848]]]}}, {"type": "Feature", "properties": {"area_ha": 0.0, "mean": null}, "geometry": {"type": "Polygon", "coordinates": [[[120.54040823752844, 31.42340592], [120.54030294253222, 31.423315456], [120.54040823752844, 31.423315456], [120.54040823752844, 31.42340592]]]}}, {"type": "Feature", "properties": {"area_ha": 0.0, "mean": null}, "geometry": {"type": "Polygon", "coordinates": [[[120.54862124723276, 31.42340592], [120.54851595223654, 31.423315456], [120.54862124723276, 31.423315456], [120.54862124723276, 31.42340592]]]}}, {"type": "Feature", "properties": {"area_ha": 0.01, "mean": 0.4074}, "geometry": {"type": "Polygon", "coordinates": [[[120.54272472744503, 31.423044064], [120.54261943244883, 31.422772672], [120.54272472744503, 31.422772672], [120.54272472744503, 31.423044064]]]}}, {"type": "Feature", "properties": {"area_ha": 0.03, "mean": 0.1349}, "geometry": {"type": "Polygon", "coordinates": [[[120.54556769234269, 31.4229536], [120.54525180735406, 31.422772672], [120.54556769234269, 31.422772672], [120.54556769234269, 31.4229536]]]}}, {"type": "Feature", "properties": {"area_ha": 0.01, "mean": 0.1775}, "geometry": {"type": "Polygon", "coordinates": [[[120.54525180735406, 31.422772672], [120.54504121736164, 31.422682208], [120.54525180735406, 31.422682208], [120.54525180735406, 31.422772672]]]}}, {"type": "Feature", "properties": {"area_ha": 0.01, "mean": 0.1639}, "geometry": {"type": "Polygon", "coordinates": [[[120.5490424272176, 31.422772672], [120.54893713222138, 31.422591744], [120.5490424272176, 31.422591744], [120.5490424272176, 31.422772672]]]}}, {"type": "Feature", "properties": {"area_ha": 0.0, "mean": null}, "geometry": {"type": "Polygon", "coordinates": [[[120.54051353252464, 31.422682208], [120.54040823752844, 31.422591744], [120.54051353252464, 31.422591744], [120.54051353252464, 31.422682208]]]}}, {"type": "Feature", "properties": {"area_ha": 0.0, "mean": null}, "geometry": {"type": "Polygon", "coordinates": [[[120.5491477222138, 31.422591744], [120.5490424272176, 31.42250128], [120.5491477222138, 31.42250128], [120.5491477222138, 31.422591744]]]}}, {"type": "Feature", "properties": {"area_ha": 0.01, "mean": 0.1856}, "geometry": {"type": "Polygon", "coordinates": [[[120.58020974609553, 31.422591744], [120.5798938611069, 31.42250128], [120.58020974609553, 31.42250128], [120.58020974609553, 31.422591744]]]}}, {"type": "Feature", "properties": {"area_ha": 0.0, "mean": null}, "geometry": {"type": "Polygon", "coordinates": [[[120.54061882752086, 31.42250128], [120.54051353252464, 31.422410816], [120.54061882752086, 31.422410816], [120.54061882752086, 31.42250128]]]}}, {"type": "Feature", "properties": {"area_ha": 0.0, "mean": null}, "geometry": {"type": "Polygon", "coordinates": [[[120.54293531743745, 31.42250128], [120.54283002244125, 31.422410816], [120.54293531743745, 31.422410816], [120.54293531743745, 31.42250128]]]}}, {"type": "Feature", "properties": {"area_ha": 0.0, "mean": null}, "geometry": {"type": "Polygon", "coordinates": [[[120.58063092608037, 31.422410816], [120.58052563108416, 31.422320352], [120.58063092608037, 31.422320352], [120.58063092608037, 31.422410816]]]}}, {"type": "Feature", "properties": {"area_ha": 0.0, "mean": null}, "geometry": {"type": "Polygon", "coordinates": [[[120.5934769156179, 31.422410816], [120.59337162062168, 31.422320352], [120.5934769156179, 31.422320352], [120.5934769156179, 31.422410816]]]}}, {"type": "Feature", "properties": {"area_ha": 0.0, "mean": null}, "geometry": {"type": "Polygon", "coordinates": [[[120.54072412251706, 31.422320352], [120.54061882752086, 31.422229888], [120.54072412251706, 31.422229888], [120.54072412251706, 31.422320352]]]}}, {"type": "Feature", "properties": {"area_ha": 0.0, "mean": null}, "geometry": {"type": "Polygon", "coordinates": [[[120.58073622107658, 31.422320352], [120.58063092608037, 31.422229888], [120.58073622107658, 31.422229888], [120.58073622107658, 31.422320352]]]}}, {"type": "Feature", "properties": {"area_ha": 0.01, "mean": 0.1738}, "geometry": {"type": "Polygon", "coordinates": [[[120.54630475731615, 31.422139424], [120.54619946231995, 31.422229888], [120.54609416732373, 31.422139424], [120.54630475731615, 31.422139424]]]}}, {"type": "Feature", "properties": {"area_ha": 0.0, "mean": null}, "geometry": {"type": "Polygon", "coordinates": [[[120.54672593730099, 31.422229888], [120.54662064230477, 31.422139424], [120.54672593730099, 31.422139424], [120.54672593730099, 31.422229888]]]}}, {"type": "Feature", "properties": {"area_ha": 0.62, "mean": 0.1694}, "geometry": {"type": "Polygon", "coordinates": [[[120.60790233009857, 31.423767776000002], [120.60737585511751, 31.423224992], [120.60790233009857, 31.42204896], [120.60737585511751, 31.422229888], [120.60695467513268, 31.423224992], [120.60790233009857, 31.423767776000002]]]}}, {"type": "Feature", "properties": {"area_ha": 0.0, "mean": null}, "geometry": {"type": "Polygon", "coordinates": [[[120.5810521060652, 31.422139424], [120.580946811069, 31.42204896], [120.5810521060652, 31.42204896], [120.5810521060652, 31.422139424]]]}}, {"type": "Feature", "properties": {"area_ha": 0.01, "mean": 0.127}, "geometry": {"type": "Polygon", "coordinates": [[[120.54693652729341, 31.422139424], [120.5468312322972, 31.421958496000002], [120.54693652729341, 31.421958496000002], [120.54693652729341, 31.422139424]]]}}, {"type": "Feature", "properties": {"area_ha": 0.0, "mean": null}, "geometry": {"type": "Polygon", "coordinates": [[[120.5479894772555, 31.422139424], [120.54777888726308, 31.421958496000002], [120.5479894772555, 31.42204896], [120.5479894772555, 31.422139424]]]}}, {"type": "Feature", "properties": {"area_ha": 0.02, "mean": 0.1233}, "geometry": {"type": "Polygon", "coordinates": [[[120.54672593730099, 31.421958496000002], [120.54651534730857, 31.421868032], [120.54672593730099, 31.421777568], [120.54672593730099, 31.421958496000002]]]}}, {"type": "Feature", "properties": {"area_ha": 0.01, "mean": 0.1389}, "geometry": {"type": "Polygon", "coordinates": [[[120.54756829727066, 31.421958496000002], [120.54735770727825, 31.421777568], [120.54756829727066, 31.421777568], [120.54756829727066, 31.421958496000002]]]}}, {"type": "Feature", "properties": {"area_ha": 0.02, "mean": 0.1073}, "geometry": {"type": "Polygon", "coordinates": [[[120.54977949219106, 31.421958496000002], [120.54946360720243, 31.421777568], [120.54977949219106, 31.421868032], [120.54977949219106, 31.421958496000002]]]}}, {"type": "Feature", "properties": {"area_ha": 0.0, "mean": null}, "geometry": {"type": "Polygon", "coordinates": [[[120.54093471250948, 31.421868032], [120.54082941751327, 31.421777568], [120.54093471250948, 31.421777568], [120.54093471250948, 31.421868032]]]}}, {"type": "Feature", "properties": {"area_ha": 0.0, "mean": null}, "geometry": {"type": "Polygon", "coordinates": [[[120.54735770727825, 31.421777568], [120.54725241228203, 31.421687104], [120.54735770727825, 31.421687104], [120.54735770727825, 31.421777568]]]}}, {"type": "Feature", "properties": {"area_ha": 0.0, "mean": null}, "geometry": {"type": "Polygon", "coordinates": [[[120.54104000750569, 31.421687104], [120.54093471250948, 31.42159664], [120.54104000750569, 31.42159664], [120.54104000750569, 31.421687104]]]}}, {"type": "Feature", "properties": {"area_ha": 0.02, "mean": 0.1548}, "geometry": {"type": "Polygon", "coordinates": [[[120.54546239734648, 31.421687104], [120.54514651235785, 31.42159664], [120.54546239734648, 31.421506176], [120.54546239734648, 31.421687104]]]}}, {"type": "Feature", "properties": {"area_ha": 0.01, "mean": 0.1793}, "geometry": {"type": "Polygon", "coordinates": [[[120.54725241228203, 31.42159664], [120.54704182228961, 31.42159664], [120.5468312322972, 31.421506176], [120.54725241228203, 31.42159664]]]}}, {"type": "Feature", "properties": {"area_ha": 0.01, "mean": 0.1262}, "geometry": {"type": "Polygon", "coordinates": [[[120.54956890219864, 31.42159664], [120.54946360720243, 31.421415712], [120.54956890219864, 31.421415712], [120.54956890219864, 31.42159664]]]}}, {"type": "Feature", "properties": {"area_ha": 0.0, "mean": null}, "geometry": {"type": "Polygon", "coordinates": [[[120.54588357733131, 31.421325248], [120.5457782823351, 31.421234784], [120.54588357733131, 31.421234784], [120.54588357733131, 31.421325248]]]}}, {"type": "Feature", "properties": {"area_ha": 0.0, "mean": null}, "geometry": {"type": "Polygon", "coordinates": [[[120.54672593730099, 31.421325248], [120.54662064230477, 31.421234784], [120.54672593730099, 31.421234784], [120.54672593730099, 31.421325248]]]}}, {"type": "Feature", "properties": {"area_ha": 0.0, "mean": null}, "geometry": {"type": "Polygon", "coordinates": [[[120.58242094101593, 31.421234784], [120.58231564601972, 31.42114432], [120.58242094101593, 31.42114432], [120.58242094101593, 31.421234784]]]}}, {"type": "Feature", "properties": {"area_ha": 0.01, "mean": 0.1656}, "geometry": {"type": "Polygon", "coordinates": [[[120.54314590742987, 31.421234784], [120.54304061243367, 31.421053856], [120.54314590742987, 31.421053856], [120.54314590742987, 31.421234784]]]}}, {"type": "Feature", "properties": {"area_ha": 0.0, "mean": null}, "geometry": {"type": "Polygon", "coordinates": [[[120.54609416732373, 31.42114432], [120.54598887232753, 31.421053856], [120.54609416732373, 31.421053856], [120.54609416732373, 31.42114432]]]}}, {"type": "Feature", "properties": {"area_ha": 0.01, "mean": 0.156}, "geometry": {"type": "Polygon", "coordinates": [[[120.58284212100077, 31.421053856], [120.58263153100835, 31.420963392], [120.58284212100077, 31.420963392], [120.58284212100077, 31.421053856]]]}}, {"type": "Feature", "properties": {"area_ha": 0.04, "mean": 0.1261}, "geometry": {"type": "Polygon", "coordinates": [[[120.58515861091736, 31.42114432], [120.58505331592116, 31.420782464000002], [120.58526390591358, 31.420782464000002], [120.58515861091736, 31.42114432]]]}}, {"type": "Feature", "properties": {"area_ha": 0.0, "mean": null}, "geometry": {"type": "Polygon", "coordinates": [[[120.58589567589082, 31.420782464000002], [120.58579038089462, 31.420692], [120.58589567589082, 31.420692], [120.58589567589082, 31.420782464000002]]]}}, {"type": "Feature", "properties": {"area_ha": 0.01, "mean": 0.1535}, "geometry": {"type": "Polygon", "coordinates": [[[120.54672593730099, 31.420692], [120.54651534730857, 31.420692], [120.54619946231995, 31.420601536], [120.54672593730099, 31.420692]]]}}, {"type": "Feature", "properties": {"area_ha": 0.0, "mean": null}, "geometry": {"type": "Polygon", "coordinates": [[[120.54967419719485, 31.420692], [120.54956890219864, 31.420601536], [120.54967419719485, 31.420601536], [120.54967419719485, 31.420692]]]}}, {"type": "Feature", "properties": {"area_ha": 0.01, "mean": 0.1453}, "geometry": {"type": "Polygon", "coordinates": [[[120.58610626588325, 31.420692], [120.58589567589082, 31.420601536], [120.58610626588325, 31.420601536], [120.58610626588325, 31.420692]]]}}, {"type": "Feature", "properties": {"area_ha": 0.0, "mean": null}, "geometry": {"type": "Polygon", "coordinates": [[[120.54377767740714, 31.420601536], [120.54367238241092, 31.420511072], [120.54377767740714, 31.420511072], [120.54377767740714, 31.420601536]]]}}, {"type": "Feature", "properties": {"area_ha": 0.0, "mean": null}, "geometry": {"type": "Polygon", "coordinates": [[[120.54672593730099, 31.420601536], [120.54662064230477, 31.420511072], [120.54672593730099, 31.420511072], [120.54672593730099, 31.420601536]]]}}, {"type": "Feature", "properties": {"area_ha": 0.0, "mean": null}, "geometry": {"type": "Polygon", "coordinates": [[[120.58326330098559, 31.420601536], [120.58315800598939, 31.420511072], [120.58326330098559, 31.420511072], [120.58326330098559, 31.420601536]]]}}, {"type": "Feature", "properties": {"area_ha": 0.03, "mean": 0.1601}, "geometry": {"type": "Polygon", "coordinates": [[[120.5433564974223, 31.420601536], [120.54304061243367, 31.420601536], [120.5433564974223, 31.420420608], [120.5433564974223, 31.420601536]]]}}, {"type": "Feature", "properties": {"area_ha": 0.0, "mean": null}, "geometry": {"type": "Polygon", "coordinates": [[[120.54356708741471, 31.420511072], [120.5434617924185, 31.420420608], [120.54356708741471, 31.420420608], [120.54356708741471, 31.420511072]]]}}, {"type": "Feature", "properties": {"area_ha": 0.0, "mean": null}, "geometry": {"type": "Polygon", "coordinates": [[[120.54325120242609, 31.420420608], [120.54314590742987, 31.420330144], [120.54325120242609, 31.420330144], [120.54325120242609, 31.420420608]]]}}, {"type": "Feature", "properties": {"area_ha": 0.0, "mean": null}, "geometry": {"type": "Polygon", "coordinates": [[[120.54409356239576, 31.420420608], [120.54398826739956, 31.420330144], [120.54409356239576, 31.420330144], [120.54409356239576, 31.420420608]]]}}, {"type": "Feature", "properties": {"area_ha": 0.0, "mean": null}, "geometry": {"type": "Polygon", "coordinates": [[[120.5867380358605, 31.420420608], [120.58663274086429, 31.420330144], [120.5867380358605, 31.420330144], [120.5867380358605, 31.420420608]]]}}, {"type": "Feature", "properties": {"area_ha": 0.0, "mean": null}, "geometry": {"type": "Polygon", "coordinates": [[[120.54388297240334, 31.420330144], [120.54377767740714, 31.42023968], [120.54388297240334, 31.42023968], [120.54388297240334, 31.420330144]]]}}, {"type": "Feature", "properties": {"area_ha": 0.0, "mean": null}, "geometry": {"type": "Polygon", "coordinates": [[[120.58684333085671, 31.420330144], [120.5867380358605, 31.42023968], [120.58684333085671, 31.42023968], [120.58684333085671, 31.420330144]]]}}, {"type": "Feature", "properties": {"area_ha": 0.0, "mean": null}, "geometry": {"type": "Polygon", "coordinates": [[[120.54367238241092, 31.42023968], [120.54356708741471, 31.420149216], [120.54367238241092, 31.420149216], [120.54367238241092, 31.42023968]]]}}, {"type": "Feature", "properties": {"area_ha": 0.0, "mean": null}, "geometry": {"type": "Polygon", "coordinates": [[[120.54925301721, 31.42023968], [120.5491477222138, 31.420149216], [120.54925301721, 31.420149216], [120.54925301721, 31.42023968]]]}}, {"type": "Feature", "properties": {"area_ha": 0.01, "mean": 0.1286}, "geometry": {"type": "Polygon", "coordinates": [[[120.54746300227445, 31.420420608], [120.54735770727825, 31.420330144], [120.54746300227445, 31.420058752], [120.54746300227445, 31.420420608]]]}}, {"type": "Feature", "properties": {"area_ha": 0.0, "mean": null}, "geometry": {"type": "Polygon", "coordinates": [[[120.54104000750569, 31.420149216], [120.54093471250948, 31.420058752], [120.54104000750569, 31.420058752], [120.54104000750569, 31.420149216]]]}}, {"type": "Feature", "properties": {"area_ha": 0.0, "mean": null}, "geometry": {"type": "Polygon", "coordinates": [[[120.54240884245641, 31.420149216], [120.54230354746021, 31.420058752], [120.54240884245641, 31.420058752], [120.54240884245641, 31.420149216]]]}}, {"type": "Feature", "properties": {"area_ha": 0.01, "mean": 0.1459}, "geometry": {"type": "Polygon", "coordinates": [[[120.54356708741471, 31.420149216], [120.5433564974223, 31.420058752], [120.54356708741471, 31.420058752], [120.54356708741471, 31.420149216]]]}}, {"type": "Feature", "properties": {"area_ha": 0.06, "mean": 0.1187}, "geometry": {"type": "Polygon", "coordinates": [[[120.58747510083397, 31.42023968], [120.58726451084155, 31.419968288], [120.58768569082639, 31.420058752], [120.58747510083397, 31.42023968]]]}}, {"type": "Feature", "properties": {"area_ha": 0.0, "mean": null}, "geometry": {"type": "Polygon", "coordinates": [[[120.5433564974223, 31.420058752], [120.54325120242609, 31.419968288], [120.5433564974223, 31.419968288], [120.5433564974223, 31.420058752]]]}}, {"type": "Feature", "properties": {"area_ha": 0.0, "mean": null}, "geometry": {"type": "Polygon", "coordinates": [[[120.54440944738438, 31.420058752], [120.54430415238818, 31.419968288], [120.54440944738438, 31.419968288], [120.54440944738438, 31.420058752]]]}}, {"type": "Feature", "properties": {"area_ha": 0.0, "mean": null}, "geometry": {"type": "Polygon", "coordinates": [[[120.54325120242609, 31.419968288], [120.54314590742987, 31.419877824], [120.54325120242609, 31.419877824], [120.54325120242609, 31.419968288]]]}}, {"type": "Feature", "properties": {"area_ha": 0.0, "mean": null}, "geometry": {"type": "Polygon", "coordinates": [[[120.5445147423806, 31.419968288], [120.54440944738438, 31.419877824], [120.5445147423806, 31.419877824], [120.5445147423806, 31.419968288]]]}}, {"type": "Feature", "properties": {"area_ha": 0.0, "mean": null}, "geometry": {"type": "Polygon", "coordinates": [[[120.58378977596665, 31.419968288], [120.58368448097043, 31.419877824], [120.58378977596665, 31.419877824], [120.58378977596665, 31.419968288]]]}}, {"type": "Feature", "properties": {"area_ha": 0.01, "mean": 0.1262}, "geometry": {"type": "Polygon", "coordinates": [[[120.58789628081881, 31.419968288], [120.5877909858226, 31.41978736], [120.58789628081881, 31.41978736], [120.58789628081881, 31.419968288]]]}}, {"type": "Feature", "properties": {"area_ha": 0.0, "mean": null}, "geometry": {"type": "Polygon", "coordinates": [[[120.54082941751327, 31.419877824], [120.54072412251706, 31.41978736], [120.54082941751327, 31.41978736], [120.54082941751327, 31.419877824]]]}}, {"type": "Feature", "properties": {"area_ha": 0.0, "mean": null}, "geometry": {"type": "Polygon", "coordinates": [[[120.54314590742987, 31.41978736], [120.54304061243367, 31.419696896], [120.54314590742987, 31.419696896], [120.54314590742987, 31.41978736]]]}}, {"type": "Feature", "properties": {"area_ha": 0.0, "mean": null}, "geometry": {"type": "Polygon", "coordinates": [[[120.5843162509477, 31.419696896], [120.58421095595148, 31.419606432000002], [120.5843162509477, 31.419606432000002], [120.5843162509477, 31.419696896]]]}}, {"type": "Feature", "properties": {"area_ha": 0.0, "mean": null}, "geometry": {"type": "Polygon", "coordinates": [[[120.5445147423806, 31.419606432000002], [120.54440944738438, 31.419515968], [120.5445147423806, 31.419515968], [120.5445147423806, 31.419606432000002]]]}}, {"type": "Feature", "properties": {"area_ha": 0.0, "mean": null}, "geometry": {"type": "Polygon", "coordinates": [[[120.58452684094011, 31.419606432000002], [120.5844215459439, 31.419515968], [120.58452684094011, 31.419515968], [120.58452684094011, 31.419606432000002]]]}}, {"type": "Feature", "properties": {"area_ha": 0.0, "mean": null}, "geometry": {"type": "Polygon", "coordinates": [[[120.58684333085671, 31.419606432000002], [120.5867380358605, 31.419515968], [120.58684333085671, 31.419515968], [120.58684333085671, 31.419606432000002]]]}}, {"type": "Feature", "properties": {"area_ha": 0.0, "mean": null}, "geometry": {"type": "Polygon", "coordinates": [[[120.54325120242609, 31.419606432000002], [120.54304061243367, 31.419425504], [120.54325120242609, 31.419515968], [120.54325120242609, 31.419606432000002]]]}}, {"type": "Feature", "properties": {"area_ha": 0.0, "mean": null}, "geometry": {"type": "Polygon", "coordinates": [[[120.58473743093253, 31.419515968], [120.58463213593632, 31.419425504], [120.58473743093253, 31.419425504], [120.58473743093253, 31.419515968]]]}}, {"type": "Feature", "properties": {"area_ha": 0.0, "mean": null}, "geometry": {"type": "Polygon", "coordinates": [[[120.54440944738438, 31.419425504], [120.54430415238818, 31.41933504], [120.54440944738438, 31.41933504], [120.54440944738438, 31.419425504]]]}}, {"type": "Feature", "properties": {"area_ha": 0.0, "mean": null}, "geometry": {"type": "Polygon", "coordinates": [[[120.54051353252464, 31.41933504], [120.54040823752844, 31.419244576], [120.54051353252464, 31.419244576], [120.54051353252464, 31.41933504]]]}}, {"type": "Feature", "properties": {"area_ha": 0.0, "mean": null}, "geometry": {"type": "Polygon", "coordinates": [[[120.54430415238818, 31.41933504], [120.54419885739196, 31.419244576], [120.54430415238818, 31.419244576], [120.54430415238818, 31.41933504]]]}}, {"type": "Feature", "properties": {"area_ha": 0.01, "mean": 0.1435}, "geometry": {"type": "Polygon", "coordinates": [[[120.5877909858226, 31.419244576], [120.58768569082639, 31.41933504], [120.58758039583017, 31.419244576], [120.5877909858226, 31.419244576]]]}}, {"type": "Feature", "properties": {"area_ha": 0.0, "mean": null}, "geometry": {"type": "Polygon", "coordinates": [[[120.54061882752086, 31.419154112], [120.54051353252464, 31.419063648], [120.54061882752086, 31.419063648], [120.54061882752086, 31.419154112]]]}}, {"type": "Feature", "properties": {"area_ha": 0.01, "mean": 0.1467}, "geometry": {"type": "Polygon", "coordinates": [[[120.58568508589842, 31.419063648], [120.585474495906, 31.418973184], [120.58568508589842, 31.418973184], [120.58568508589842, 31.419063648]]]}}, {"type": "Feature", "properties": {"area_ha": 0.0, "mean": null}, "geometry": {"type": "Polygon", "coordinates": [[[120.58926511576952, 31.419063648], [120.58915982077332, 31.418973184], [120.58926511576952, 31.418973184], [120.58926511576952, 31.419063648]]]}}, {"type": "Feature", "properties": {"area_ha": 0.0, "mean": null}, "geometry": {"type": "Polygon", "coordinates": [[[120.58600097088704, 31.418973184], [120.58589567589082, 31.41888272], [120.58600097088704, 31.41888272], [120.58600097088704, 31.418973184]]]}}, {"type": "Feature", "properties": {"area_ha": 0.0, "mean": null}, "geometry": {"type": "Polygon", "coordinates": [[[120.58852805079606, 31.418973184], [120.58842275579985, 31.41888272], [120.58852805079606, 31.41888272], [120.58852805079606, 31.418973184]]]}}, {"type": "Feature", "properties": {"area_ha": 0.0, "mean": null}, "geometry": {"type": "Polygon", "coordinates": [[[120.58947570576194, 31.41888272], [120.58937041076574, 31.418792256], [120.58947570576194, 31.418792256], [120.58947570576194, 31.41888272]]]}}, {"type": "Feature", "properties": {"area_ha": 0.0, "mean": null}, "geometry": {"type": "Polygon", "coordinates": [[[120.58631685587567, 31.418792256], [120.58621156087946, 31.418701792], [120.58631685587567, 31.418701792], [120.58631685587567, 31.418792256]]]}}, {"type": "Feature", "properties": {"area_ha": 0.0, "mean": null}, "geometry": {"type": "Polygon", "coordinates": [[[120.58958100075816, 31.418792256], [120.58947570576194, 31.418701792], [120.58958100075816, 31.418701792], [120.58958100075816, 31.418792256]]]}}, {"type": "Feature", "properties": {"area_ha": 0.0, "mean": null}, "geometry": {"type": "Polygon", "coordinates": [[[120.58968629575436, 31.418701792], [120.58958100075816, 31.418611328], [120.58968629575436, 31.418611328], [120.58968629575436, 31.418701792]]]}}, {"type": "Feature", "properties": {"area_ha": 0.0, "mean": null}, "geometry": {"type": "Polygon", "coordinates": [[[120.54261943244883, 31.418520864], [120.54251413745261, 31.418430400000002], [120.54261943244883, 31.418430400000002], [120.54261943244883, 31.418520864]]]}}, {"type": "Feature", "properties": {"area_ha": 0.0, "mean": null}, "geometry": {"type": "Polygon", "coordinates": [[[120.58652744586809, 31.418520864], [120.58642215087188, 31.418430400000002], [120.58652744586809, 31.418430400000002], [120.58652744586809, 31.418520864]]]}}, {"type": "Feature", "properties": {"area_ha": 0.01, "mean": 0.131}, "geometry": {"type": "Polygon", "coordinates": [[[120.58684333085671, 31.418430400000002], [120.58652744586809, 31.418339936], [120.58684333085671, 31.418339936], [120.58684333085671, 31.418430400000002]]]}}, {"type": "Feature", "properties": {"area_ha": 0.0, "mean": null}, "geometry": {"type": "Polygon", "coordinates": [[[120.58694862585293, 31.418339936], [120.58684333085671, 31.418249472], [120.58694862585293, 31.418249472], [120.58694862585293, 31.418339936]]]}}, {"type": "Feature", "properties": {"area_ha": 0.0, "mean": null}, "geometry": {"type": "Polygon", "coordinates": [[[120.5901074757392, 31.418339936], [120.59000218074299, 31.418249472], [120.5901074757392, 31.418249472], [120.5901074757392, 31.418339936]]]}}, {"type": "Feature", "properties": {"area_ha": 0.0, "mean": null}, "geometry": {"type": "Polygon", "coordinates": [[[120.58705392084913, 31.418249472], [120.58694862585293, 31.418159008], [120.58705392084913, 31.418159008], [120.58705392084913, 31.418249472]]]}}, {"type": "Feature", "properties": {"area_ha": 0.0, "mean": null}, "geometry": {"type": "Polygon", "coordinates": [[[120.58715921584535, 31.418159008], [120.58705392084913, 31.418068544], [120.58715921584535, 31.418068544], [120.58715921584535, 31.418159008]]]}}, {"type": "Feature", "properties": {"area_ha": 0.0, "mean": null}, "geometry": {"type": "Polygon", "coordinates": [[[120.59042336072783, 31.418159008], [120.59031806573162, 31.418068544], [120.59042336072783, 31.418068544], [120.59042336072783, 31.418159008]]]}}, {"type": "Feature", "properties": {"area_ha": 0.0, "mean": null}, "geometry": {"type": "Polygon", "coordinates": [[[120.59073924571645, 31.41797808], [120.59063395072025, 31.417887616], [120.59073924571645, 31.417887616], [120.59073924571645, 31.41797808]]]}}, {"type": "Feature", "properties": {"area_ha": 0.02, "mean": 0.161}, "geometry": {"type": "Polygon", "coordinates": [[[120.5412505974981, 31.41797808], [120.54104000750569, 31.417887616], [120.5412505974981, 31.417797152], [120.5412505974981, 31.41797808]]]}}, {"type": "Feature", "properties": {"area_ha": 0.0, "mean": null}, "geometry": {"type": "Polygon", "coordinates": [[[120.5490424272176, 31.417887616], [120.54893713222138, 31.417797152], [120.5490424272176, 31.417797152], [120.5490424272176, 31.417887616]]]}}, {"type": "Feature", "properties": {"area_ha": 0.0, "mean": null}, "geometry": {"type": "Polygon", "coordinates": [[[120.59105513070509, 31.417797152], [120.59094983570887, 31.417706688], [120.59105513070509, 31.417706688], [120.59105513070509, 31.417797152]]]}}, {"type": "Feature", "properties": {"area_ha": 0.01, "mean": 0.1222}, "geometry": {"type": "Polygon", "coordinates": [[[120.5491477222138, 31.417797152], [120.5490424272176, 31.417616224], [120.5491477222138, 31.417616224], [120.5491477222138, 31.417797152]]]}}, {"type": "Feature", "properties": {"area_ha": 0.0, "mean": null}, "geometry": {"type": "Polygon", "coordinates": [[[120.59116042570129, 31.417706688], [120.59105513070509, 31.417616224], [120.59116042570129, 31.417616224], [120.59116042570129, 31.417706688]]]}}, {"type": "Feature", "properties": {"area_ha": 0.0, "mean": null}, "geometry": {"type": "Polygon", "coordinates": [[[120.54935831220622, 31.417616224], [120.54925301721, 31.41752576], [120.54935831220622, 31.41752576], [120.54935831220622, 31.417616224]]]}}, {"type": "Feature", "properties": {"area_ha": 0.02, "mean": 0.1951}, "geometry": {"type": "Polygon", "coordinates": [[[120.59158160568613, 31.417616224], [120.5912657206975, 31.417435296], [120.59158160568613, 31.41752576], [120.59158160568613, 31.417616224]]]}}, {"type": "Feature", "properties": {"area_ha": 0.0, "mean": null}, "geometry": {"type": "Polygon", "coordinates": [[[120.5890545257771, 31.41752576], [120.5889492307809, 31.417435296], [120.5890545257771, 31.417435296], [120.5890545257771, 31.41752576]]]}}, {"type": "Feature", "properties": {"area_ha": 0.0, "mean": null}, "geometry": {"type": "Polygon", "coordinates": [[[120.59189749067475, 31.417254368000002], [120.59179219567855, 31.417163904], [120.59189749067475, 31.417163904], [120.59189749067475, 31.417254368000002]]]}}, {"type": "Feature", "properties": {"area_ha": 0.0, "mean": null}, "geometry": {"type": "Polygon", "coordinates": [[[120.59200278567097, 31.417163904], [120.59189749067475, 31.41707344], [120.59200278567097, 31.41707344], [120.59200278567097, 31.417163904]]]}}, {"type": "Feature", "properties": {"area_ha": 0.0, "mean": null}, "geometry": {"type": "Polygon", "coordinates": [[[120.53977646755118, 31.416982976], [120.53967117255497, 31.416892512], [120.53977646755118, 31.416892512], [120.53977646755118, 31.416982976]]]}}, {"type": "Feature", "properties": {"area_ha": 0.01, "mean": 0.1064}, "geometry": {"type": "Polygon", "coordinates": [[[120.54883183722518, 31.416892512], [120.54851595223654, 31.416802048], [120.54883183722518, 31.416802048], [120.54883183722518, 31.416892512]]]}}, {"type": "Feature", "properties": {"area_ha": 0.0, "mean": null}, "geometry": {"type": "Polygon", "coordinates": [[[120.5901074757392, 31.416892512], [120.59000218074299, 31.416802048], [120.5901074757392, 31.416802048], [120.5901074757392, 31.416892512]]]}}, {"type": "Feature", "properties": {"area_ha": 0.01, "mean": 0.1042}, "geometry": {"type": "Polygon", "coordinates": [[[120.59147631068993, 31.416892512], [120.5912657206975, 31.416711584], [120.59147631068993, 31.416711584], [120.59147631068993, 31.416892512]]]}}, {"type": "Feature", "properties": {"area_ha": 0.0, "mean": null}, "geometry": {"type": "Polygon", "coordinates": [[[120.59031806573162, 31.416711584], [120.5902127707354, 31.41662112], [120.59031806573162, 31.41662112], [120.59031806573162, 31.416711584]]]}}, {"type": "Feature", "properties": {"area_ha": 0.0, "mean": null}, "geometry": {"type": "Polygon", "coordinates": [[[120.59221337566339, 31.416711584], [120.59210808066717, 31.41662112], [120.59221337566339, 31.41662112], [120.59221337566339, 31.416711584]]]}}, {"type": "Feature", "properties": {"area_ha": 0.05, "mean": 0.1736}, "geometry": {"type": "Polygon", "coordinates": [[[120.55125362213799, 31.416711584], [120.55062185216073, 31.416530656], [120.55125362213799, 31.416530656], [120.55125362213799, 31.416711584]]]}}, {"type": "Feature", "properties": {"area_ha": 0.0, "mean": null}, "geometry": {"type": "Polygon", "coordinates": [[[120.5399870575436, 31.41662112], [120.5398817625474, 31.416530656], [120.5399870575436, 31.416530656], [120.5399870575436, 31.41662112]]]}}, {"type": "Feature", "properties": {"area_ha": 0.0, "mean": null}, "geometry": {"type": "Polygon", "coordinates": [[[120.59042336072783, 31.41662112], [120.59031806573162, 31.416530656], [120.59042336072783, 31.416530656], [120.59042336072783, 31.41662112]]]}}, {"type": "Feature", "properties": {"area_ha": 0.01, "mean": 0.1028}, "geometry": {"type": "Polygon", "coordinates": [[[120.59105513070509, 31.41662112], [120.59084454071267, 31.416530656], [120.59105513070509, 31.416530656], [120.59105513070509, 31.41662112]]]}}, {"type": "Feature", "properties": {"area_ha": 0.0, "mean": null}, "geometry": {"type": "Polygon", "coordinates": [[[120.59189749067475, 31.41662112], [120.59179219567855, 31.416530656], [120.59189749067475, 31.416530656], [120.59189749067475, 31.41662112]]]}}, {"type": "Feature", "properties": {"area_ha": 0.0, "mean": null}, "geometry": {"type": "Polygon", "coordinates": [[[120.5923186706596, 31.41662112], [120.59221337566339, 31.416530656], [120.5923186706596, 31.416530656], [120.5923186706596, 31.41662112]]]}}, {"type": "Feature", "properties": {"area_ha": 0.0, "mean": null}, "geometry": {"type": "Polygon", "coordinates": [[[120.5400923525398, 31.416530656], [120.5399870575436, 31.416440192], [120.5400923525398, 31.416440192], [120.5400923525398, 31.416530656]]]}}, {"type": "Feature", "properties": {"area_ha": 0.0, "mean": null}, "geometry": {"type": "Polygon", "coordinates": [[[120.5924239656558, 31.416530656], [120.5923186706596, 31.416440192], [120.5924239656558, 31.416440192], [120.5924239656558, 31.416530656]]]}}, {"type": "Feature", "properties": {"area_ha": 0.01, "mean": 0.109}, "geometry": {"type": "Polygon", "coordinates": [[[120.54051353252464, 31.416440192], [120.54019764753602, 31.416349728], [120.54051353252464, 31.416349728], [120.54051353252464, 31.416440192]]]}}, {"type": "Feature", "properties": {"area_ha": 0.0, "mean": null}, "geometry": {"type": "Polygon", "coordinates": [[[120.54283002244125, 31.416440192], [120.54272472744503, 31.416349728], [120.54283002244125, 31.416349728], [120.54283002244125, 31.416440192]]]}}, {"type": "Feature", "properties": {"area_ha": 0.0, "mean": null}, "geometry": {"type": "Polygon", "coordinates": [[[120.54167177748295, 31.416349728], [120.54156648248674, 31.416259264], [120.54167177748295, 31.416259264], [120.54167177748295, 31.416349728]]]}}, {"type": "Feature", "properties": {"area_ha": 0.0, "mean": null}, "geometry": {"type": "Polygon", "coordinates": [[[120.59105513070509, 31.416349728], [120.59094983570887, 31.416259264], [120.59105513070509, 31.416259264], [120.59105513070509, 31.416349728]]]}}, {"type": "Feature", "properties": {"area_ha": 0.03, "mean": 0.13}, "geometry": {"type": "Polygon", "coordinates": [[[120.59147631068993, 31.416078336], [120.59137101569371, 31.416259264], [120.59105513070509, 31.4161688], [120.59147631068993, 31.416078336]]]}}, {"type": "Feature", "properties": {"area_ha": 0.0, "mean": null}, "geometry": {"type": "Polygon", "coordinates": [[[120.54177707247915, 31.4161688], [120.54167177748295, 31.416078336], [120.54177707247915, 31.416078336], [120.54177707247915, 31.4161688]]]}}, {"type": "Feature", "properties": {"area_ha": 0.0, "mean": null}, "geometry": {"type": "Polygon", "coordinates": [[[120.59263455564822, 31.416078336], [120.59252926065201, 31.415987872], [120.59263455564822, 31.415987872], [120.59263455564822, 31.416078336]]]}}, {"type": "Feature", "properties": {"area_ha": 0.01, "mean": 0.1163}, "geometry": {"type": "Polygon", "coordinates": [[[120.54261943244883, 31.4161688], [120.54251413745261, 31.415897408], [120.54261943244883, 31.415897408], [120.54261943244883, 31.4161688]]]}}, {"type": "Feature", "properties": {"area_ha": 0.01, "mean": 0.1152}, "geometry": {"type": "Polygon", "coordinates": [[[120.59200278567097, 31.4161688], [120.59189749067475, 31.415897408], [120.59200278567097, 31.415897408], [120.59200278567097, 31.4161688]]]}}, {"type": "Feature", "properties": {"area_ha": 0.01, "mean": 0.1015}, "geometry": {"type": "Polygon", "coordinates": [[[120.59295044063686, 31.416078336], [120.59284514564064, 31.415897408], [120.59295044063686, 31.415897408], [120.59295044063686, 31.416078336]]]}}, {"type": "Feature", "properties": {"area_ha": 0.0, "mean": null}, "geometry": {"type": "Polygon", "coordinates": [[[120.59147631068993, 31.415987872], [120.59137101569371, 31.415897408], [120.59147631068993, 31.415897408], [120.59147631068993, 31.415987872]]]}}, {"type": "Feature", "properties": {"area_ha": 0.01, "mean": 0.1142}, "geometry": {"type": "Polygon", "coordinates": [[[120.59221337566339, 31.415987872], [120.59210808066717, 31.415806944], [120.59221337566339, 31.415806944], [120.59221337566339, 31.415987872]]]}}, {"type": "Feature", "properties": {"area_ha": 0.0, "mean": null}, "geometry": {"type": "Polygon", "coordinates": [[[120.59316103062928, 31.415897408], [120.59305573563306, 31.415806944], [120.59316103062928, 31.415806944], [120.59316103062928, 31.415897408]]]}}, {"type": "Feature", "properties": {"area_ha": 0.02, "mean": 0.1291}, "geometry": {"type": "Polygon", "coordinates": [[[120.59252926065201, 31.415897408], [120.5924239656558, 31.41571648], [120.59263455564822, 31.41571648], [120.59252926065201, 31.415897408]]]}}, {"type": "Feature", "properties": {"area_ha": 0.01, "mean": 0.1106}, "geometry": {"type": "Polygon", "coordinates": [[[120.59305573563306, 31.415806944], [120.59284514564064, 31.41571648], [120.59305573563306, 31.41571648], [120.59305573563306, 31.415806944]]]}}, {"type": "Feature", "properties": {"area_ha": 0.0, "mean": null}, "geometry": {"type": "Polygon", "coordinates": [[[120.5924239656558, 31.41571648], [120.5923186706596, 31.415626016], [120.5924239656558, 31.415626016], [120.5924239656558, 31.41571648]]]}}, {"type": "Feature", "properties": {"area_ha": 0.0, "mean": null}, "geometry": {"type": "Polygon", "coordinates": [[[120.59273985064443, 31.41571648], [120.59263455564822, 31.415626016], [120.59273985064443, 31.415626016], [120.59273985064443, 31.41571648]]]}}, {"type": "Feature", "properties": {"area_ha": 0.05, "mean": 0.1255}, "geometry": {"type": "Polygon", "coordinates": [[[120.59179219567855, 31.415897408], [120.59200278567097, 31.415535552], [120.59221337566339, 31.415626016], [120.59179219567855, 31.415897408]]]}}, {"type": "Feature", "properties": {"area_ha": 0.0, "mean": null}, "geometry": {"type": "Polygon", "coordinates": [[[120.55199068711146, 31.415626016], [120.55188539211524, 31.415535552], [120.55199068711146, 31.415535552], [120.55199068711146, 31.415626016]]]}}, {"type": "Feature", "properties": {"area_ha": 0.01, "mean": 0.3629}, "geometry": {"type": "Polygon", "coordinates": [[[120.55230657210008, 31.415535552], [120.55209598210766, 31.415445088000002], [120.55230657210008, 31.415445088000002], [120.55230657210008, 31.415535552]]]}}, {"type": "Feature", "properties": {"area_ha": 0.0, "mean": null}, "geometry": {"type": "Polygon", "coordinates": [[[120.59368750561032, 31.414721376], [120.5935822106141, 31.414630912], [120.59368750561032, 31.414630912], [120.59368750561032, 31.414721376]]]}}, {"type": "Feature", "properties": {"area_ha": 0.02, "mean": 0.1662}, "geometry": {"type": "Polygon", "coordinates": [[[120.5947404555724, 31.414630912], [120.5946351605762, 31.414449984], [120.59484575056861, 31.414449984], [120.5947404555724, 31.414630912]]]}}, {"type": "Feature", "properties": {"area_ha": 0.0, "mean": null}, "geometry": {"type": "Polygon", "coordinates": [[[120.52935226292647, 31.414540448], [120.52924696793025, 31.414449984], [120.52935226292647, 31.414449984], [120.52935226292647, 31.414540448]]]}}, {"type": "Feature", "properties": {"area_ha": 0.0, "mean": null}, "geometry": {"type": "Polygon", "coordinates": [[[120.59410868559515, 31.414449984], [120.59400339059894, 31.41435952], [120.59410868559515, 31.41435952], [120.59410868559515, 31.414449984]]]}}, {"type": "Feature", "properties": {"area_ha": 0.01, "mean": 0.1338}, "geometry": {"type": "Polygon", "coordinates": [[[120.59431927558757, 31.41435952], [120.59410868559515, 31.414269056000002], [120.59431927558757, 31.414269056000002], [120.59431927558757, 31.41435952]]]}}, {"type": "Feature", "properties": {"area_ha": 0.0, "mean": null}, "geometry": {"type": "Polygon", "coordinates": [[[120.59516163555725, 31.41435952], [120.59505634056103, 31.414269056000002], [120.59516163555725, 31.414269056000002], [120.59516163555725, 31.41435952]]]}}, {"type": "Feature", "properties": {"area_ha": 0.0, "mean": null}, "geometry": {"type": "Polygon", "coordinates": [[[120.59537222554967, 31.414269056000002], [120.59526693055345, 31.414178592], [120.59537222554967, 31.414178592], [120.59537222554967, 31.414269056000002]]]}}, {"type": "Feature", "properties": {"area_ha": 0.0, "mean": null}, "geometry": {"type": "Polygon", "coordinates": [[[120.59431927558757, 31.414178592], [120.59421398059136, 31.414088128], [120.59431927558757, 31.414088128], [120.59431927558757, 31.414178592]]]}}, {"type": "Feature", "properties": {"area_ha": 0.01, "mean": 0.1498}, "geometry": {"type": "Polygon", "coordinates": [[[120.54219825246399, 31.414178592], [120.54209295746779, 31.413997664], [120.54219825246399, 31.413997664], [120.54219825246399, 31.414178592]]]}}, {"type": "Feature", "properties": {"area_ha": 0.0, "mean": null}, "geometry": {"type": "Polygon", "coordinates": [[[120.59568811053829, 31.414088128], [120.59558281554209, 31.413997664], [120.59568811053829, 31.413997664], [120.59568811053829, 31.414088128]]]}}, {"type": "Feature", "properties": {"area_ha": 0.0, "mean": null}, "geometry": {"type": "Polygon", "coordinates": [[[120.5946351605762, 31.413997664], [120.59452986557999, 31.4139072], [120.5946351605762, 31.4139072], [120.5946351605762, 31.413997664]]]}}, {"type": "Feature", "properties": {"area_ha": 0.0, "mean": null}, "geometry": {"type": "Polygon", "coordinates": [[[120.5947404555724, 31.4139072], [120.5946351605762, 31.413816736], [120.5947404555724, 31.413816736], [120.5947404555724, 31.4139072]]]}}, {"type": "Feature", "properties": {"area_ha": 0.0, "mean": null}, "geometry": {"type": "Polygon", "coordinates": [[[120.59600399552691, 31.4139072], [120.59589870053071, 31.413816736], [120.59600399552691, 31.413816736], [120.59600399552691, 31.4139072]]]}}, {"type": "Feature", "properties": {"area_ha": 0.0, "mean": null}, "geometry": {"type": "Polygon", "coordinates": [[[120.59484575056861, 31.413816736], [120.5947404555724, 31.413726272], [120.59484575056861, 31.413726272], [120.59484575056861, 31.413816736]]]}}, {"type": "Feature", "properties": {"area_ha": 0.0, "mean": null}, "geometry": {"type": "Polygon", "coordinates": [[[120.59621458551933, 31.413816736], [120.59610929052313, 31.413726272], [120.59621458551933, 31.413726272], [120.59621458551933, 31.413816736]]]}}, {"type": "Feature", "properties": {"area_ha": 0.0, "mean": null}, "geometry": {"type": "Polygon", "coordinates": [[[120.59505634056103, 31.413726272], [120.59495104556483, 31.413635808], [120.59505634056103, 31.413635808], [120.59505634056103, 31.413726272]]]}}, {"type": "Feature", "properties": {"area_ha": 0.01, "mean": 0.1089}, "geometry": {"type": "Polygon", "coordinates": [[[120.59537222554967, 31.413726272], [120.59516163555725, 31.413635808], [120.59537222554967, 31.413635808], [120.59537222554967, 31.413726272]]]}}, {"type": "Feature", "properties": {"area_ha": 0.0, "mean": null}, "geometry": {"type": "Polygon", "coordinates": [[[120.59558281554209, 31.413726272], [120.59547752054587, 31.413635808], [120.59558281554209, 31.413635808], [120.59558281554209, 31.413726272]]]}}, {"type": "Feature", "properties": {"area_ha": 0.0, "mean": null}, "geometry": {"type": "Polygon", "coordinates": [[[120.59642517551175, 31.413726272], [120.59631988051555, 31.413635808], [120.59642517551175, 31.413635808], [120.59642517551175, 31.413726272]]]}}, {"type": "Feature", "properties": {"area_ha": 0.12, "mean": 0.1432}, "geometry": {"type": "Polygon", "coordinates": [[[120.5605195818044, 31.414088128], [120.55999310682336, 31.4139072], [120.5604142868082, 31.413545344], [120.5605195818044, 31.414088128]]]}}, {"type": "Feature", "properties": {"area_ha": 0.0, "mean": null}, "geometry": {"type": "Polygon", "coordinates": [[[120.59547752054587, 31.413635808], [120.59537222554967, 31.413545344], [120.59547752054587, 31.413545344], [120.59547752054587, 31.413635808]]]}}, {"type": "Feature", "properties": {"area_ha": 0.0, "mean": null}, "geometry": {"type": "Polygon", "coordinates": [[[120.59653047050796, 31.413635808], [120.59642517551175, 31.413545344], [120.59653047050796, 31.413545344], [120.59653047050796, 31.413635808]]]}}, {"type": "Feature", "properties": {"area_ha": 0.01, "mean": 0.1426}, "geometry": {"type": "Polygon", "coordinates": [[[120.54230354746021, 31.413635808], [120.54219825246399, 31.41345488], [120.54230354746021, 31.41345488], [120.54230354746021, 31.413635808]]]}}, {"type": "Feature", "properties": {"area_ha": 0.0, "mean": null}, "geometry": {"type": "Polygon", "coordinates": [[[120.59663576550417, 31.413545344], [120.59653047050796, 31.41345488], [120.59663576550417, 31.41345488], [120.59663576550417, 31.413545344]]]}}, {"type": "Feature", "properties": {"area_ha": 0.0, "mean": null}, "geometry": {"type": "Polygon", "coordinates": [[[120.5957934055345, 31.413364416], [120.59568811053829, 31.413273952], [120.5957934055345, 31.413273952], [120.5957934055345, 31.413364416]]]}}, {"type": "Feature", "properties": {"area_ha": 0.0, "mean": null}, "geometry": {"type": "Polygon", "coordinates": [[[120.5969516504928, 31.413364416], [120.5968463554966, 31.413273952], [120.5969516504928, 31.413273952], [120.5969516504928, 31.413364416]]]}}, {"type": "Feature", "properties": {"area_ha": 0.0, "mean": null}, "geometry": {"type": "Polygon", "coordinates": [[[120.59600399552691, 31.413273952], [120.59589870053071, 31.413183488], [120.59600399552691, 31.413183488], [120.59600399552691, 31.413273952]]]}}, {"type": "Feature", "properties": {"area_ha": 0.0, "mean": null}, "geometry": {"type": "Polygon", "coordinates": [[[120.59705694548902, 31.413273952], [120.5969516504928, 31.413183488], [120.59705694548902, 31.413183488], [120.59705694548902, 31.413273952]]]}}, {"type": "Feature", "properties": {"area_ha": 0.01, "mean": 0.2532}, "geometry": {"type": "Polygon", "coordinates": [[[120.59726753548144, 31.413183488], [120.59705694548902, 31.413093024000002], [120.59726753548144, 31.413093024000002], [120.59726753548144, 31.413183488]]]}}, {"type": "Feature", "properties": {"area_ha": 0.01, "mean": 0.1665}, "geometry": {"type": "Polygon", "coordinates": [[[120.54240884245641, 31.413273952], [120.54230354746021, 31.41300256], [120.54240884245641, 31.41300256], [120.54240884245641, 31.413273952]]]}}, {"type": "Feature", "properties": {"area_ha": 0.0, "mean": null}, "geometry": {"type": "Polygon", "coordinates": [[[120.59663576550417, 31.41300256], [120.59653047050796, 31.412912096], [120.59663576550417, 31.412912096], [120.59663576550417, 31.41300256]]]}}, {"type": "Feature", "properties": {"area_ha": 0.0, "mean": null}, "geometry": {"type": "Polygon", "coordinates": [[[120.54251413745261, 31.412821632], [120.54240884245641, 31.412731168], [120.54251413745261, 31.412731168], [120.54251413745261, 31.412821632]]]}}, {"type": "Feature", "properties": {"area_ha": 0.0, "mean": null}, "geometry": {"type": "Polygon", "coordinates": [[[120.59716224048522, 31.412821632], [120.59705694548902, 31.412731168], [120.59716224048522, 31.412731168], [120.59716224048522, 31.412821632]]]}}, {"type": "Feature", "properties": {"area_ha": 0.01, "mean": 0.2277}, "geometry": {"type": "Polygon", "coordinates": [[[120.59737283047764, 31.412731168], [120.59716224048522, 31.412640704], [120.59737283047764, 31.412640704], [120.59737283047764, 31.412731168]]]}}, {"type": "Feature", "properties": {"area_ha": 0.01, "mean": 0.1688}, "geometry": {"type": "Polygon", "coordinates": [[[120.59884696042457, 31.412731168], [120.59853107543594, 31.412640704], [120.59884696042457, 31.412640704], [120.59884696042457, 31.412731168]]]}}, {"type": "Feature", "properties": {"area_ha": 0.0, "mean": null}, "geometry": {"type": "Polygon", "coordinates": [[[120.54261943244883, 31.412640704], [120.54251413745261, 31.41255024], [120.54261943244883, 31.41255024], [120.54261943244883, 31.412640704]]]}}, {"type": "Feature", "properties": {"area_ha": 0.01, "mean": 0.2337}, "geometry": {"type": "Polygon", "coordinates": [[[120.59758342047006, 31.412640704], [120.59737283047764, 31.41255024], [120.59758342047006, 31.41255024], [120.59758342047006, 31.412640704]]]}}, {"type": "Feature", "properties": {"area_ha": 0.0, "mean": null}, "geometry": {"type": "Polygon", "coordinates": [[[120.59779401046248, 31.41255024], [120.59768871546626, 31.412459776], [120.59779401046248, 31.412459776], [120.59779401046248, 31.41255024]]]}}, {"type": "Feature", "properties": {"area_ha": 0.0, "mean": null}, "geometry": {"type": "Polygon", "coordinates": [[[120.54272472744503, 31.412459776], [120.54261943244883, 31.412369312], [120.54272472744503, 31.412369312], [120.54272472744503, 31.412459776]]]}}, {"type": "Feature", "properties": {"area_ha": 0.01, "mean": 0.1924}, "geometry": {"type": "Polygon", "coordinates": [[[120.59495104556483, 31.412459776], [120.5947404555724, 31.412369312], [120.59495104556483, 31.412369312], [120.59495104556483, 31.412459776]]]}}, {"type": "Feature", "properties": {"area_ha": 0.01, "mean": 0.1768}, "geometry": {"type": "Polygon", "coordinates": [[[120.5981098954511, 31.412459776], [120.59789930545868, 31.412369312], [120.5981098954511, 31.412369312], [120.5981098954511, 31.412459776]]]}}, {"type": "Feature", "properties": {"area_ha": 0.01, "mean": 0.2009}, "geometry": {"type": "Polygon", "coordinates": [[[120.59832048544352, 31.412369312], [120.5982151904473, 31.412188384], [120.59832048544352, 31.412188384], [120.59832048544352, 31.412369312]]]}}, {"type": "Feature", "properties": {"area_ha": 0.0, "mean": null}, "geometry": {"type": "Polygon", "coordinates": [[[120.54283002244125, 31.412278848], [120.54272472744503, 31.412188384], [120.54283002244125, 31.412188384], [120.54283002244125, 31.412278848]]]}}, {"type": "Feature", "properties": {"area_ha": 0.0, "mean": null}, "geometry": {"type": "Polygon", "coordinates": [[[120.59452986557999, 31.412278848], [120.59442457058378, 31.412188384], [120.59452986557999, 31.412188384], [120.59452986557999, 31.412278848]]]}}, {"type": "Feature", "properties": {"area_ha": 0.03, "mean": 0.2115}, "geometry": {"type": "Polygon", "coordinates": [[[120.59516163555725, 31.412188384], [120.59484575056861, 31.412007456], [120.59516163555725, 31.412007456], [120.59516163555725, 31.412188384]]]}}, {"type": "Feature", "properties": {"area_ha": 0.03, "mean": 0.1835}, "geometry": {"type": "Polygon", "coordinates": [[[120.59863637043215, 31.412188384], [120.59832048544352, 31.41209792], [120.59874166542836, 31.412007456], [120.59863637043215, 31.412188384]]]}}, {"type": "Feature", "properties": {"area_ha": 0.01, "mean": 0.1948}, "geometry": {"type": "Polygon", "coordinates": [[[120.54293531743745, 31.412007456], [120.54283002244125, 31.411736064], [120.54293531743745, 31.411736064], [120.54293531743745, 31.412007456]]]}}, {"type": "Feature", "properties": {"area_ha": 0.0, "mean": null}, "geometry": {"type": "Polygon", "coordinates": [[[120.5902127707354, 31.411826528], [120.5901074757392, 31.411736064], [120.5902127707354, 31.411736064], [120.5902127707354, 31.411826528]]]}}, {"type": "Feature", "properties": {"area_ha": 0.04, "mean": 0.2593}, "geometry": {"type": "Polygon", "coordinates": [[[120.59400339059894, 31.411736064], [120.59379280060652, 31.411916992000002], [120.59379280060652, 31.4116456], [120.59400339059894, 31.411736064]]]}}, {"type": "Feature", "properties": {"area_ha": 0.07, "mean": 0.2126}, "geometry": {"type": "Polygon", "coordinates": [[[120.59589870053071, 31.412278848], [120.59600399552691, 31.4116456], [120.59621458551933, 31.411736064], [120.59589870053071, 31.412278848]]]}}, {"type": "Feature", "properties": {"area_ha": 0.0, "mean": null}, "geometry": {"type": "Polygon", "coordinates": [[[120.59400339059894, 31.4116456], [120.59389809560274, 31.411555136], [120.59400339059894, 31.411555136], [120.59400339059894, 31.4116456]]]}}, {"type": "Feature", "properties": {"area_ha": 0.19, "mean": 0.167}, "geometry": {"type": "Polygon", "coordinates": [[[120.55967722183473, 31.411736064], [120.55967722183473, 31.411374208], [120.5604142868082, 31.411464672], [120.56030899181198, 31.4116456], [120.55967722183473, 31.411736064]], [[120.55999310682336, 31.411464672], [120.56020369681578, 31.411555136], [120.56020369681578, 31.411464672], [120.55999310682336, 31.411464672]]]}}, {"type": "Feature", "properties": {"area_ha": 0.0, "mean": null}, "geometry": {"type": "Polygon", "coordinates": [[[120.55809779689159, 31.411374208], [120.55788720689917, 31.41119328], [120.55799250189538, 31.41119328], [120.55809779689159, 31.411374208]]]}}, {"type": "Feature", "properties": {"area_ha": 0.01, "mean": 0.2092}, "geometry": {"type": "Polygon", "coordinates": [[[120.54304061243367, 31.411374208], [120.54293531743745, 31.41119328], [120.54304061243367, 31.41119328], [120.54304061243367, 31.411374208]]]}}, {"type": "Feature", "properties": {"area_ha": 0.01, "mean": 0.1094}, "geometry": {"type": "Polygon", "coordinates": [[[120.601584630326, 31.411374208], [120.6014793353298, 31.41119328], [120.601584630326, 31.41119328], [120.601584630326, 31.411374208]]]}}, {"type": "Feature", "properties": {"area_ha": 0.01, "mean": 0.1701}, "geometry": {"type": "Polygon", "coordinates": [[[120.60116345034118, 31.411283744], [120.60095286034876, 31.411102816], [120.60116345034118, 31.411102816], [120.60116345034118, 31.411283744]]]}}, {"type": "Feature", "properties": {"area_ha": 0.03, "mean": 0.1913}, "geometry": {"type": "Polygon", "coordinates": [[[120.59979461539045, 31.41119328], [120.59968932039425, 31.411102816], [120.6003210903715, 31.411012352], [120.59979461539045, 31.41119328]]]}}, {"type": "Feature", "properties": {"area_ha": 0.14, "mean": 0.1083}, "geometry": {"type": "Polygon", "coordinates": [[[120.55872956686885, 31.411555136], [120.55830838688401, 31.411102816], [120.55883486186505, 31.411012352], [120.55872956686885, 31.411555136]]]}}, {"type": "Feature", "properties": {"area_ha": 0.0, "mean": null}, "geometry": {"type": "Polygon", "coordinates": [[[120.60084756535254, 31.411102816], [120.60063697536013, 31.410921888], [120.60084756535254, 31.411012352], [120.60084756535254, 31.411102816]]]}}, {"type": "Feature", "properties": {"area_ha": 0.0, "mean": null}, "geometry": {"type": "Polygon", "coordinates": [[[120.6014793353298, 31.411012352], [120.6013740403336, 31.410921888], [120.6014793353298, 31.410921888], [120.6014793353298, 31.411012352]]]}}, {"type": "Feature", "properties": {"area_ha": 0.0, "mean": null}, "geometry": {"type": "Polygon", "coordinates": [[[120.60116345034118, 31.410921888], [120.60105815534496, 31.410831424], [120.60116345034118, 31.410831424], [120.60116345034118, 31.410921888]]]}}, {"type": "Feature", "properties": {"area_ha": 0.08, "mean": 0.1958}, "geometry": {"type": "Polygon", "coordinates": [[[120.56009840181956, 31.411012352], [120.55967722183473, 31.410740960000002], [120.56030899181198, 31.410831424], [120.56009840181956, 31.411012352]]]}}, {"type": "Feature", "properties": {"area_ha": 0.01, "mean": 0.1476}, "geometry": {"type": "Polygon", "coordinates": [[[120.54314590742987, 31.410921888], [120.54304061243367, 31.410650496], [120.54314590742987, 31.410650496], [120.54314590742987, 31.410921888]]]}}, {"type": "Feature", "properties": {"area_ha": 0.05, "mean": 0.1134}, "geometry": {"type": "Polygon", "coordinates": [[[120.59431927558757, 31.410740960000002], [120.59389809560274, 31.410740960000002], [120.59421398059136, 31.410469568], [120.59431927558757, 31.410740960000002]]]}}, {"type": "Feature", "properties": {"area_ha": 0.03, "mean": 0.1298}, "geometry": {"type": "Polygon", "coordinates": [[[120.6014793353298, 31.410650496], [120.6013740403336, 31.410379104], [120.601584630326, 31.410379104], [120.6014793353298, 31.410650496]]]}}, {"type": "Feature", "properties": {"area_ha": 0.01, "mean": 0.1418}, "geometry": {"type": "Polygon", "coordinates": [[[120.54325120242609, 31.410560032], [120.54314590742987, 31.410379104], [120.54325120242609, 31.410379104], [120.54325120242609, 31.410560032]]]}}, {"type": "Feature", "properties": {"area_ha": 0.0, "mean": null}, "geometry": {"type": "Polygon", "coordinates": [[[120.60179522031842, 31.410379104], [120.60168992532222, 31.41028864], [120.60179522031842, 31.41028864], [120.60179522031842, 31.410379104]]]}}, {"type": "Feature", "properties": {"area_ha": 0.0, "mean": null}, "geometry": {"type": "Polygon", "coordinates": [[[120.60190051531464, 31.41028864], [120.60179522031842, 31.410198176], [120.60190051531464, 31.410198176], [120.60190051531464, 31.41028864]]]}}, {"type": "Feature", "properties": {"area_ha": 0.01, "mean": 0.1758}, "geometry": {"type": "Polygon", "coordinates": [[[120.60221640030326, 31.410107712], [120.60190051531464, 31.410017248], [120.60221640030326, 31.410017248], [120.60221640030326, 31.410107712]]]}}, {"type": "Feature", "properties": {"area_ha": 0.0, "mean": null}, "geometry": {"type": "Polygon", "coordinates": [[[120.60242699029568, 31.410017248], [120.60232169529948, 31.409926784], [120.60242699029568, 31.409926784], [120.60242699029568, 31.410017248]]]}}, {"type": "Feature", "properties": {"area_ha": 0.0, "mean": null}, "geometry": {"type": "Polygon", "coordinates": [[[120.54325120242609, 31.409926784], [120.54314590742987, 31.40983632], [120.54325120242609, 31.40983632], [120.54325120242609, 31.409926784]]]}}, {"type": "Feature", "properties": {"area_ha": 0.01, "mean": 0.1735}, "geometry": {"type": "Polygon", "coordinates": [[[120.60253228529189, 31.409926784], [120.60242699029568, 31.409745856], [120.60253228529189, 31.409745856], [120.60253228529189, 31.409926784]]]}}, {"type": "Feature", "properties": {"area_ha": 0.0, "mean": null}, "geometry": {"type": "Polygon", "coordinates": [[[120.52271867816528, 31.40983632], [120.52261338316907, 31.409745856], [120.52271867816528, 31.409745856], [120.52271867816528, 31.40983632]]]}}, {"type": "Feature", "properties": {"area_ha": 0.07, "mean": 0.2447}, "geometry": {"type": "Polygon", "coordinates": [[[120.59610929052313, 31.409926784], [120.59558281554209, 31.40983632], [120.59621458551933, 31.409655392], [120.59610929052313, 31.409926784]]]}}, {"type": "Feature", "properties": {"area_ha": 0.0, "mean": null}, "geometry": {"type": "Polygon", "coordinates": [[[120.6026375802881, 31.409745856], [120.60253228529189, 31.409655392], [120.6026375802881, 31.409655392], [120.6026375802881, 31.409745856]]]}}, {"type": "Feature", "properties": {"area_ha": 0.01, "mean": 0.1382}, "geometry": {"type": "Polygon", "coordinates": [[[120.60305876027294, 31.409655392], [120.60284817028052, 31.409564928], [120.60305876027294, 31.409564928], [120.60305876027294, 31.409655392]]]}}, {"type": "Feature", "properties": {"area_ha": 0.0, "mean": null}, "geometry": {"type": "Polygon", "coordinates": [[[120.59221337566339, 31.409655392], [120.59210808066717, 31.409564928], [120.59221337566339, 31.409564928], [120.59221337566339, 31.409655392]]]}}, {"type": "Feature", "properties": {"area_ha": 0.0, "mean": null}, "geometry": {"type": "Polygon", "coordinates": [[[120.52240279317665, 31.409564928], [120.52229749818045, 31.409474464], [120.52240279317665, 31.409474464], [120.52240279317665, 31.409564928]]]}}, {"type": "Feature", "properties": {"area_ha": 0.01, "mean": 0.1004}, "geometry": {"type": "Polygon", "coordinates": [[[120.60326935026535, 31.409564928], [120.60305876027294, 31.409474464], [120.60326935026535, 31.409474464], [120.60326935026535, 31.409564928]]]}}, {"type": "Feature", "properties": {"area_ha": 0.0, "mean": null}, "geometry": {"type": "Polygon", "coordinates": [[[120.54325120242609, 31.409384], [120.54314590742987, 31.409293536], [120.54325120242609, 31.409293536], [120.54325120242609, 31.409384]]]}}, {"type": "Feature", "properties": {"area_ha": 0.0, "mean": null}, "geometry": {"type": "Polygon", "coordinates": [[[120.52219220318423, 31.409293536], [120.52208690818803, 31.409203072], [120.52219220318423, 31.409203072], [120.52219220318423, 31.409293536]]]}}, {"type": "Feature", "properties": {"area_ha": 0.0, "mean": null}, "geometry": {"type": "Polygon", "coordinates": [[[120.5433564974223, 31.409293536], [120.54325120242609, 31.409203072], [120.5433564974223, 31.409203072], [120.5433564974223, 31.409293536]]]}}, {"type": "Feature", "properties": {"area_ha": 0.0, "mean": null}, "geometry": {"type": "Polygon", "coordinates": [[[120.5434617924185, 31.409022144], [120.5433564974223, 31.40893168], [120.5434617924185, 31.40893168], [120.5434617924185, 31.409022144]]]}}, {"type": "Feature", "properties": {"area_ha": 0.01, "mean": 0.202}, "geometry": {"type": "Polygon", "coordinates": [[[120.59653047050796, 31.40893168], [120.59631988051555, 31.408841216], [120.59653047050796, 31.408841216], [120.59653047050796, 31.40893168]]]}}, {"type": "Feature", "properties": {"area_ha": 0.02, "mean": 0.1165}, "geometry": {"type": "Polygon", "coordinates": [[[120.5924239656558, 31.408841216], [120.5923186706596, 31.40893168], [120.59221337566339, 31.408750752], [120.5924239656558, 31.408841216]]]}}, {"type": "Feature", "properties": {"area_ha": 0.06, "mean": 0.1309}, "geometry": {"type": "Polygon", "coordinates": [[[120.59295044063686, 31.408660288], [120.59252926065201, 31.408388896], [120.59295044063686, 31.408388896], [120.59295044063686, 31.408660288]]]}}, {"type": "Feature", "properties": {"area_ha": 0.03, "mean": 0.1141}, "geometry": {"type": "Polygon", "coordinates": [[[120.59273985064443, 31.408207968], [120.59210808066717, 31.408117504], [120.59273985064443, 31.408117504], [120.59273985064443, 31.408207968]]]}}, {"type": "Feature", "properties": {"area_ha": 0.01, "mean": 0.1636}, "geometry": {"type": "Polygon", "coordinates": [[[120.54398826739956, 31.407212864], [120.54388297240334, 31.407031936], [120.54398826739956, 31.407031936], [120.54398826739956, 31.407212864]]]}}, {"type": "Feature", "properties": {"area_ha": 0.08, "mean": 0.2892}, "geometry": {"type": "Polygon", "coordinates": [[[120.5617831217589, 31.407484256], [120.56136194177408, 31.4071224], [120.5616778267627, 31.406941472], [120.5617831217589, 31.407484256]]]}}, {"type": "Feature", "properties": {"area_ha": 0.01, "mean": 0.1752}, "geometry": {"type": "Polygon", "coordinates": [[[120.54388297240334, 31.40621776], [120.54377767740714, 31.406036832], [120.54388297240334, 31.406036832], [120.54388297240334, 31.40621776]]]}}, {"type": "Feature", "properties": {"area_ha": 0.0, "mean": null}, "geometry": {"type": "Polygon", "coordinates": [[[120.56399431667931, 31.406127296], [120.5638890216831, 31.406036832], [120.56399431667931, 31.406036832], [120.56399431667931, 31.406127296]]]}}, {"type": "Feature", "properties": {"area_ha": 0.01, "mean": 0.1148}, "geometry": {"type": "Polygon", "coordinates": [[[120.56378372668689, 31.406127296], [120.56357313669447, 31.405946368], [120.56378372668689, 31.405946368], [120.56378372668689, 31.406127296]]]}}, {"type": "Feature", "properties": {"area_ha": 0.01, "mean": 0.1246}, "geometry": {"type": "Polygon", "coordinates": [[[120.56378372668689, 31.405855904], [120.56357313669447, 31.405674976], [120.56378372668689, 31.405674976], [120.56378372668689, 31.405855904]]]}}, {"type": "Feature", "properties": {"area_ha": 0.0, "mean": null}, "geometry": {"type": "Polygon", "coordinates": [[[120.56431020166794, 31.405674976], [120.56420490667172, 31.405584512], [120.56431020166794, 31.405584512], [120.56431020166794, 31.405674976]]]}}, {"type": "Feature", "properties": {"area_ha": 0.0, "mean": null}, "geometry": {"type": "Polygon", "coordinates": [[[120.55872956686885, 31.405584512], [120.55862427187263, 31.405494048], [120.55872956686885, 31.405494048], [120.55872956686885, 31.405584512]]]}}, {"type": "Feature", "properties": {"area_ha": 0.01, "mean": 0.1045}, "geometry": {"type": "Polygon", "coordinates": [[[120.54377767740714, 31.405584512], [120.54367238241092, 31.405403584000002], [120.54377767740714, 31.405403584000002], [120.54377767740714, 31.405584512]]]}}, {"type": "Feature", "properties": {"area_ha": 0.0, "mean": null}, "geometry": {"type": "Polygon", "coordinates": [[[120.55915074685367, 31.405494048], [120.55904545185747, 31.405403584000002], [120.55915074685367, 31.405403584000002], [120.55915074685367, 31.405494048]]]}}, {"type": "Feature", "properties": {"area_ha": 0.0, "mean": null}, "geometry": {"type": "Polygon", "coordinates": [[[120.56409961167552, 31.405403584000002], [120.56399431667931, 31.40531312], [120.56409961167552, 31.40531312], [120.56409961167552, 31.405403584000002]]]}}, {"type": "Feature", "properties": {"area_ha": 0.0, "mean": null}, "geometry": {"type": "Polygon", "coordinates": [[[120.56399431667931, 31.40531312], [120.5638890216831, 31.405222656], [120.56399431667931, 31.405222656], [120.56399431667931, 31.40531312]]]}}, {"type": "Feature", "properties": {"area_ha": 0.0, "mean": null}, "geometry": {"type": "Polygon", "coordinates": [[[120.57694560121304, 31.40395616], [120.57684030621684, 31.403865696], [120.57694560121304, 31.403865696], [120.57694560121304, 31.40395616]]]}}, {"type": "Feature", "properties": {"area_ha": 0.01, "mean": 0.1134}, "geometry": {"type": "Polygon", "coordinates": [[[120.57684030621684, 31.403865696], [120.57673501122062, 31.403684768], [120.57684030621684, 31.403684768], [120.57684030621684, 31.403865696]]]}}, {"type": "Feature", "properties": {"area_ha": 0.0, "mean": null}, "geometry": {"type": "Polygon", "coordinates": [[[120.5434617924185, 31.403775232], [120.5433564974223, 31.403684768], [120.5434617924185, 31.403684768], [120.5434617924185, 31.403775232]]]}}, {"type": "Feature", "properties": {"area_ha": 0.0, "mean": null}, "geometry": {"type": "Polygon", "coordinates": [[[120.5433564974223, 31.403232448], [120.54325120242609, 31.403141984], [120.5433564974223, 31.403141984], [120.5433564974223, 31.403232448]]]}}, {"type": "Feature", "properties": {"area_ha": 0.0, "mean": null}, "geometry": {"type": "Polygon", "coordinates": [[[120.54325120242609, 31.402689664], [120.54314590742987, 31.4025992], [120.54325120242609, 31.4025992], [120.54325120242609, 31.402689664]]]}}, {"type": "Feature", "properties": {"area_ha": 0.0, "mean": null}, "geometry": {"type": "Polygon", "coordinates": [[[120.54314590742987, 31.40214688], [120.54304061243367, 31.402056416], [120.54314590742987, 31.402056416], [120.54314590742987, 31.40214688]]]}}, {"type": "Feature", "properties": {"area_ha": 0.0, "mean": null}, "geometry": {"type": "Polygon", "coordinates": [[[120.57220732638363, 31.401965952], [120.57210203138742, 31.401875488], [120.57220732638363, 31.401875488], [120.57220732638363, 31.401965952]]]}}, {"type": "Feature", "properties": {"area_ha": 0.0, "mean": null}, "geometry": {"type": "Polygon", "coordinates": [[[120.54535710235027, 31.401875488], [120.54525180735406, 31.401785024], [120.54535710235027, 31.401785024], [120.54535710235027, 31.401875488]]]}}, {"type": "Feature", "properties": {"area_ha": 0.0, "mean": null}, "geometry": {"type": "Polygon", "coordinates": [[[120.54493592236544, 31.40169456], [120.54483062736922, 31.401604096], [120.54493592236544, 31.401604096], [120.54493592236544, 31.40169456]]]}}, {"type": "Feature", "properties": {"area_ha": 0.08, "mean": 0.1377}, "geometry": {"type": "Polygon", "coordinates": [[[120.5717861463988, 31.401604096], [120.57104908142533, 31.401785024], [120.57094378642911, 31.401604096], [120.5717861463988, 31.401604096]]]}}, {"type": "Feature", "properties": {"area_ha": 0.0, "mean": null}, "geometry": {"type": "Polygon", "coordinates": [[[120.54419885739196, 31.401513632], [120.54409356239576, 31.401423168], [120.54419885739196, 31.401423168], [120.54419885739196, 31.401513632]]]}}, {"type": "Feature", "properties": {"area_ha": 0.0, "mean": null}, "geometry": {"type": "Polygon", "coordinates": [[[120.54304061243367, 31.400247136], [120.54293531743745, 31.400156672], [120.54304061243367, 31.400156672], [120.54304061243367, 31.400247136]]]}}, {"type": "Feature", "properties": {"area_ha": 0.0, "mean": null}, "geometry": {"type": "Polygon", "coordinates": [[[120.54314590742987, 31.39988528], [120.54304061243367, 31.399794816], [120.54314590742987, 31.399794816], [120.54314590742987, 31.39988528]]]}}, {"type": "Feature", "properties": {"area_ha": 0.01, "mean": 0.1999}, "geometry": {"type": "Polygon", "coordinates": [[[120.54325120242609, 31.399613888], [120.54314590742987, 31.39943296], [120.54325120242609, 31.39943296], [120.54325120242609, 31.399613888]]]}}, {"type": "Feature", "properties": {"area_ha": 0.0, "mean": null}, "geometry": {"type": "Polygon", "coordinates": [[[120.54388297240334, 31.39898064], [120.54377767740714, 31.398890176000002], [120.54388297240334, 31.398890176000002], [120.54388297240334, 31.39898064]]]}}, {"type": "Feature", "properties": {"area_ha": 0.0, "mean": null}, "geometry": {"type": "Polygon", "coordinates": [[[120.54472533237302, 31.39898064], [120.5446200373768, 31.398890176000002], [120.54472533237302, 31.398890176000002], [120.54472533237302, 31.39898064]]]}}, {"type": "Feature", "properties": {"area_ha": 0.01, "mean": 0.1092}, "geometry": {"type": "Polygon", "coordinates": [[[120.54483062736922, 31.398890176000002], [120.54472533237302, 31.398709248], [120.54483062736922, 31.398709248], [120.54483062736922, 31.398890176000002]]]}}, {"type": "Feature", "properties": {"area_ha": 0.0, "mean": null}, "geometry": {"type": "Polygon", "coordinates": [[[120.54398826739956, 31.398799712], [120.54388297240334, 31.398709248], [120.54398826739956, 31.398709248], [120.54398826739956, 31.398799712]]]}}, {"type": "Feature", "properties": {"area_ha": 0.02, "mean": 0.1689}, "geometry": {"type": "Polygon", "coordinates": [[[120.54419885739196, 31.398166464], [120.54409356239576, 31.397714144000002], [120.54419885739196, 31.397714144000002], [120.54419885739196, 31.398166464]]]}}, {"type": "Feature", "properties": {"area_ha": 0.02, "mean": 0.2145}, "geometry": {"type": "Polygon", "coordinates": [[[120.54430415238818, 31.397533216], [120.54419885739196, 31.397080896], [120.54430415238818, 31.397080896], [120.54430415238818, 31.397533216]]]}}, {"type": "Feature", "properties": {"area_ha": 0.0, "mean": null}, "geometry": {"type": "Polygon", "coordinates": [[[120.54356708741471, 31.397261824], [120.5433564974223, 31.397080896], [120.54356708741471, 31.39717136], [120.54356708741471, 31.397261824]]]}}, {"type": "Feature", "properties": {"area_ha": 0.0, "mean": null}, "geometry": {"type": "Polygon", "coordinates": [[[120.54472533237302, 31.397080896], [120.5446200373768, 31.396990432], [120.54472533237302, 31.396990432], [120.54472533237302, 31.397080896]]]}}, {"type": "Feature", "properties": {"area_ha": 0.01, "mean": 0.1576}, "geometry": {"type": "Polygon", "coordinates": [[[120.54440944738438, 31.39671904], [120.54430415238818, 31.396447648], [120.54440944738438, 31.396447648], [120.54440944738438, 31.39671904]]]}}, {"type": "Feature", "properties": {"area_ha": 0.02, "mean": 0.1196}, "geometry": {"type": "Polygon", "coordinates": [[[120.54483062736922, 31.396447648], [120.54472533237302, 31.396085792], [120.54483062736922, 31.396085792], [120.54483062736922, 31.396447648]]]}}, {"type": "Feature", "properties": {"area_ha": 0.02, "mean": 0.1872}, "geometry": {"type": "Polygon", "coordinates": [[[120.5445147423806, 31.39626672], [120.54440944738438, 31.3958144], [120.5445147423806, 31.3958144], [120.5445147423806, 31.39626672]]]}}, {"type": "Feature", "properties": {"area_ha": 0.0, "mean": null}, "geometry": {"type": "Polygon", "coordinates": [[[120.54704182228961, 31.39536208], [120.54693652729341, 31.395271616], [120.54704182228961, 31.395271616], [120.54704182228961, 31.39536208]]]}}, {"type": "Feature", "properties": {"area_ha": 0.0, "mean": null}, "geometry": {"type": "Polygon", "coordinates": [[[120.54662064230477, 31.395090688], [120.54651534730857, 31.395000224], [120.54662064230477, 31.395000224], [120.54662064230477, 31.395090688]]]}}, {"type": "Feature", "properties": {"area_ha": 0.0, "mean": null}, "geometry": {"type": "Polygon", "coordinates": [[[120.54704182228961, 31.395000224], [120.5468312322972, 31.394819296], [120.54704182228961, 31.39490976], [120.54704182228961, 31.395000224]]]}}, {"type": "Feature", "properties": {"area_ha": 0.0, "mean": null}, "geometry": {"type": "Polygon", "coordinates": [[[120.54504121736164, 31.394547904], [120.54493592236544, 31.39445744], [120.54504121736164, 31.39445744], [120.54504121736164, 31.394547904]]]}}, {"type": "Feature", "properties": {"area_ha": 0.0, "mean": null}, "geometry": {"type": "Polygon", "coordinates": [[[120.54546239734648, 31.393643264], [120.54535710235027, 31.3935528], [120.54546239734648, 31.3935528], [120.54546239734648, 31.393643264]]]}}, {"type": "Feature", "properties": {"area_ha": 0.0, "mean": null}, "geometry": {"type": "Polygon", "coordinates": [[[120.5457782823351, 31.393010016], [120.5456729873389, 31.392919552], [120.5457782823351, 31.392919552], [120.5457782823351, 31.393010016]]]}}, {"type": "Feature", "properties": {"area_ha": 0.0, "mean": null}, "geometry": {"type": "Polygon", "coordinates": [[[120.54598887232753, 31.392557696], [120.54588357733131, 31.392467232], [120.54598887232753, 31.392467232], [120.54598887232753, 31.392557696]]]}}, {"type": "Feature", "properties": {"area_ha": 0.0, "mean": null}, "geometry": {"type": "Polygon", "coordinates": [[[120.54609416732373, 31.392376768], [120.54598887232753, 31.392286304], [120.54609416732373, 31.392286304], [120.54609416732373, 31.392376768]]]}}, {"type": "Feature", "properties": {"area_ha": 0.0, "mean": null}, "geometry": {"type": "Polygon", "coordinates": [[[120.54841065724034, 31.389572384], [120.54830536224412, 31.38948192], [120.54841065724034, 31.38948192], [120.54841065724034, 31.389572384]]]}}, {"type": "Feature", "properties": {"area_ha": 0.0, "mean": null}, "geometry": {"type": "Polygon", "coordinates": [[[120.5468312322972, 31.389391456], [120.54672593730099, 31.389300992], [120.5468312322972, 31.389300992], [120.5468312322972, 31.389391456]]]}}, {"type": "Feature", "properties": {"area_ha": 0.0, "mean": null}, "geometry": {"type": "Polygon", "coordinates": [[[120.54714711728583, 31.389300992], [120.54704182228961, 31.389210528], [120.54714711728583, 31.389210528], [120.54714711728583, 31.389300992]]]}}, {"type": "Feature", "properties": {"area_ha": 0.0, "mean": null}, "geometry": {"type": "Polygon", "coordinates": [[[120.54735770727825, 31.389210528], [120.54725241228203, 31.389120064], [120.54735770727825, 31.389120064], [120.54735770727825, 31.389210528]]]}}, {"type": "Feature", "properties": {"area_ha": 0.0, "mean": null}, "geometry": {"type": "Polygon", "coordinates": [[[120.54756829727066, 31.389120064], [120.54746300227445, 31.3890296], [120.54756829727066, 31.3890296], [120.54756829727066, 31.389120064]]]}}, {"type": "Feature", "properties": {"area_ha": 0.0, "mean": null}, "geometry": {"type": "Polygon", "coordinates": [[[120.54767359226688, 31.388939136], [120.54756829727066, 31.388848672], [120.54767359226688, 31.388848672], [120.54767359226688, 31.388939136]]]}}, {"type": "Feature", "properties": {"area_ha": 0.0, "mean": null}, "geometry": {"type": "Polygon", "coordinates": [[[120.54777888726308, 31.388758208], [120.54767359226688, 31.388667744], [120.54777888726308, 31.388667744], [120.54777888726308, 31.388758208]]]}}]}