{"type": "FeatureCollection", "features": [{"type": "Feature", "properties": {"area_ha": 0.0, "mean": null}, "geometry": {"type": "Polygon", "coordinates": [[[120.5433564974223, 31.47542272], [120.54325120242609, 31.475332256], [120.5433564974223, 31.475332256], [120.5433564974223, 31.47542272]]]}}, {"type": "Feature", "properties": {"area_ha": 0.01, "mean": 0.1075}, "geometry": {"type": "Polygon", "coordinates": [[[120.5650472666414, 31.475513184], [120.56494197164518, 31.475241792000002], [120.5650472666414, 31.475241792000002], [120.5650472666414, 31.475513184]]]}}, {"type": "Feature", "properties": {"area_ha": 0.0, "mean": null}, "geometry": {"type": "Polygon", "coordinates": [[[120.54304061243367, 31.475241792000002], [120.54293531743745, 31.475151328], [120.54304061243367, 31.475151328], [120.54304061243367, 31.475241792000002]]]}}, {"type": "Feature", "properties": {"area_ha": 0.0, "mean": null}, "geometry": {"type": "Polygon", "coordinates": [[[120.5651525616376, 31.475241792000002], [120.5650472666414, 31.475151328], [120.5651525616376, 31.475151328], [120.5651525616376, 31.475241792000002]]]}}, {"type": "Feature", "properties": {"area_ha": 0.0, "mean": null}, "geometry": {"type": "Polygon", "coordinates": [[[120.54219825246399, 31.474608544000002], [120.54209295746779, 31.47451808], [120.54219825246399, 31.47451808], [120.54219825246399, 31.474608544000002]]]}}, {"type": "Feature", "properties": {"area_ha": 0.0, "mean": null}, "geometry": {"type": "Polygon", "coordinates": [[[120.54209295746779, 31.47451808], [120.54198766247157, 31.474427616], [120.54209295746779, 31.474427616], [120.54209295746779, 31.47451808]]]}}, {"type": "Feature", "properties": {"area_ha": 0.0, "mean": null}, "geometry": {"type": "Polygon", "coordinates": [[[120.54146118749053, 31.473794368], [120.54135589249432, 31.473703904], [120.54146118749053, 31.473703904], [120.54146118749053, 31.473794368]]]}}, {"type": "Feature", "properties": {"area_ha": 0.0, "mean": null}, "geometry": {"type": "Polygon", "coordinates": [[[120.54135589249432, 31.473703904], [120.5412505974981, 31.47361344], [120.54135589249432, 31.47361344], [120.54135589249432, 31.473703904]]]}}, {"type": "Feature", "properties": {"area_ha": 0.01, "mean": 0.1024}, "geometry": {"type": "Polygon", "coordinates": [[[120.57799855117514, 31.473342048], [120.5776826661865, 31.473251584], [120.57799855117514, 31.473251584], [120.57799855117514, 31.473342048]]]}}, {"type": "Feature", "properties": {"area_ha": 0.01, "mean": 0.1036}, "geometry": {"type": "Polygon", "coordinates": [[[120.57884091114481, 31.473251584], [120.57863032115239, 31.47316112], [120.57884091114481, 31.47316112], [120.57884091114481, 31.473251584]]]}}, {"type": "Feature", "properties": {"area_ha": 0.01, "mean": 0.1165}, "geometry": {"type": "Polygon", "coordinates": [[[120.57957797611827, 31.473251584], [120.57926209112965, 31.47316112], [120.57957797611827, 31.47316112], [120.57957797611827, 31.473251584]]]}}, {"type": "Feature", "properties": {"area_ha": 0.0, "mean": null}, "geometry": {"type": "Polygon", "coordinates": [[[120.54072412251706, 31.473342048], [120.54040823752844, 31.473070656], [120.54072412251706, 31.473251584], [120.54072412251706, 31.473342048]]]}}, {"type": "Feature", "properties": {"area_ha": 0.01, "mean": 0.1321}, "geometry": {"type": "Polygon", "coordinates": [[[120.57726148620168, 31.472980192], [120.57715619120546, 31.472799264000002], [120.57726148620168, 31.472799264000002], [120.57726148620168, 31.472980192]]]}}, {"type": "Feature", "properties": {"area_ha": 0.0, "mean": null}, "geometry": {"type": "Polygon", "coordinates": [[[120.57736678119788, 31.472799264000002], [120.57726148620168, 31.4727088], [120.57736678119788, 31.4727088], [120.57736678119788, 31.472799264000002]]]}}, {"type": "Feature", "properties": {"area_ha": 0.0, "mean": null}, "geometry": {"type": "Polygon", "coordinates": [[[120.5775773711903, 31.472618336], [120.57747207619408, 31.472527872], [120.5775773711903, 31.472527872], [120.5775773711903, 31.472618336]]]}}, {"type": "Feature", "properties": {"area_ha": 0.0, "mean": null}, "geometry": {"type": "Polygon", "coordinates": [[[120.5776826661865, 31.472527872], [120.5775773711903, 31.472437408], [120.5776826661865, 31.472437408], [120.5776826661865, 31.472527872]]]}}, {"type": "Feature", "properties": {"area_ha": 0.0, "mean": null}, "geometry": {"type": "Polygon", "coordinates": [[[120.57620853623958, 31.472437408], [120.57610324124337, 31.472346944], [120.57620853623958, 31.472346944], [120.57620853623958, 31.472437408]]]}}, {"type": "Feature", "properties": {"area_ha": 0.0, "mean": null}, "geometry": {"type": "Polygon", "coordinates": [[[120.57778796118272, 31.472437408], [120.5776826661865, 31.472346944], [120.57778796118272, 31.472346944], [120.57778796118272, 31.472437408]]]}}, {"type": "Feature", "properties": {"area_ha": 0.0, "mean": null}, "geometry": {"type": "Polygon", "coordinates": [[[120.57799855117514, 31.472256480000002], [120.57789325617892, 31.472166016], [120.57799855117514, 31.472166016], [120.57799855117514, 31.472256480000002]]]}}, {"type": "Feature", "properties": {"area_ha": 0.0, "mean": null}, "geometry": {"type": "Polygon", "coordinates": [[[120.53809174761183, 31.472166016], [120.53798645261563, 31.472075552], [120.53809174761183, 31.472075552], [120.53809174761183, 31.472166016]]]}}, {"type": "Feature", "properties": {"area_ha": 0.0, "mean": null}, "geometry": {"type": "Polygon", "coordinates": [[[120.57726148620168, 31.472166016], [120.57715619120546, 31.472075552], [120.57726148620168, 31.472075552], [120.57726148620168, 31.472166016]]]}}, {"type": "Feature", "properties": {"area_ha": 0.0, "mean": null}, "geometry": {"type": "Polygon", "coordinates": [[[120.57810384617135, 31.472166016], [120.57799855117514, 31.472075552], [120.57810384617135, 31.472075552], [120.57810384617135, 31.472166016]]]}}, {"type": "Feature", "properties": {"area_ha": 0.01, "mean": 0.111}, "geometry": {"type": "Polygon", "coordinates": [[[120.57736678119788, 31.472075552], [120.57726148620168, 31.471894624], [120.57736678119788, 31.471894624], [120.57736678119788, 31.472075552]]]}}, {"type": "Feature", "properties": {"area_ha": 0.02, "mean": 0.1133}, "geometry": {"type": "Polygon", "coordinates": [[[120.5787356161486, 31.471894624], [120.57820914116755, 31.47180416], [120.5787356161486, 31.47180416], [120.5787356161486, 31.471894624]]]}}, {"type": "Feature", "properties": {"area_ha": 0.0, "mean": null}, "geometry": {"type": "Polygon", "coordinates": [[[120.57747207619408, 31.471894624], [120.57736678119788, 31.47180416], [120.57747207619408, 31.47180416], [120.57747207619408, 31.471894624]]]}}, {"type": "Feature", "properties": {"area_ha": 0.0, "mean": null}, "geometry": {"type": "Polygon", "coordinates": [[[120.57894620614103, 31.47180416], [120.57884091114481, 31.471713696000002], [120.57894620614103, 31.471713696000002], [120.57894620614103, 31.47180416]]]}}, {"type": "Feature", "properties": {"area_ha": 0.0, "mean": null}, "geometry": {"type": "Polygon", "coordinates": [[[120.53503819272176, 31.471623232000002], [120.53493289772555, 31.471532768], [120.53503819272176, 31.471532768], [120.53503819272176, 31.471623232000002]]]}}, {"type": "Feature", "properties": {"area_ha": 0.0, "mean": null}, "geometry": {"type": "Polygon", "coordinates": [[[120.57926209112965, 31.471623232000002], [120.57915679613343, 31.471532768], [120.57926209112965, 31.471532768], [120.57926209112965, 31.471623232000002]]]}}, {"type": "Feature", "properties": {"area_ha": 0.0, "mean": null}, "geometry": {"type": "Polygon", "coordinates": [[[120.58368448097043, 31.471532768], [120.58357918597423, 31.471442304], [120.58368448097043, 31.471442304], [120.58368448097043, 31.471532768]]]}}, {"type": "Feature", "properties": {"area_ha": 0.0, "mean": null}, "geometry": {"type": "Polygon", "coordinates": [[[120.57262850636846, 31.471442304], [120.57252321137226, 31.47135184], [120.57262850636846, 31.47135184], [120.57262850636846, 31.471442304]]]}}, {"type": "Feature", "properties": {"area_ha": 0.0, "mean": null}, "geometry": {"type": "Polygon", "coordinates": [[[120.58378977596665, 31.471442304], [120.58368448097043, 31.47135184], [120.58378977596665, 31.47135184], [120.58378977596665, 31.471442304]]]}}, {"type": "Feature", "properties": {"area_ha": 0.0, "mean": null}, "geometry": {"type": "Polygon", "coordinates": [[[120.53272170280516, 31.471261376], [120.53261640780894, 31.471170912], [120.53272170280516, 31.471170912], [120.53272170280516, 31.471261376]]]}}, {"type": "Feature", "properties": {"area_ha": 0.11, "mean": 0.1523}, "geometry": {"type": "Polygon", "coordinates": [[[120.57789325617892, 31.471623232000002], [120.57747207619408, 31.471442304], [120.5776826661865, 31.471080448000002], [120.57789325617892, 31.471623232000002]]]}}, {"type": "Feature", "properties": {"area_ha": 0.0, "mean": null}, "geometry": {"type": "Polygon", "coordinates": [[[120.57536617626991, 31.471080448000002], [120.57526088127369, 31.470989984], [120.57536617626991, 31.470989984], [120.57536617626991, 31.471080448000002]]]}}, {"type": "Feature", "properties": {"area_ha": 0.0, "mean": null}, "geometry": {"type": "Polygon", "coordinates": [[[120.5775773711903, 31.471080448000002], [120.57747207619408, 31.470989984], [120.5775773711903, 31.470989984], [120.5775773711903, 31.471080448000002]]]}}, {"type": "Feature", "properties": {"area_ha": 0.0, "mean": null}, "geometry": {"type": "Polygon", "coordinates": [[[120.57547147126611, 31.470989984], [120.57536617626991, 31.47089952], [120.57547147126611, 31.47089952], [120.57547147126611, 31.470989984]]]}}, {"type": "Feature", "properties": {"area_ha": 0.01, "mean": 0.1023}, "geometry": {"type": "Polygon", "coordinates": [[[120.57589265125095, 31.470989984], [120.57557676626233, 31.47089952], [120.57589265125095, 31.47089952], [120.57589265125095, 31.470989984]]]}}, {"type": "Feature", "properties": {"area_ha": 0.02, "mean": 0.1479}, "geometry": {"type": "Polygon", "coordinates": [[[120.57747207619408, 31.470989984], [120.57684030621684, 31.470809056], [120.57747207619408, 31.47089952], [120.57747207619408, 31.470989984]]]}}, {"type": "Feature", "properties": {"area_ha": 0.0, "mean": null}, "geometry": {"type": "Polygon", "coordinates": [[[120.53103698286581, 31.470809056], [120.5309316878696, 31.470718592], [120.53103698286581, 31.470718592], [120.53103698286581, 31.470809056]]]}}, {"type": "Feature", "properties": {"area_ha": 0.01, "mean": 0.1213}, "geometry": {"type": "Polygon", "coordinates": [[[120.53756527263079, 31.470809056], [120.53735468263837, 31.470718592], [120.53756527263079, 31.470718592], [120.53756527263079, 31.470809056]]]}}, {"type": "Feature", "properties": {"area_ha": 0.0, "mean": null}, "geometry": {"type": "Polygon", "coordinates": [[[120.5308263928734, 31.470718592], [120.53072109787719, 31.470628128], [120.5308263928734, 31.470628128], [120.5308263928734, 31.470718592]]]}}, {"type": "Feature", "properties": {"area_ha": 0.0, "mean": null}, "geometry": {"type": "Polygon", "coordinates": [[[120.5343011277483, 31.470175808], [120.53419583275209, 31.470085344], [120.5343011277483, 31.470085344], [120.5343011277483, 31.470175808]]]}}, {"type": "Feature", "properties": {"area_ha": 0.01, "mean": 0.1162}, "geometry": {"type": "Polygon", "coordinates": [[[120.53398524275967, 31.470085344], [120.53377465276725, 31.46999488], [120.53398524275967, 31.46999488], [120.53398524275967, 31.470085344]]]}}, {"type": "Feature", "properties": {"area_ha": 0.0, "mean": null}, "geometry": {"type": "Polygon", "coordinates": [[[120.57726148620168, 31.470085344], [120.57715619120546, 31.46999488], [120.57726148620168, 31.46999488], [120.57726148620168, 31.470085344]]]}}, {"type": "Feature", "properties": {"area_ha": 0.0, "mean": null}, "geometry": {"type": "Polygon", "coordinates": [[[120.53345876777863, 31.46999488], [120.53335347278241, 31.469904416000002], [120.53345876777863, 31.469904416000002], [120.53345876777863, 31.46999488]]]}}, {"type": "Feature", "properties": {"area_ha": 0.0, "mean": null}, "geometry": {"type": "Polygon", "coordinates": [[[120.53314288279, 31.469904416000002], [120.53303758779379, 31.469813952], [120.53314288279, 31.469813952], [120.53314288279, 31.469904416000002]]]}}, {"type": "Feature", "properties": {"area_ha": 0.0, "mean": null}, "geometry": {"type": "Polygon", "coordinates": [[[120.53303758779379, 31.469813952], [120.53293229279758, 31.469723488], [120.53303758779379, 31.469723488], [120.53303758779379, 31.469813952]]]}}, {"type": "Feature", "properties": {"area_ha": 0.0, "mean": null}, "geometry": {"type": "Polygon", "coordinates": [[[120.58600097088704, 31.469452096], [120.58589567589082, 31.469361632000002], [120.58600097088704, 31.469361632000002], [120.58600097088704, 31.469452096]]]}}, {"type": "Feature", "properties": {"area_ha": 0.0, "mean": null}, "geometry": {"type": "Polygon", "coordinates": [[[120.53145816285065, 31.468909312], [120.53135286785444, 31.468818848], [120.53145816285065, 31.468818848], [120.53145816285065, 31.468909312]]]}}, {"type": "Feature", "properties": {"area_ha": 0.0, "mean": null}, "geometry": {"type": "Polygon", "coordinates": [[[120.52850990295678, 31.468366528], [120.52840460796058, 31.468276064], [120.52850990295678, 31.468276064], [120.52850990295678, 31.468366528]]]}}, {"type": "Feature", "properties": {"area_ha": 0.0, "mean": null}, "geometry": {"type": "Polygon", "coordinates": [[[120.52924696793025, 31.4681856], [120.52914167293405, 31.468095136000002], [120.52924696793025, 31.468095136000002], [120.52924696793025, 31.4681856]]]}}, {"type": "Feature", "properties": {"area_ha": 0.0, "mean": null}, "geometry": {"type": "Polygon", "coordinates": [[[120.52914167293405, 31.468095136000002], [120.52903637793784, 31.468004672], [120.52914167293405, 31.468004672], [120.52914167293405, 31.468095136000002]]]}}, {"type": "Feature", "properties": {"area_ha": 0.0, "mean": null}, "geometry": {"type": "Polygon", "coordinates": [[[120.52966814791509, 31.468095136000002], [120.52956285291889, 31.468004672], [120.52966814791509, 31.468004672], [120.52966814791509, 31.468095136000002]]]}}, {"type": "Feature", "properties": {"area_ha": 0.0, "mean": null}, "geometry": {"type": "Polygon", "coordinates": [[[120.52987873790751, 31.468004672], [120.5297734429113, 31.467914208], [120.52987873790751, 31.467914208], [120.52987873790751, 31.468004672]]]}}, {"type": "Feature", "properties": {"area_ha": 0.0, "mean": null}, "geometry": {"type": "Polygon", "coordinates": [[[120.52998403290371, 31.467914208], [120.52987873790751, 31.467823744], [120.52998403290371, 31.467823744], [120.52998403290371, 31.467914208]]]}}, {"type": "Feature", "properties": {"area_ha": 0.01, "mean": 0.1108}, "geometry": {"type": "Polygon", "coordinates": [[[120.5309316878696, 31.467914208], [120.53072109787719, 31.467823744], [120.5309316878696, 31.467823744], [120.5309316878696, 31.467914208]]]}}, {"type": "Feature", "properties": {"area_ha": 0.0, "mean": null}, "geometry": {"type": "Polygon", "coordinates": [[[120.5433564974223, 31.467914208], [120.54325120242609, 31.467823744], [120.5433564974223, 31.467823744], [120.5433564974223, 31.467914208]]]}}, {"type": "Feature", "properties": {"area_ha": 0.0, "mean": null}, "geometry": {"type": "Polygon", "coordinates": [[[120.52777283798332, 31.46773328], [120.52766754298712, 31.467642816], [120.52777283798332, 31.467642816], [120.52777283798332, 31.46773328]]]}}, {"type": "Feature", "properties": {"area_ha": 0.0, "mean": null}, "geometry": {"type": "Polygon", "coordinates": [[[120.52903637793784, 31.467642816], [120.52893108294163, 31.467552352000002], [120.52903637793784, 31.467552352000002], [120.52903637793784, 31.467642816]]]}}, {"type": "Feature", "properties": {"area_ha": 0.0, "mean": null}, "geometry": {"type": "Polygon", "coordinates": [[[120.53145816285065, 31.467552352000002], [120.53135286785444, 31.467461888], [120.53145816285065, 31.467461888], [120.53145816285065, 31.467552352000002]]]}}, {"type": "Feature", "properties": {"area_ha": 0.0, "mean": null}, "geometry": {"type": "Polygon", "coordinates": [[[120.53019462289613, 31.467461888], [120.53008932789993, 31.467371424], [120.53019462289613, 31.467371424], [120.53019462289613, 31.467461888]]]}}, {"type": "Feature", "properties": {"area_ha": 0.0, "mean": null}, "geometry": {"type": "Polygon", "coordinates": [[[120.53251111281274, 31.467461888], [120.53240581781654, 31.467371424], [120.53251111281274, 31.467371424], [120.53251111281274, 31.467461888]]]}}, {"type": "Feature", "properties": {"area_ha": 0.0, "mean": null}, "geometry": {"type": "Polygon", "coordinates": [[[120.52893108294163, 31.467371424], [120.52882578794542, 31.46728096], [120.52893108294163, 31.46728096], [120.52893108294163, 31.467371424]]]}}, {"type": "Feature", "properties": {"area_ha": 0.0, "mean": null}, "geometry": {"type": "Polygon", "coordinates": [[[120.52987873790751, 31.467100032], [120.5297734429113, 31.467009568], [120.52987873790751, 31.467009568], [120.52987873790751, 31.467100032]]]}}, {"type": "Feature", "properties": {"area_ha": 0.0, "mean": null}, "geometry": {"type": "Polygon", "coordinates": [[[120.53008932789993, 31.467100032], [120.52998403290371, 31.467009568], [120.53008932789993, 31.467009568], [120.53008932789993, 31.467100032]]]}}, {"type": "Feature", "properties": {"area_ha": 0.0, "mean": null}, "geometry": {"type": "Polygon", "coordinates": [[[120.59189749067475, 31.466466784], [120.59179219567855, 31.466376320000002], [120.59189749067475, 31.466376320000002], [120.59189749067475, 31.466466784]]]}}, {"type": "Feature", "properties": {"area_ha": 0.0, "mean": null}, "geometry": {"type": "Polygon", "coordinates": [[[120.53335347278241, 31.465652608], [120.5332481777862, 31.465562144], [120.53335347278241, 31.465562144], [120.53335347278241, 31.465652608]]]}}, {"type": "Feature", "properties": {"area_ha": 0.0, "mean": null}, "geometry": {"type": "Polygon", "coordinates": [[[120.53356406277483, 31.465290752], [120.53345876777863, 31.465200288000002], [120.53356406277483, 31.465200288000002], [120.53356406277483, 31.465290752]]]}}, {"type": "Feature", "properties": {"area_ha": 0.0, "mean": null}, "geometry": {"type": "Polygon", "coordinates": [[[120.52608811804397, 31.464205184], [120.52598282304777, 31.46411472], [120.52608811804397, 31.46411472], [120.52608811804397, 31.464205184]]]}}, {"type": "Feature", "properties": {"area_ha": 0.0, "mean": null}, "geometry": {"type": "Polygon", "coordinates": [[[120.52619341304019, 31.46411472], [120.52608811804397, 31.464024256000002], [120.52619341304019, 31.464024256000002], [120.52619341304019, 31.46411472]]]}}, {"type": "Feature", "properties": {"area_ha": 0.01, "mean": 0.1004}, "geometry": {"type": "Polygon", "coordinates": [[[120.53451171774071, 31.463119616], [120.53440642274451, 31.462938688], [120.53451171774071, 31.462938688], [120.53451171774071, 31.463119616]]]}}, {"type": "Feature", "properties": {"area_ha": 0.0, "mean": null}, "geometry": {"type": "Polygon", "coordinates": [[[120.5343011277483, 31.462124512], [120.53419583275209, 31.462034048], [120.5343011277483, 31.462034048], [120.5343011277483, 31.462124512]]]}}, {"type": "Feature", "properties": {"area_ha": 0.0, "mean": null}, "geometry": {"type": "Polygon", "coordinates": [[[120.53461701273693, 31.460315232], [120.53451171774071, 31.460224768], [120.53461701273693, 31.460224768], [120.53461701273693, 31.460315232]]]}}, {"type": "Feature", "properties": {"area_ha": 0.01, "mean": 0.1505}, "geometry": {"type": "Polygon", "coordinates": [[[120.53472230773313, 31.459862912000002], [120.53461701273693, 31.459681984], [120.53472230773313, 31.459681984], [120.53472230773313, 31.459862912000002]]]}}, {"type": "Feature", "properties": {"area_ha": 0.01, "mean": 0.1251}, "geometry": {"type": "Polygon", "coordinates": [[[120.53482760272935, 31.459410592], [120.53472230773313, 31.459229664000002], [120.53482760272935, 31.459229664000002], [120.53482760272935, 31.459410592]]]}}, {"type": "Feature", "properties": {"area_ha": 0.03, "mean": 0.1616}, "geometry": {"type": "Polygon", "coordinates": [[[120.59758342047006, 31.458958272], [120.59716224048522, 31.458867808], [120.59747812547384, 31.458777344], [120.59758342047006, 31.458958272]]]}}, {"type": "Feature", "properties": {"area_ha": 0.02, "mean": 0.1064}, "geometry": {"type": "Polygon", "coordinates": [[[120.59410868559515, 31.458777344], [120.59389809560274, 31.458505952], [120.59400339059894, 31.458505952], [120.59410868559515, 31.458777344]]]}}, {"type": "Feature", "properties": {"area_ha": 0.01, "mean": 0.1272}, "geometry": {"type": "Polygon", "coordinates": [[[120.53503819272176, 31.45823456], [120.53493289772555, 31.458053632000002], [120.53503819272176, 31.458053632000002], [120.53503819272176, 31.45823456]]]}}, {"type": "Feature", "properties": {"area_ha": 0.01, "mean": 0.1121}, "geometry": {"type": "Polygon", "coordinates": [[[120.59452986557999, 31.45823456], [120.59442457058378, 31.458053632000002], [120.59452986557999, 31.458053632000002], [120.59452986557999, 31.45823456]]]}}, {"type": "Feature", "properties": {"area_ha": 0.0, "mean": null}, "geometry": {"type": "Polygon", "coordinates": [[[120.59368750561032, 31.458144096], [120.5935822106141, 31.458053632000002], [120.59368750561032, 31.458053632000002], [120.59368750561032, 31.458144096]]]}}, {"type": "Feature", "properties": {"area_ha": 0.0, "mean": null}, "geometry": {"type": "Polygon", "coordinates": [[[120.53514348771797, 31.457872704], [120.53503819272176, 31.45778224], [120.53514348771797, 31.45778224], [120.53514348771797, 31.457872704]]]}}, {"type": "Feature", "properties": {"area_ha": 0.22, "mean": 0.1601}, "geometry": {"type": "Polygon", "coordinates": [[[120.59747812547384, 31.458144096], [120.59600399552691, 31.457691776], [120.59631988051555, 31.457510848000002], [120.59747812547384, 31.458144096]]]}}, {"type": "Feature", "properties": {"area_ha": 0.0, "mean": null}, "geometry": {"type": "Polygon", "coordinates": [[[120.5935822106141, 31.457601312], [120.5934769156179, 31.457510848000002], [120.5935822106141, 31.457510848000002], [120.5935822106141, 31.457601312]]]}}, {"type": "Feature", "properties": {"area_ha": 0.0, "mean": null}, "geometry": {"type": "Polygon", "coordinates": [[[120.59537222554967, 31.457601312], [120.59526693055345, 31.457510848000002], [120.59537222554967, 31.457510848000002], [120.59537222554967, 31.457601312]]]}}, {"type": "Feature", "properties": {"area_ha": 0.0, "mean": null}, "geometry": {"type": "Polygon", "coordinates": [[[120.59600399552691, 31.457601312], [120.59589870053071, 31.457510848000002], [120.59600399552691, 31.457510848000002], [120.59600399552691, 31.457601312]]]}}, {"type": "Feature", "properties": {"area_ha": 0.01, "mean": 0.1205}, "geometry": {"type": "Polygon", "coordinates": [[[120.5353540777104, 31.456696672], [120.53524878271418, 31.456515744], [120.5353540777104, 31.456515744], [120.5353540777104, 31.456696672]]]}}, {"type": "Feature", "properties": {"area_ha": 0.01, "mean": 0.1141}, "geometry": {"type": "Polygon", "coordinates": [[[120.5354593727066, 31.456244352000002], [120.5353540777104, 31.45597296], [120.5354593727066, 31.45597296], [120.5354593727066, 31.456244352000002]]]}}, {"type": "Feature", "properties": {"area_ha": 0.01, "mean": 0.1098}, "geometry": {"type": "Polygon", "coordinates": [[[120.53556466770281, 31.455701568000002], [120.5354593727066, 31.455430176], [120.53556466770281, 31.455430176], [120.53556466770281, 31.455701568000002]]]}}, {"type": "Feature", "properties": {"area_ha": 0.0, "mean": null}, "geometry": {"type": "Polygon", "coordinates": [[[120.58136799105384, 31.455249248], [120.58126269605762, 31.455158784], [120.58136799105384, 31.455158784], [120.58136799105384, 31.455249248]]]}}, {"type": "Feature", "properties": {"area_ha": 0.0, "mean": null}, "geometry": {"type": "Polygon", "coordinates": [[[120.58063092608037, 31.455068320000002], [120.58052563108416, 31.454977856], [120.58063092608037, 31.454977856], [120.58063092608037, 31.455068320000002]]]}}, {"type": "Feature", "properties": {"area_ha": 0.0, "mean": null}, "geometry": {"type": "Polygon", "coordinates": [[[120.58073622107658, 31.454977856], [120.58063092608037, 31.454887392], [120.58073622107658, 31.454887392], [120.58073622107658, 31.454977856]]]}}, {"type": "Feature", "properties": {"area_ha": 0.0, "mean": null}, "geometry": {"type": "Polygon", "coordinates": [[[120.58178917103866, 31.454977856], [120.58168387604246, 31.454887392], [120.58178917103866, 31.454887392], [120.58178917103866, 31.454977856]]]}}, {"type": "Feature", "properties": {"area_ha": 0.0, "mean": null}, "geometry": {"type": "Polygon", "coordinates": [[[120.58084151607278, 31.454887392], [120.58073622107658, 31.454796928], [120.58084151607278, 31.454796928], [120.58084151607278, 31.454887392]]]}}, {"type": "Feature", "properties": {"area_ha": 0.0, "mean": null}, "geometry": {"type": "Polygon", "coordinates": [[[120.58199976103108, 31.454887392], [120.58189446603488, 31.454796928], [120.58199976103108, 31.454796928], [120.58199976103108, 31.454887392]]]}}, {"type": "Feature", "properties": {"area_ha": 0.0, "mean": null}, "geometry": {"type": "Polygon", "coordinates": [[[120.5810521060652, 31.454796928], [120.580946811069, 31.454706464], [120.5810521060652, 31.454706464], [120.5810521060652, 31.454796928]]]}}, {"type": "Feature", "properties": {"area_ha": 0.0, "mean": null}, "geometry": {"type": "Polygon", "coordinates": [[[120.58115740106142, 31.454706464], [120.5810521060652, 31.454616], [120.58115740106142, 31.454616], [120.58115740106142, 31.454706464]]]}}, {"type": "Feature", "properties": {"area_ha": 0.01, "mean": 0.1133}, "geometry": {"type": "Polygon", "coordinates": [[[120.58157858104624, 31.454616], [120.58136799105384, 31.454525536000002], [120.58157858104624, 31.454525536000002], [120.58157858104624, 31.454616]]]}}, {"type": "Feature", "properties": {"area_ha": 0.0, "mean": null}, "geometry": {"type": "Polygon", "coordinates": [[[120.5685220015163, 31.454525536000002], [120.5684167065201, 31.454435072], [120.5685220015163, 31.454435072], [120.5685220015163, 31.454525536000002]]]}}, {"type": "Feature", "properties": {"area_ha": 0.0, "mean": null}, "geometry": {"type": "Polygon", "coordinates": [[[120.58042033608795, 31.454525536000002], [120.58031504109174, 31.454435072], [120.58042033608795, 31.454435072], [120.58042033608795, 31.454525536000002]]]}}, {"type": "Feature", "properties": {"area_ha": 0.0, "mean": null}, "geometry": {"type": "Polygon", "coordinates": [[[120.58263153100835, 31.454525536000002], [120.58252623601213, 31.454435072], [120.58263153100835, 31.454435072], [120.58263153100835, 31.454525536000002]]]}}, {"type": "Feature", "properties": {"area_ha": 0.0, "mean": null}, "geometry": {"type": "Polygon", "coordinates": [[[120.56862729651252, 31.454435072], [120.5685220015163, 31.454344608], [120.56862729651252, 31.454344608], [120.56862729651252, 31.454435072]]]}}, {"type": "Feature", "properties": {"area_ha": 0.0, "mean": null}, "geometry": {"type": "Polygon", "coordinates": [[[120.58189446603488, 31.454435072], [120.58178917103866, 31.454344608], [120.58189446603488, 31.454344608], [120.58189446603488, 31.454435072]]]}}, {"type": "Feature", "properties": {"area_ha": 0.0, "mean": null}, "geometry": {"type": "Polygon", "coordinates": [[[120.58284212100077, 31.454435072], [120.58273682600455, 31.454344608], [120.58284212100077, 31.454344608], [120.58284212100077, 31.454435072]]]}}, {"type": "Feature", "properties": {"area_ha": 0.0, "mean": null}, "geometry": {"type": "Polygon", "coordinates": [[[120.58199976103108, 31.454344608], [120.58189446603488, 31.454254144], [120.58199976103108, 31.454254144], [120.58199976103108, 31.454344608]]]}}, {"type": "Feature", "properties": {"area_ha": 0.01, "mean": 0.1037}, "geometry": {"type": "Polygon", "coordinates": [[[120.58231564601972, 31.454254144], [120.5821050560273, 31.45416368], [120.58231564601972, 31.45416368], [120.58231564601972, 31.454254144]]]}}, {"type": "Feature", "properties": {"area_ha": 0.0, "mean": null}, "geometry": {"type": "Polygon", "coordinates": [[[120.58357918597423, 31.454073216], [120.58347389097801, 31.453982752], [120.58357918597423, 31.453982752], [120.58357918597423, 31.454073216]]]}}, {"type": "Feature", "properties": {"area_ha": 0.0, "mean": null}, "geometry": {"type": "Polygon", "coordinates": [[[120.58368448097043, 31.453530432], [120.58357918597423, 31.453439968], [120.58368448097043, 31.453439968], [120.58368448097043, 31.453530432]]]}}, {"type": "Feature", "properties": {"area_ha": 0.01, "mean": 0.1283}, "geometry": {"type": "Polygon", "coordinates": [[[120.53598584768764, 31.453530432], [120.53588055269144, 31.45325904], [120.53598584768764, 31.45325904], [120.53598584768764, 31.453530432]]]}}, {"type": "Feature", "properties": {"area_ha": 0.02, "mean": 0.1181}, "geometry": {"type": "Polygon", "coordinates": [[[120.53609114268386, 31.453168576], [120.53598584768764, 31.45280672], [120.53609114268386, 31.45280672], [120.53609114268386, 31.453168576]]]}}, {"type": "Feature", "properties": {"area_ha": 0.0, "mean": null}, "geometry": {"type": "Polygon", "coordinates": [[[120.53619643768006, 31.4523544], [120.53609114268386, 31.452263936], [120.53619643768006, 31.452263936], [120.53619643768006, 31.4523544]]]}}, {"type": "Feature", "properties": {"area_ha": 0.02, "mean": 0.1357}, "geometry": {"type": "Polygon", "coordinates": [[[120.53630173267628, 31.452083008], [120.53619643768006, 31.451721152], [120.53630173267628, 31.451721152], [120.53630173267628, 31.452083008]]]}}, {"type": "Feature", "properties": {"area_ha": 0.01, "mean": 0.1091}, "geometry": {"type": "Polygon", "coordinates": [[[120.5366176176649, 31.450364192000002], [120.5365123226687, 31.450183264], [120.5366176176649, 31.450183264], [120.5366176176649, 31.450364192000002]]]}}, {"type": "Feature", "properties": {"area_ha": 0.0, "mean": null}, "geometry": {"type": "Polygon", "coordinates": [[[120.53714409264595, 31.448102592], [120.53703879764974, 31.448012128000002], [120.53714409264595, 31.448012128000002], [120.53714409264595, 31.448102592]]]}}, {"type": "Feature", "properties": {"area_ha": 0.0, "mean": null}, "geometry": {"type": "Polygon", "coordinates": [[[120.56662669158453, 31.447469344], [120.56652139658833, 31.447378880000002], [120.56662669158453, 31.447378880000002], [120.56662669158453, 31.447469344]]]}}, {"type": "Feature", "properties": {"area_ha": 0.0, "mean": null}, "geometry": {"type": "Polygon", "coordinates": [[[120.53714409264595, 31.447378880000002], [120.53703879764974, 31.447288416], [120.53714409264595, 31.447288416], [120.53714409264595, 31.447378880000002]]]}}, {"type": "Feature", "properties": {"area_ha": 0.07, "mean": 0.1238}, "geometry": {"type": "Polygon", "coordinates": [[[120.56652139658833, 31.447469344], [120.56599492160728, 31.447469344], [120.56588962661107, 31.447197952], [120.56652139658833, 31.447469344]]]}}, {"type": "Feature", "properties": {"area_ha": 0.0, "mean": null}, "geometry": {"type": "Polygon", "coordinates": [[[120.5377758626232, 31.447107488], [120.53767056762699, 31.447017024], [120.5377758626232, 31.447017024], [120.5377758626232, 31.447107488]]]}}, {"type": "Feature", "properties": {"area_ha": 0.0, "mean": null}, "geometry": {"type": "Polygon", "coordinates": [[[120.58642215087188, 31.447017024], [120.58631685587567, 31.44692656], [120.58642215087188, 31.44692656], [120.58642215087188, 31.447017024]]]}}, {"type": "Feature", "properties": {"area_ha": 0.01, "mean": 0.1128}, "geometry": {"type": "Polygon", "coordinates": [[[120.53724938764216, 31.447107488], [120.53714409264595, 31.446836096000002], [120.53724938764216, 31.446836096000002], [120.53724938764216, 31.447107488]]]}}, {"type": "Feature", "properties": {"area_ha": 0.0, "mean": null}, "geometry": {"type": "Polygon", "coordinates": [[[120.5377758626232, 31.446655168], [120.53767056762699, 31.446564704], [120.5377758626232, 31.446564704], [120.5377758626232, 31.446655168]]]}}, {"type": "Feature", "properties": {"area_ha": 0.02, "mean": 0.1129}, "geometry": {"type": "Polygon", "coordinates": [[[120.5377758626232, 31.444393568], [120.53767056762699, 31.443941248], [120.5377758626232, 31.443941248], [120.5377758626232, 31.444393568]]]}}, {"type": "Feature", "properties": {"area_ha": 0.01, "mean": 0.1191}, "geometry": {"type": "Polygon", "coordinates": [[[120.53788115761941, 31.443669856], [120.5377758626232, 31.443488928], [120.53788115761941, 31.443488928], [120.53788115761941, 31.443669856]]]}}, {"type": "Feature", "properties": {"area_ha": 0.02, "mean": 0.1189}, "geometry": {"type": "Polygon", "coordinates": [[[120.53798645261563, 31.443308000000002], [120.53788115761941, 31.442946144], [120.53798645261563, 31.442946144], [120.53798645261563, 31.443308000000002]]]}}, {"type": "Feature", "properties": {"area_ha": 0.04, "mean": 0.1031}, "geometry": {"type": "Polygon", "coordinates": [[[120.59042336072783, 31.443036608], [120.5901074757392, 31.443127072], [120.5901074757392, 31.442946144], [120.59042336072783, 31.443036608]]]}}, {"type": "Feature", "properties": {"area_ha": 0.0, "mean": null}, "geometry": {"type": "Polygon", "coordinates": [[[120.59000218074299, 31.442765216], [120.58989688574678, 31.442674752000002], [120.59000218074299, 31.442674752000002], [120.59000218074299, 31.442765216]]]}}, {"type": "Feature", "properties": {"area_ha": 0.0, "mean": null}, "geometry": {"type": "Polygon", "coordinates": [[[120.58526390591358, 31.442222432], [120.58515861091736, 31.442131968], [120.58526390591358, 31.442131968], [120.58526390591358, 31.442222432]]]}}, {"type": "Feature", "properties": {"area_ha": 0.0, "mean": null}, "geometry": {"type": "Polygon", "coordinates": [[[120.58600097088704, 31.442131968], [120.58589567589082, 31.442041504], [120.58600097088704, 31.442041504], [120.58600097088704, 31.442131968]]]}}, {"type": "Feature", "properties": {"area_ha": 0.0, "mean": null}, "geometry": {"type": "Polygon", "coordinates": [[[120.5889492307809, 31.442131968], [120.5888439357847, 31.442041504], [120.5889492307809, 31.442041504], [120.5889492307809, 31.442131968]]]}}, {"type": "Feature", "properties": {"area_ha": 0.0, "mean": null}, "geometry": {"type": "Polygon", "coordinates": [[[120.56473138165278, 31.442041504], [120.56462608665656, 31.44195104], [120.56473138165278, 31.44195104], [120.56473138165278, 31.442041504]]]}}, {"type": "Feature", "properties": {"area_ha": 0.0, "mean": null}, "geometry": {"type": "Polygon", "coordinates": [[[120.58515861091736, 31.442041504], [120.58505331592116, 31.44195104], [120.58515861091736, 31.44195104], [120.58515861091736, 31.442041504]]]}}, {"type": "Feature", "properties": {"area_ha": 0.0, "mean": null}, "geometry": {"type": "Polygon", "coordinates": [[[120.58610626588325, 31.442041504], [120.58600097088704, 31.44195104], [120.58610626588325, 31.44195104], [120.58610626588325, 31.442041504]]]}}, {"type": "Feature", "properties": {"area_ha": 0.0, "mean": null}, "geometry": {"type": "Polygon", "coordinates": [[[120.58505331592116, 31.44195104], [120.58494802092494, 31.441860576], [120.58505331592116, 31.441860576], [120.58505331592116, 31.44195104]]]}}, {"type": "Feature", "properties": {"area_ha": 0.0, "mean": null}, "geometry": {"type": "Polygon", "coordinates": [[[120.5889492307809, 31.44195104], [120.5888439357847, 31.441860576], [120.5889492307809, 31.441860576], [120.5889492307809, 31.44195104]]]}}, {"type": "Feature", "properties": {"area_ha": 0.0, "mean": null}, "geometry": {"type": "Polygon", "coordinates": [[[120.59526693055345, 31.441860576], [120.59516163555725, 31.441770112], [120.59526693055345, 31.441770112], [120.59526693055345, 31.441860576]]]}}, {"type": "Feature", "properties": {"area_ha": 0.0, "mean": null}, "geometry": {"type": "Polygon", "coordinates": [[[120.58652744586809, 31.441770112], [120.58642215087188, 31.441679648], [120.58652744586809, 31.441679648], [120.58652744586809, 31.441770112]]]}}, {"type": "Feature", "properties": {"area_ha": 0.02, "mean": 0.1294}, "geometry": {"type": "Polygon", "coordinates": [[[120.58494802092494, 31.441860576], [120.58484272592874, 31.441498720000002], [120.58494802092494, 31.441498720000002], [120.58494802092494, 31.441860576]]]}}, {"type": "Feature", "properties": {"area_ha": 0.01, "mean": 0.1036}, "geometry": {"type": "Polygon", "coordinates": [[[120.59621458551933, 31.441589184], [120.59610929052313, 31.441408256], [120.59621458551933, 31.441408256], [120.59621458551933, 31.441589184]]]}}, {"type": "Feature", "properties": {"area_ha": 0.02, "mean": 0.1117}, "geometry": {"type": "Polygon", "coordinates": [[[120.56420490667172, 31.441317792], [120.56399431667931, 31.441408256], [120.56399431667931, 31.441227328], [120.56420490667172, 31.441317792]]]}}, {"type": "Feature", "properties": {"area_ha": 0.01, "mean": 0.1131}, "geometry": {"type": "Polygon", "coordinates": [[[120.59505634056103, 31.441408256], [120.59495104556483, 31.441227328], [120.59505634056103, 31.441227328], [120.59505634056103, 31.441408256]]]}}, {"type": "Feature", "properties": {"area_ha": 0.0, "mean": null}, "geometry": {"type": "Polygon", "coordinates": [[[120.59516163555725, 31.441227328], [120.59505634056103, 31.441136864], [120.59516163555725, 31.441136864], [120.59516163555725, 31.441227328]]]}}, {"type": "Feature", "properties": {"area_ha": 0.01, "mean": 0.1195}, "geometry": {"type": "Polygon", "coordinates": [[[120.59610929052313, 31.441227328], [120.59600399552691, 31.4410464], [120.59610929052313, 31.4410464], [120.59610929052313, 31.441227328]]]}}, {"type": "Feature", "properties": {"area_ha": 0.0, "mean": null}, "geometry": {"type": "Polygon", "coordinates": [[[120.58452684094011, 31.440775008], [120.5844215459439, 31.440684544], [120.58452684094011, 31.440684544], [120.58452684094011, 31.440775008]]]}}, {"type": "Feature", "properties": {"area_ha": 0.0, "mean": null}, "geometry": {"type": "Polygon", "coordinates": [[[120.60590172517058, 31.440775008], [120.60579643017438, 31.440684544], [120.60590172517058, 31.440684544], [120.60590172517058, 31.440775008]]]}}, {"type": "Feature", "properties": {"area_ha": 0.01, "mean": 0.1513}, "geometry": {"type": "Polygon", "coordinates": [[[120.54956890219864, 31.440684544], [120.54935831220622, 31.44059408], [120.54956890219864, 31.44059408], [120.54956890219864, 31.440684544]]]}}, {"type": "Feature", "properties": {"area_ha": 0.0, "mean": null}, "geometry": {"type": "Polygon", "coordinates": [[[120.56346784169826, 31.440684544], [120.56336254670205, 31.44059408], [120.56346784169826, 31.44059408], [120.56346784169826, 31.440684544]]]}}, {"type": "Feature", "properties": {"area_ha": 0.04, "mean": 0.1145}, "geometry": {"type": "Polygon", "coordinates": [[[120.60358523525399, 31.440684544], [120.60316405526915, 31.44059408], [120.60358523525399, 31.440503616], [120.60358523525399, 31.440684544]]]}}, {"type": "Feature", "properties": {"area_ha": 0.0, "mean": null}, "geometry": {"type": "Polygon", "coordinates": [[[120.5844215459439, 31.44059408], [120.5843162509477, 31.440503616], [120.5844215459439, 31.440503616], [120.5844215459439, 31.44059408]]]}}, {"type": "Feature", "properties": {"area_ha": 0.0, "mean": null}, "geometry": {"type": "Polygon", "coordinates": [[[120.59210808066717, 31.44059408], [120.59200278567097, 31.440503616], [120.59210808066717, 31.440503616], [120.59210808066717, 31.44059408]]]}}, {"type": "Feature", "properties": {"area_ha": 0.07, "mean": 0.1003}, "geometry": {"type": "Polygon", "coordinates": [[[120.59284514564064, 31.44059408], [120.59210808066717, 31.44059408], [120.59284514564064, 31.440413152], [120.59284514564064, 31.44059408]]]}}, {"type": "Feature", "properties": {"area_ha": 0.08, "mean": 0.1381}, "geometry": {"type": "Polygon", "coordinates": [[[120.606112315163, 31.440865472], [120.6060070201668, 31.440503616], [120.60642820015164, 31.440503616], [120.606112315163, 31.440865472]]]}}, {"type": "Feature", "properties": {"area_ha": 0.01, "mean": 0.1129}, "geometry": {"type": "Polygon", "coordinates": [[[120.54988478718727, 31.44059408], [120.54977949219106, 31.440413152], [120.54988478718727, 31.440413152], [120.54988478718727, 31.44059408]]]}}, {"type": "Feature", "properties": {"area_ha": 0.01, "mean": 0.1019}, "geometry": {"type": "Polygon", "coordinates": [[[120.59200278567097, 31.440503616], [120.59179219567855, 31.440413152], [120.59200278567097, 31.440413152], [120.59200278567097, 31.440503616]]]}}, {"type": "Feature", "properties": {"area_ha": 0.01, "mean": 0.1123}, "geometry": {"type": "Polygon", "coordinates": [[[120.59116042570129, 31.440322688000002], [120.59105513070509, 31.440413152], [120.59094983570887, 31.440322688000002], [120.59116042570129, 31.440322688000002]]]}}, {"type": "Feature", "properties": {"area_ha": 0.01, "mean": 0.1042}, "geometry": {"type": "Polygon", "coordinates": [[[120.58526390591358, 31.440413152], [120.58515861091736, 31.440232224], [120.58526390591358, 31.440232224], [120.58526390591358, 31.440413152]]]}}, {"type": "Feature", "properties": {"area_ha": 0.0, "mean": null}, "geometry": {"type": "Polygon", "coordinates": [[[120.59094983570887, 31.440322688000002], [120.59084454071267, 31.440232224], [120.59094983570887, 31.440232224], [120.59094983570887, 31.440322688000002]]]}}, {"type": "Feature", "properties": {"area_ha": 0.0, "mean": null}, "geometry": {"type": "Polygon", "coordinates": [[[120.59168690068233, 31.440322688000002], [120.59158160568613, 31.440232224], [120.59168690068233, 31.440232224], [120.59168690068233, 31.440322688000002]]]}}, {"type": "Feature", "properties": {"area_ha": 0.0, "mean": null}, "geometry": {"type": "Polygon", "coordinates": [[[120.59221337566339, 31.440232224], [120.59210808066717, 31.44014176], [120.59221337566339, 31.44014176], [120.59221337566339, 31.440232224]]]}}, {"type": "Feature", "properties": {"area_ha": 0.0, "mean": null}, "geometry": {"type": "Polygon", "coordinates": [[[120.59263455564822, 31.440232224], [120.59252926065201, 31.44014176], [120.59263455564822, 31.44014176], [120.59263455564822, 31.440232224]]]}}, {"type": "Feature", "properties": {"area_ha": 0.01, "mean": 0.1181}, "geometry": {"type": "Polygon", "coordinates": [[[120.53851292759667, 31.440232224], [120.53840763260045, 31.440051296], [120.53851292759667, 31.440051296], [120.53851292759667, 31.440232224]]]}}, {"type": "Feature", "properties": {"area_ha": 0.01, "mean": 0.1135}, "geometry": {"type": "Polygon", "coordinates": [[[120.59210808066717, 31.44014176], [120.59189749067475, 31.440051296], [120.59210808066717, 31.440051296], [120.59210808066717, 31.44014176]]]}}, {"type": "Feature", "properties": {"area_ha": 0.13, "mean": 0.129}, "geometry": {"type": "Polygon", "coordinates": [[[120.59316103062928, 31.440322688000002], [120.59263455564822, 31.440051296], [120.5934769156179, 31.440051296], [120.59316103062928, 31.440322688000002]]]}}, {"type": "Feature", "properties": {"area_ha": 0.02, "mean": 0.1096}, "geometry": {"type": "Polygon", "coordinates": [[[120.59263455564822, 31.439146656000002], [120.59221337566339, 31.439056192], [120.59263455564822, 31.439056192], [120.59263455564822, 31.439146656000002]]]}}, {"type": "Feature", "properties": {"area_ha": 0.01, "mean": 0.1414}, "geometry": {"type": "Polygon", "coordinates": [[[120.60411171023503, 31.439146656000002], [120.60390112024261, 31.439056192], [120.60411171023503, 31.439056192], [120.60411171023503, 31.439146656000002]]]}}, {"type": "Feature", "properties": {"area_ha": 0.0, "mean": null}, "geometry": {"type": "Polygon", "coordinates": [[[120.59221337566339, 31.439056192], [120.59210808066717, 31.438965728], [120.59221337566339, 31.438965728], [120.59221337566339, 31.439056192]]]}}, {"type": "Feature", "properties": {"area_ha": 0.0, "mean": null}, "geometry": {"type": "Polygon", "coordinates": [[[120.59210808066717, 31.438965728], [120.59200278567097, 31.438875264], [120.59210808066717, 31.438875264], [120.59210808066717, 31.438965728]]]}}, {"type": "Feature", "properties": {"area_ha": 0.0, "mean": null}, "geometry": {"type": "Polygon", "coordinates": [[[120.60474348021229, 31.438965728], [120.60463818521607, 31.438875264], [120.60474348021229, 31.438875264], [120.60474348021229, 31.438965728]]]}}, {"type": "Feature", "properties": {"area_ha": 0.01, "mean": 0.1012}, "geometry": {"type": "Polygon", "coordinates": [[[120.59284514564064, 31.439056192], [120.59273985064443, 31.4387848], [120.59284514564064, 31.4387848], [120.59284514564064, 31.439056192]]]}}, {"type": "Feature", "properties": {"area_ha": 0.01, "mean": 0.106}, "geometry": {"type": "Polygon", "coordinates": [[[120.5924239656558, 31.4387848], [120.59221337566339, 31.438694336], [120.5924239656558, 31.438694336], [120.5924239656558, 31.4387848]]]}}, {"type": "Feature", "properties": {"area_ha": 0.0, "mean": null}, "geometry": {"type": "Polygon", "coordinates": [[[120.59273985064443, 31.4387848], [120.59263455564822, 31.438694336], [120.59273985064443, 31.438694336], [120.59273985064443, 31.4387848]]]}}, {"type": "Feature", "properties": {"area_ha": 0.0, "mean": null}, "geometry": {"type": "Polygon", "coordinates": [[[120.59263455564822, 31.438694336], [120.59252926065201, 31.438603872], [120.59263455564822, 31.438603872], [120.59263455564822, 31.438694336]]]}}, {"type": "Feature", "properties": {"area_ha": 0.01, "mean": 0.1438}, "geometry": {"type": "Polygon", "coordinates": [[[120.59916284541319, 31.43788016], [120.59905755041699, 31.437608768], [120.59916284541319, 31.437608768], [120.59916284541319, 31.43788016]]]}}, {"type": "Feature", "properties": {"area_ha": 0.0, "mean": null}, "geometry": {"type": "Polygon", "coordinates": [[[120.59926814040941, 31.437608768], [120.59916284541319, 31.437518304], [120.59926814040941, 31.437518304], [120.59926814040941, 31.437608768]]]}}, {"type": "Feature", "properties": {"area_ha": 0.0, "mean": null}, "geometry": {"type": "Polygon", "coordinates": [[[120.60326935026535, 31.437608768], [120.60316405526915, 31.437518304], [120.60326935026535, 31.437518304], [120.60326935026535, 31.437608768]]]}}, {"type": "Feature", "properties": {"area_ha": 4.12, "mean": 0.1297}, "geometry": {"type": "Polygon", "coordinates": [[[120.60727056012131, 31.4387848], [120.60390112024261, 31.438694336], [120.60347994025777, 31.43742784], [120.60590172517058, 31.437337376000002], [120.60727056012131, 31.4387848]], [[120.60642820015164, 31.438422944], [120.60653349514784, 31.438513408000002], [120.60653349514784, 31.438422944], [120.60642820015164, 31.438422944]]]}}, {"type": "Feature", "properties": {"area_ha": 0.0, "mean": null}, "geometry": {"type": "Polygon", "coordinates": [[[120.51661156838514, 31.435980416], [120.51650627338894, 31.435889952], [120.51661156838514, 31.435889952], [120.51661156838514, 31.435980416]]]}}, {"type": "Feature", "properties": {"area_ha": 0.0, "mean": null}, "geometry": {"type": "Polygon", "coordinates": [[[120.51597979840788, 31.43561856], [120.51587450341168, 31.435528096], [120.51597979840788, 31.435528096], [120.51597979840788, 31.43561856]]]}}, {"type": "Feature", "properties": {"area_ha": 0.01, "mean": 0.1007}, "geometry": {"type": "Polygon", "coordinates": [[[120.51713804336619, 31.43561856], [120.51703274836999, 31.435437632], [120.51713804336619, 31.435437632], [120.51713804336619, 31.43561856]]]}}, {"type": "Feature", "properties": {"area_ha": 0.02, "mean": 0.1103}, "geometry": {"type": "Polygon", "coordinates": [[[120.59505634056103, 31.435347168], [120.59484575056861, 31.435256704], [120.59505634056103, 31.43516624], [120.59505634056103, 31.435347168]]]}}, {"type": "Feature", "properties": {"area_ha": 0.0, "mean": null}, "geometry": {"type": "Polygon", "coordinates": [[[120.51629568339652, 31.435256704], [120.5161903884003, 31.43516624], [120.51629568339652, 31.43516624], [120.51629568339652, 31.435256704]]]}}, {"type": "Feature", "properties": {"area_ha": 0.01, "mean": 0.1068}, "geometry": {"type": "Polygon", "coordinates": [[[120.53956587755876, 31.434804384], [120.53946058256255, 31.434623456], [120.53956587755876, 31.434623456], [120.53956587755876, 31.434804384]]]}}, {"type": "Feature", "properties": {"area_ha": 0.0, "mean": null}, "geometry": {"type": "Polygon", "coordinates": [[[120.51682215837756, 31.434442528], [120.51671686338135, 31.434352064], [120.51682215837756, 31.434352064], [120.51682215837756, 31.434442528]]]}}, {"type": "Feature", "properties": {"area_ha": 0.02, "mean": 0.115}, "geometry": {"type": "Polygon", "coordinates": [[[120.51713804336619, 31.434352064], [120.51682215837756, 31.4342616], [120.51703274836999, 31.434171136], [120.51713804336619, 31.434352064]]]}}, {"type": "Feature", "properties": {"area_ha": 0.0, "mean": null}, "geometry": {"type": "Polygon", "coordinates": [[[120.51755922335103, 31.43290464], [120.51745392835483, 31.432814176], [120.51755922335103, 31.432814176], [120.51755922335103, 31.43290464]]]}}, {"type": "Feature", "properties": {"area_ha": 0.0, "mean": null}, "geometry": {"type": "Polygon", "coordinates": [[[120.5398817625474, 31.432633248000002], [120.53977646755118, 31.432542784], [120.5398817625474, 31.432542784], [120.5398817625474, 31.432633248000002]]]}}, {"type": "Feature", "properties": {"area_ha": 0.0, "mean": null}, "geometry": {"type": "Polygon", "coordinates": [[[120.51871746830933, 31.432542784], [120.51861217331312, 31.43245232], [120.51871746830933, 31.43245232], [120.51871746830933, 31.432542784]]]}}, {"type": "Feature", "properties": {"area_ha": 0.0, "mean": null}, "geometry": {"type": "Polygon", "coordinates": [[[120.51882276330554, 31.43245232], [120.51871746830933, 31.432361856], [120.51882276330554, 31.432361856], [120.51882276330554, 31.43245232]]]}}, {"type": "Feature", "properties": {"area_ha": 0.0, "mean": null}, "geometry": {"type": "Polygon", "coordinates": [[[120.5194545332828, 31.432271392], [120.51934923828658, 31.432180928], [120.5194545332828, 31.432180928], [120.5194545332828, 31.432271392]]]}}, {"type": "Feature", "properties": {"area_ha": 0.0, "mean": null}, "geometry": {"type": "Polygon", "coordinates": [[[120.52019159825626, 31.430733504], [120.52008630326004, 31.43064304], [120.52019159825626, 31.43064304], [120.52019159825626, 31.430733504]]]}}, {"type": "Feature", "properties": {"area_ha": 0.0, "mean": null}, "geometry": {"type": "Polygon", "coordinates": [[[120.54862124723276, 31.430281184000002], [120.54851595223654, 31.43019072], [120.54862124723276, 31.43019072], [120.54862124723276, 31.430281184000002]]]}}, {"type": "Feature", "properties": {"area_ha": 0.0, "mean": null}, "geometry": {"type": "Polygon", "coordinates": [[[120.51819099332829, 31.430100256], [120.51808569833207, 31.430009792], [120.51819099332829, 31.430009792], [120.51819099332829, 31.430100256]]]}}, {"type": "Feature", "properties": {"area_ha": 0.01, "mean": 0.1017}, "geometry": {"type": "Polygon", "coordinates": [[[120.52029689325246, 31.429647936000002], [120.52019159825626, 31.429467008], [120.52029689325246, 31.429467008], [120.52029689325246, 31.429647936000002]]]}}, {"type": "Feature", "properties": {"area_ha": 0.0, "mean": null}, "geometry": {"type": "Polygon", "coordinates": [[[120.52040218824868, 31.429376544], [120.52029689325246, 31.42928608], [120.52040218824868, 31.42928608], [120.52040218824868, 31.429376544]]]}}, {"type": "Feature", "properties": {"area_ha": 0.0, "mean": null}, "geometry": {"type": "Polygon", "coordinates": [[[120.52050748324488, 31.42928608], [120.52040218824868, 31.429195616], [120.52050748324488, 31.429195616], [120.52050748324488, 31.42928608]]]}}, {"type": "Feature", "properties": {"area_ha": 0.0, "mean": null}, "geometry": {"type": "Polygon", "coordinates": [[[120.5207180732373, 31.429014688], [120.5206127782411, 31.428924224], [120.5207180732373, 31.428924224], [120.5207180732373, 31.429014688]]]}}, {"type": "Feature", "properties": {"area_ha": 0.01, "mean": 0.1106}, "geometry": {"type": "Polygon", "coordinates": [[[120.52082336823351, 31.428924224], [120.5207180732373, 31.428743296], [120.52082336823351, 31.428743296], [120.52082336823351, 31.428924224]]]}}, {"type": "Feature", "properties": {"area_ha": 0.02, "mean": 0.1088}, "geometry": {"type": "Polygon", "coordinates": [[[120.59495104556483, 31.428743296], [120.5947404555724, 31.428471904000002], [120.59484575056861, 31.428471904000002], [120.59495104556483, 31.428743296]]]}}, {"type": "Feature", "properties": {"area_ha": 0.0, "mean": null}, "geometry": {"type": "Polygon", "coordinates": [[[120.54051353252464, 31.428562368], [120.54040823752844, 31.428471904000002], [120.54051353252464, 31.428471904000002], [120.54051353252464, 31.428562368]]]}}, {"type": "Feature", "properties": {"area_ha": 0.24, "mean": 0.1072}, "geometry": {"type": "Polygon", "coordinates": [[[120.51903335329796, 31.42928608], [120.51861217331312, 31.428652832], [120.51903335329796, 31.428200512], [120.51903335329796, 31.42928608]]]}}, {"type": "Feature", "properties": {"area_ha": 0.0, "mean": null}, "geometry": {"type": "Polygon", "coordinates": [[[120.59484575056861, 31.428290976], [120.5947404555724, 31.428200512], [120.59484575056861, 31.428200512], [120.59484575056861, 31.428290976]]]}}, {"type": "Feature", "properties": {"area_ha": 0.01, "mean": 0.1489}, "geometry": {"type": "Polygon", "coordinates": [[[120.51913864829417, 31.428200512], [120.51903335329796, 31.428019584], [120.51913864829417, 31.428019584], [120.51913864829417, 31.428200512]]]}}, {"type": "Feature", "properties": {"area_ha": 0.0, "mean": null}, "geometry": {"type": "Polygon", "coordinates": [[[120.5947404555724, 31.428110048], [120.5946351605762, 31.428019584], [120.5947404555724, 31.428019584], [120.5947404555724, 31.428110048]]]}}, {"type": "Feature", "properties": {"area_ha": 0.01, "mean": 0.1475}, "geometry": {"type": "Polygon", "coordinates": [[[120.51924394329038, 31.428019584], [120.51913864829417, 31.427838656], [120.51924394329038, 31.427838656], [120.51924394329038, 31.428019584]]]}}, {"type": "Feature", "properties": {"area_ha": 0.0, "mean": null}, "geometry": {"type": "Polygon", "coordinates": [[[120.51829628832449, 31.427838656], [120.51819099332829, 31.427748192], [120.51829628832449, 31.427748192], [120.51829628832449, 31.427838656]]]}}, {"type": "Feature", "properties": {"area_ha": 0.06, "mean": 0.1323}, "geometry": {"type": "Polygon", "coordinates": [[[120.5207180732373, 31.42792912], [120.5207180732373, 31.427657728], [120.52113925322215, 31.427657728], [120.5207180732373, 31.42792912]]]}}, {"type": "Feature", "properties": {"area_ha": 0.0, "mean": null}, "geometry": {"type": "Polygon", "coordinates": [[[120.51934923828658, 31.427748192], [120.51924394329038, 31.427657728], [120.51934923828658, 31.427657728], [120.51934923828658, 31.427748192]]]}}, {"type": "Feature", "properties": {"area_ha": 0.0, "mean": null}, "geometry": {"type": "Polygon", "coordinates": [[[120.59442457058378, 31.427748192], [120.59431927558757, 31.427657728], [120.59442457058378, 31.427657728], [120.59442457058378, 31.427748192]]]}}, {"type": "Feature", "properties": {"area_ha": 0.0, "mean": null}, "geometry": {"type": "Polygon", "coordinates": [[[120.5194545332828, 31.427657728], [120.51934923828658, 31.427567264], [120.5194545332828, 31.427567264], [120.5194545332828, 31.427657728]]]}}, {"type": "Feature", "properties": {"area_ha": 0.0, "mean": null}, "geometry": {"type": "Polygon", "coordinates": [[[120.52345574313874, 31.427657728], [120.52335044814254, 31.427567264], [120.52345574313874, 31.427567264], [120.52345574313874, 31.427657728]]]}}, {"type": "Feature", "properties": {"area_ha": 0.08, "mean": 0.096}, "geometry": {"type": "Polygon", "coordinates": [[[120.52208690818803, 31.427657728], [120.52134984321457, 31.427657728], [120.52187631819561, 31.4274768], [120.52208690818803, 31.427657728]]]}}, {"type": "Feature", "properties": {"area_ha": 0.0, "mean": null}, "geometry": {"type": "Polygon", "coordinates": [[[120.59431927558757, 31.427567264], [120.59421398059136, 31.4274768], [120.59431927558757, 31.4274768], [120.59431927558757, 31.427567264]]]}}, {"type": "Feature", "properties": {"area_ha": 0.02, "mean": 0.1483}, "geometry": {"type": "Polygon", "coordinates": [[[120.54051353252464, 31.427838656], [120.54040823752844, 31.427386336], [120.54051353252464, 31.427386336], [120.54051353252464, 31.427838656]]]}}, {"type": "Feature", "properties": {"area_ha": 0.01, "mean": 0.1278}, "geometry": {"type": "Polygon", "coordinates": [[[120.52187631819561, 31.4274768], [120.52166572820319, 31.427386336], [120.52187631819561, 31.427386336], [120.52187631819561, 31.4274768]]]}}, {"type": "Feature", "properties": {"area_ha": 0.01, "mean": 0.1009}, "geometry": {"type": "Polygon", "coordinates": [[[120.6071652651251, 31.4274768], [120.60684938013647, 31.427386336], [120.6071652651251, 31.427386336], [120.6071652651251, 31.4274768]]]}}, {"type": "Feature", "properties": {"area_ha": 0.02, "mean": 0.1683}, "geometry": {"type": "Polygon", "coordinates": [[[120.51966512327522, 31.4274768], [120.519559828279, 31.427295872000002], [120.51977041827142, 31.427295872000002], [120.51966512327522, 31.4274768]]]}}, {"type": "Feature", "properties": {"area_ha": 0.0, "mean": null}, "geometry": {"type": "Polygon", "coordinates": [[[120.52313985815012, 31.427386336], [120.52303456315391, 31.427295872000002], [120.52313985815012, 31.427295872000002], [120.52313985815012, 31.427386336]]]}}, {"type": "Feature", "properties": {"area_ha": 0.0, "mean": null}, "geometry": {"type": "Polygon", "coordinates": [[[120.52377162812738, 31.427386336], [120.52366633313116, 31.427295872000002], [120.52377162812738, 31.427295872000002], [120.52377162812738, 31.427386336]]]}}, {"type": "Feature", "properties": {"area_ha": 0.01, "mean": 0.1074}, "geometry": {"type": "Polygon", "coordinates": [[[120.60748115011373, 31.427386336], [120.6071652651251, 31.427295872000002], [120.60748115011373, 31.427295872000002], [120.60748115011373, 31.427386336]]]}}, {"type": "Feature", "properties": {"area_ha": 0.0, "mean": null}, "geometry": {"type": "Polygon", "coordinates": [[[120.51987571326764, 31.427295872000002], [120.51977041827142, 31.427205408], [120.51987571326764, 31.427205408], [120.51987571326764, 31.427295872000002]]]}}, {"type": "Feature", "properties": {"area_ha": 0.0, "mean": null}, "geometry": {"type": "Polygon", "coordinates": [[[120.52324515314633, 31.427295872000002], [120.52313985815012, 31.427205408], [120.52324515314633, 31.427205408], [120.52324515314633, 31.427295872000002]]]}}, {"type": "Feature", "properties": {"area_ha": 0.01, "mean": 0.1155}, "geometry": {"type": "Polygon", "coordinates": [[[120.60769174010615, 31.427295872000002], [120.60748115011373, 31.427205408], [120.60769174010615, 31.427205408], [120.60769174010615, 31.427295872000002]]]}}, {"type": "Feature", "properties": {"area_ha": 0.0, "mean": null}, "geometry": {"type": "Polygon", "coordinates": [[[120.60842880507961, 31.427295872000002], [120.6083235100834, 31.427205408], [120.60842880507961, 31.427205408], [120.60842880507961, 31.427295872000002]]]}}, {"type": "Feature", "properties": {"area_ha": 0.01, "mean": 0.1079}, "geometry": {"type": "Polygon", "coordinates": [[[120.52029689325246, 31.427205408], [120.51998100826384, 31.427114944], [120.52029689325246, 31.427114944], [120.52029689325246, 31.427205408]]]}}, {"type": "Feature", "properties": {"area_ha": 0.0, "mean": null}, "geometry": {"type": "Polygon", "coordinates": [[[120.52124454821835, 31.427205408], [120.52113925322215, 31.427114944], [120.52124454821835, 31.427114944], [120.52124454821835, 31.427205408]]]}}, {"type": "Feature", "properties": {"area_ha": 0.0, "mean": null}, "geometry": {"type": "Polygon", "coordinates": [[[120.54061882752086, 31.427205408], [120.54051353252464, 31.427114944], [120.54061882752086, 31.427114944], [120.54061882752086, 31.427205408]]]}}, {"type": "Feature", "properties": {"area_ha": 0.01, "mean": 0.1033}, "geometry": {"type": "Polygon", "coordinates": [[[120.5206127782411, 31.427114944], [120.52029689325246, 31.42702448], [120.5206127782411, 31.42702448], [120.5206127782411, 31.427114944]]]}}, {"type": "Feature", "properties": {"area_ha": 0.0, "mean": null}, "geometry": {"type": "Polygon", "coordinates": [[[120.52092866322972, 31.427114944], [120.52082336823351, 31.42702448], [120.52092866322972, 31.42702448], [120.52092866322972, 31.427114944]]]}}, {"type": "Feature", "properties": {"area_ha": 0.0, "mean": null}, "geometry": {"type": "Polygon", "coordinates": [[[120.59389809560274, 31.42702448], [120.59379280060652, 31.426934016], [120.59389809560274, 31.426934016], [120.59389809560274, 31.42702448]]]}}, {"type": "Feature", "properties": {"area_ha": 0.01, "mean": 0.1071}, "geometry": {"type": "Polygon", "coordinates": [[[120.5184015833207, 31.42702448], [120.51829628832449, 31.426843552], [120.5184015833207, 31.426843552], [120.5184015833207, 31.42702448]]]}}, {"type": "Feature", "properties": {"area_ha": 0.0, "mean": null}, "geometry": {"type": "Polygon", "coordinates": [[[120.5297734429113, 31.426934016], [120.52966814791509, 31.426843552], [120.5297734429113, 31.426843552], [120.5297734429113, 31.426934016]]]}}, {"type": "Feature", "properties": {"area_ha": 0.0, "mean": null}, "geometry": {"type": "Polygon", "coordinates": [[[120.59379280060652, 31.426934016], [120.59368750561032, 31.426843552], [120.59379280060652, 31.426843552], [120.59379280060652, 31.426934016]]]}}, {"type": "Feature", "properties": {"area_ha": 0.0, "mean": null}, "geometry": {"type": "Polygon", "coordinates": [[[120.52966814791509, 31.426843552], [120.52956285291889, 31.426753088], [120.52966814791509, 31.426753088], [120.52966814791509, 31.426843552]]]}}, {"type": "Feature", "properties": {"area_ha": 0.01, "mean": 0.1243}, "geometry": {"type": "Polygon", "coordinates": [[[120.58947570576194, 31.426843552], [120.58937041076574, 31.426662624], [120.58947570576194, 31.426662624], [120.58947570576194, 31.426843552]]]}}, {"type": "Feature", "properties": {"area_ha": 0.0, "mean": null}, "geometry": {"type": "Polygon", "coordinates": [[[120.52956285291889, 31.426753088], [120.52945755792267, 31.426662624], [120.52956285291889, 31.426662624], [120.52956285291889, 31.426753088]]]}}, {"type": "Feature", "properties": {"area_ha": 0.01, "mean": 0.1242}, "geometry": {"type": "Polygon", "coordinates": [[[120.51850687831691, 31.426753088], [120.5184015833207, 31.42657216], [120.51850687831691, 31.42657216], [120.51850687831691, 31.426753088]]]}}, {"type": "Feature", "properties": {"area_ha": 0.0, "mean": null}, "geometry": {"type": "Polygon", "coordinates": [[[120.52945755792267, 31.426662624], [120.52935226292647, 31.42657216], [120.52945755792267, 31.42657216], [120.52945755792267, 31.426662624]]]}}, {"type": "Feature", "properties": {"area_ha": 0.0, "mean": null}, "geometry": {"type": "Polygon", "coordinates": [[[120.53008932789993, 31.426662624], [120.52998403290371, 31.42657216], [120.53008932789993, 31.42657216], [120.53008932789993, 31.426662624]]]}}, {"type": "Feature", "properties": {"area_ha": 0.0, "mean": null}, "geometry": {"type": "Polygon", "coordinates": [[[120.5935822106141, 31.426662624], [120.5934769156179, 31.42657216], [120.5935822106141, 31.42657216], [120.5935822106141, 31.426662624]]]}}, {"type": "Feature", "properties": {"area_ha": 0.01, "mean": 0.1009}, "geometry": {"type": "Polygon", "coordinates": [[[120.5934769156179, 31.42657216], [120.59326632562548, 31.426481696], [120.5934769156179, 31.426481696], [120.5934769156179, 31.42657216]]]}}, {"type": "Feature", "properties": {"area_ha": 0.0, "mean": null}, "geometry": {"type": "Polygon", "coordinates": [[[120.51861217331312, 31.426391232], [120.51850687831691, 31.426300768], [120.51861217331312, 31.426300768], [120.51861217331312, 31.426391232]]]}}, {"type": "Feature", "properties": {"area_ha": 0.0, "mean": null}, "geometry": {"type": "Polygon", "coordinates": [[[120.51850687831691, 31.426300768], [120.5184015833207, 31.426210304], [120.51850687831691, 31.426210304], [120.51850687831691, 31.426300768]]]}}, {"type": "Feature", "properties": {"area_ha": 0.0, "mean": null}, "geometry": {"type": "Polygon", "coordinates": [[[120.52893108294163, 31.426300768], [120.52882578794542, 31.426210304], [120.52893108294163, 31.426210304], [120.52893108294163, 31.426300768]]]}}, {"type": "Feature", "properties": {"area_ha": 0.0, "mean": null}, "geometry": {"type": "Polygon", "coordinates": [[[120.53135286785444, 31.426119840000002], [120.53124757285823, 31.426029376], [120.53135286785444, 31.426029376], [120.53135286785444, 31.426119840000002]]]}}, {"type": "Feature", "properties": {"area_ha": 0.0, "mean": null}, "geometry": {"type": "Polygon", "coordinates": [[[120.60042638536771, 31.426119840000002], [120.6003210903715, 31.426029376], [120.60042638536771, 31.426029376], [120.60042638536771, 31.426119840000002]]]}}, {"type": "Feature", "properties": {"area_ha": 0.01, "mean": 0.1387}, "geometry": {"type": "Polygon", "coordinates": [[[120.5309316878696, 31.426119840000002], [120.5308263928734, 31.425938912], [120.5309316878696, 31.425938912], [120.5309316878696, 31.426119840000002]]]}}, {"type": "Feature", "properties": {"area_ha": 0.02, "mean": 0.122}, "geometry": {"type": "Polygon", "coordinates": [[[120.60063697536013, 31.425938912], [120.60042638536771, 31.425848448], [120.60063697536013, 31.425757984], [120.60063697536013, 31.425938912]]]}}, {"type": "Feature", "properties": {"area_ha": 0.01, "mean": 0.1027}, "geometry": {"type": "Polygon", "coordinates": [[[120.52903637793784, 31.425848448], [120.52882578794542, 31.425757984], [120.52903637793784, 31.425757984], [120.52903637793784, 31.425848448]]]}}, {"type": "Feature", "properties": {"area_ha": 0.04, "mean": 0.1502}, "geometry": {"type": "Polygon", "coordinates": [[[120.52998403290371, 31.425757984], [120.5297734429113, 31.425848448], [120.52914167293405, 31.425757984], [120.52998403290371, 31.425757984]]]}}, {"type": "Feature", "properties": {"area_ha": 0.0, "mean": null}, "geometry": {"type": "Polygon", "coordinates": [[[120.53103698286581, 31.425848448], [120.5309316878696, 31.425757984], [120.53103698286581, 31.425757984], [120.53103698286581, 31.425848448]]]}}, {"type": "Feature", "properties": {"area_ha": 0.0, "mean": null}, "geometry": {"type": "Polygon", "coordinates": [[[120.5320899328279, 31.425848448], [120.5319846378317, 31.425757984], [120.5320899328279, 31.425757984], [120.5320899328279, 31.425848448]]]}}, {"type": "Feature", "properties": {"area_ha": 0.0, "mean": null}, "geometry": {"type": "Polygon", "coordinates": [[[120.53114227786202, 31.425757984], [120.53103698286581, 31.42566752], [120.53114227786202, 31.42566752], [120.53114227786202, 31.425757984]]]}}, {"type": "Feature", "properties": {"area_ha": 0.0, "mean": null}, "geometry": {"type": "Polygon", "coordinates": [[[120.53187934283548, 31.425396128], [120.53177404783928, 31.425305664], [120.53187934283548, 31.425305664], [120.53187934283548, 31.425396128]]]}}, {"type": "Feature", "properties": {"area_ha": 0.02, "mean": 0.1074}, "geometry": {"type": "Polygon", "coordinates": [[[120.59495104556483, 31.42566752], [120.59484575056861, 31.4252152], [120.59495104556483, 31.4252152], [120.59495104556483, 31.42566752]]]}}, {"type": "Feature", "properties": {"area_ha": 0.01, "mean": 0.1009}, "geometry": {"type": "Polygon", "coordinates": [[[120.53230052282032, 31.425305664], [120.5319846378317, 31.4252152], [120.53230052282032, 31.4252152], [120.53230052282032, 31.425305664]]]}}, {"type": "Feature", "properties": {"area_ha": 0.0, "mean": null}, "geometry": {"type": "Polygon", "coordinates": [[[120.53251111281274, 31.4252152], [120.53240581781654, 31.425124736], [120.53251111281274, 31.425124736], [120.53251111281274, 31.4252152]]]}}, {"type": "Feature", "properties": {"area_ha": 0.03, "mean": 0.136}, "geometry": {"type": "Polygon", "coordinates": [[[120.53493289772555, 31.4252152], [120.53419583275209, 31.425124736], [120.53493289772555, 31.425124736], [120.53493289772555, 31.4252152]]]}}, {"type": "Feature", "properties": {"area_ha": 0.0, "mean": null}, "geometry": {"type": "Polygon", "coordinates": [[[120.60811292009099, 31.4252152], [120.60800762509477, 31.425124736], [120.60811292009099, 31.425124736], [120.60811292009099, 31.4252152]]]}}, {"type": "Feature", "properties": {"area_ha": 0.0, "mean": null}, "geometry": {"type": "Polygon", "coordinates": [[[120.60853410007581, 31.4252152], [120.60842880507961, 31.425124736], [120.60853410007581, 31.425124736], [120.60853410007581, 31.4252152]]]}}, {"type": "Feature", "properties": {"area_ha": 0.0, "mean": null}, "geometry": {"type": "Polygon", "coordinates": [[[120.59452986557999, 31.425124736], [120.59442457058378, 31.425034272], [120.59452986557999, 31.425034272], [120.59452986557999, 31.425124736]]]}}, {"type": "Feature", "properties": {"area_ha": 0.0, "mean": null}, "geometry": {"type": "Polygon", "coordinates": [[[120.59495104556483, 31.425124736], [120.59484575056861, 31.425034272], [120.59495104556483, 31.425034272], [120.59495104556483, 31.425124736]]]}}, {"type": "Feature", "properties": {"area_ha": 0.01, "mean": 0.1101}, "geometry": {"type": "Polygon", "coordinates": [[[120.54440944738438, 31.425124736], [120.54430415238818, 31.424943808000002], [120.54440944738438, 31.424943808000002], [120.54440944738438, 31.425124736]]]}}, {"type": "Feature", "properties": {"area_ha": 0.01, "mean": 0.1003}, "geometry": {"type": "Polygon", "coordinates": [[[120.59505634056103, 31.425034272], [120.59495104556483, 31.424853344], [120.59505634056103, 31.424853344], [120.59505634056103, 31.425034272]]]}}, {"type": "Feature", "properties": {"area_ha": 0.0, "mean": null}, "geometry": {"type": "Polygon", "coordinates": [[[120.6048487752085, 31.424943808000002], [120.60474348021229, 31.424853344], [120.6048487752085, 31.424853344], [120.6048487752085, 31.424943808000002]]]}}, {"type": "Feature", "properties": {"area_ha": 0.0, "mean": null}, "geometry": {"type": "Polygon", "coordinates": [[[120.60769174010615, 31.424943808000002], [120.60758644510993, 31.424853344], [120.60769174010615, 31.424853344], [120.60769174010615, 31.424943808000002]]]}}, {"type": "Feature", "properties": {"area_ha": 0.0, "mean": null}, "geometry": {"type": "Polygon", "coordinates": [[[120.59989991038665, 31.424853344], [120.59979461539045, 31.42476288], [120.59989991038665, 31.42476288], [120.59989991038665, 31.424853344]]]}}, {"type": "Feature", "properties": {"area_ha": 0.0, "mean": null}, "geometry": {"type": "Polygon", "coordinates": [[[120.60053168036391, 31.424853344], [120.60042638536771, 31.42476288], [120.60053168036391, 31.42476288], [120.60053168036391, 31.424853344]]]}}, {"type": "Feature", "properties": {"area_ha": 0.01, "mean": 0.1035}, "geometry": {"type": "Polygon", "coordinates": [[[120.59516163555725, 31.424853344], [120.59505634056103, 31.424672416], [120.59516163555725, 31.424672416], [120.59516163555725, 31.424853344]]]}}, {"type": "Feature", "properties": {"area_ha": 0.0, "mean": null}, "geometry": {"type": "Polygon", "coordinates": [[[120.59958402539803, 31.42476288], [120.59947873040183, 31.424672416], [120.59958402539803, 31.424672416], [120.59958402539803, 31.42476288]]]}}, {"type": "Feature", "properties": {"area_ha": 0.04, "mean": 0.1051}, "geometry": {"type": "Polygon", "coordinates": [[[120.60758644510993, 31.424581952], [120.60727056012131, 31.424672416], [120.60727056012131, 31.424491488], [120.60758644510993, 31.424581952]]]}}, {"type": "Feature", "properties": {"area_ha": 0.01, "mean": 0.1222}, "geometry": {"type": "Polygon", "coordinates": [[[120.53577525769524, 31.424581952], [120.53556466770281, 31.424491488], [120.53577525769524, 31.424491488], [120.53577525769524, 31.424581952]]]}}, {"type": "Feature", "properties": {"area_ha": 0.34, "mean": 0.118}, "geometry": {"type": "Polygon", "coordinates": [[[120.53640702767248, 31.425124736], [120.53588055269144, 31.424491488], [120.53714409264595, 31.42476288], [120.53640702767248, 31.425124736]]]}}, {"type": "Feature", "properties": {"area_ha": 0.0, "mean": null}, "geometry": {"type": "Polygon", "coordinates": [[[120.59516163555725, 31.424581952], [120.59505634056103, 31.424491488], [120.59516163555725, 31.424491488], [120.59516163555725, 31.424581952]]]}}, {"type": "Feature", "properties": {"area_ha": 0.01, "mean": 0.1163}, "geometry": {"type": "Polygon", "coordinates": [[[120.5947404555724, 31.424491488], [120.5946351605762, 31.42431056], [120.5947404555724, 31.42431056], [120.5947404555724, 31.424491488]]]}}, {"type": "Feature", "properties": {"area_ha": 0.02, "mean": 0.1022}, "geometry": {"type": "Polygon", "coordinates": [[[120.60474348021229, 31.424401024], [120.60463818521607, 31.424491488], [120.60453289021987, 31.42431056], [120.60474348021229, 31.424401024]]]}}, {"type": "Feature", "properties": {"area_ha": 0.0, "mean": null}, "geometry": {"type": "Polygon", "coordinates": [[[120.6071652651251, 31.424401024], [120.60705997012889, 31.42431056], [120.6071652651251, 31.42431056], [120.6071652651251, 31.424401024]]]}}, {"type": "Feature", "properties": {"area_ha": 0.02, "mean": 0.1104}, "geometry": {"type": "Polygon", "coordinates": [[[120.60463818521607, 31.424220096], [120.60442759522365, 31.424129632], [120.60463818521607, 31.423948704], [120.60463818521607, 31.424220096]]]}}, {"type": "Feature", "properties": {"area_ha": 0.01, "mean": 0.1027}, "geometry": {"type": "Polygon", "coordinates": [[[120.60442759522365, 31.424039168], [120.60432230022745, 31.42385824], [120.60442759522365, 31.42385824], [120.60442759522365, 31.424039168]]]}}, {"type": "Feature", "properties": {"area_ha": 0.0, "mean": null}, "geometry": {"type": "Polygon", "coordinates": [[[120.54167177748295, 31.423948704], [120.54156648248674, 31.42385824], [120.54167177748295, 31.42385824], [120.54167177748295, 31.423948704]]]}}, {"type": "Feature", "properties": {"area_ha": 0.0, "mean": null}, "geometry": {"type": "Polygon", "coordinates": [[[120.60453289021987, 31.423586848], [120.60442759522365, 31.423496384], [120.60453289021987, 31.423496384], [120.60453289021987, 31.423586848]]]}}, {"type": "Feature", "properties": {"area_ha": 0.0, "mean": null}, "geometry": {"type": "Polygon", "coordinates": [[[120.60474348021229, 31.423496384], [120.60453289021987, 31.423315456], [120.60474348021229, 31.42340592], [120.60474348021229, 31.423496384]]]}}, {"type": "Feature", "properties": {"area_ha": 0.02, "mean": 0.1108}, "geometry": {"type": "Polygon", "coordinates": [[[120.54040823752844, 31.423586848], [120.54030294253222, 31.423134528000002], [120.54040823752844, 31.423134528000002], [120.54040823752844, 31.423586848]]]}}, {"type": "Feature", "properties": {"area_ha": 0.01, "mean": 0.1049}, "geometry": {"type": "Polygon", "coordinates": [[[120.59895225542078, 31.423224992], [120.59884696042457, 31.423044064], [120.59895225542078, 31.423044064], [120.59895225542078, 31.423224992]]]}}, {"type": "Feature", "properties": {"area_ha": 0.01, "mean": 0.1007}, "geometry": {"type": "Polygon", "coordinates": [[[120.54040823752844, 31.423044064], [120.54030294253222, 31.422863136], [120.54040823752844, 31.422863136], [120.54040823752844, 31.423044064]]]}}, {"type": "Feature", "properties": {"area_ha": 0.0, "mean": null}, "geometry": {"type": "Polygon", "coordinates": [[[120.54051353252464, 31.422772672], [120.54040823752844, 31.422682208], [120.54051353252464, 31.422682208], [120.54051353252464, 31.422772672]]]}}, {"type": "Feature", "properties": {"area_ha": 0.09, "mean": 0.1182}, "geometry": {"type": "Polygon", "coordinates": [[[120.54283002244125, 31.423496384], [120.54261943244883, 31.422772672], [120.54283002244125, 31.422591744], [120.54283002244125, 31.423496384]]]}}, {"type": "Feature", "properties": {"area_ha": 0.02, "mean": 0.1451}, "geometry": {"type": "Polygon", "coordinates": [[[120.5980046004549, 31.4229536], [120.59779401046248, 31.422772672], [120.5980046004549, 31.422591744], [120.5980046004549, 31.4229536]]]}}, {"type": "Feature", "properties": {"area_ha": 0.01, "mean": 0.1905}, "geometry": {"type": "Polygon", "coordinates": [[[120.54061882752086, 31.422682208], [120.54051353252464, 31.42250128], [120.54061882752086, 31.42250128], [120.54061882752086, 31.422682208]]]}}, {"type": "Feature", "properties": {"area_ha": 0.02, "mean": 0.1173}, "geometry": {"type": "Polygon", "coordinates": [[[120.54304061243367, 31.42250128], [120.54283002244125, 31.422410816], [120.54304061243367, 31.422320352], [120.54304061243367, 31.42250128]]]}}, {"type": "Feature", "properties": {"area_ha": 0.01, "mean": 0.1314}, "geometry": {"type": "Polygon", "coordinates": [[[120.54072412251706, 31.42250128], [120.54061882752086, 31.422320352], [120.54072412251706, 31.422320352], [120.54072412251706, 31.42250128]]]}}, {"type": "Feature", "properties": {"area_ha": 0.01, "mean": 0.1494}, "geometry": {"type": "Polygon", "coordinates": [[[120.54082941751327, 31.422320352], [120.54072412251706, 31.422139424], [120.54082941751327, 31.422139424], [120.54082941751327, 31.422320352]]]}}, {"type": "Feature", "properties": {"area_ha": 0.01, "mean": 0.1316}, "geometry": {"type": "Polygon", "coordinates": [[[120.54093471250948, 31.42204896], [120.54082941751327, 31.421868032], [120.54093471250948, 31.421868032], [120.54093471250948, 31.42204896]]]}}, {"type": "Feature", "properties": {"area_ha": 0.02, "mean": 0.1092}, "geometry": {"type": "Polygon", "coordinates": [[[120.54314590742987, 31.422229888], [120.54304061243367, 31.421777568], [120.54314590742987, 31.421777568], [120.54314590742987, 31.422229888]]]}}, {"type": "Feature", "properties": {"area_ha": 0.0, "mean": null}, "geometry": {"type": "Polygon", "coordinates": [[[120.54314590742987, 31.421687104], [120.54304061243367, 31.42159664], [120.54314590742987, 31.42159664], [120.54314590742987, 31.421687104]]]}}, {"type": "Feature", "properties": {"area_ha": 0.92, "mean": 0.1256}, "geometry": {"type": "Polygon", "coordinates": [[[120.58610626588325, 31.422139424], [120.58421095595148, 31.422591744], [120.58600097088704, 31.421234784], [120.58610626588325, 31.422139424]]]}}, {"type": "Feature", "properties": {"area_ha": 0.09, "mean": 0.1357}, "geometry": {"type": "Polygon", "coordinates": [[[120.58694862585293, 31.421234784], [120.58610626588325, 31.421053856], [120.58621156087946, 31.420872928], [120.58694862585293, 31.421234784]]]}}, {"type": "Feature", "properties": {"area_ha": 0.0, "mean": null}, "geometry": {"type": "Polygon", "coordinates": [[[120.54430415238818, 31.420782464000002], [120.54419885739196, 31.420692], [120.54430415238818, 31.420692], [120.54430415238818, 31.420782464000002]]]}}, {"type": "Feature", "properties": {"area_ha": 0.01, "mean": 0.1057}, "geometry": {"type": "Polygon", "coordinates": [[[120.5412505974981, 31.420782464000002], [120.5411453025019, 31.420601536], [120.5412505974981, 31.420601536], [120.5412505974981, 31.420782464000002]]]}}, {"type": "Feature", "properties": {"area_ha": 0.0, "mean": null}, "geometry": {"type": "Polygon", "coordinates": [[[120.54472533237302, 31.420692], [120.5446200373768, 31.420601536], [120.54472533237302, 31.420601536], [120.54472533237302, 31.420692]]]}}, {"type": "Feature", "properties": {"area_ha": 0.14, "mean": 0.1765}, "geometry": {"type": "Polygon", "coordinates": [[[120.54325120242609, 31.420601536], [120.54314590742987, 31.420330144], [120.54419885739196, 31.420420608], [120.54325120242609, 31.420601536]]]}}, {"type": "Feature", "properties": {"area_ha": 0.03, "mean": 0.1223}, "geometry": {"type": "Polygon", "coordinates": [[[120.54514651235785, 31.420330144], [120.54483062736922, 31.42023968], [120.54525180735406, 31.420149216], [120.54514651235785, 31.420330144]]]}}, {"type": "Feature", "properties": {"area_ha": 0.01, "mean": 0.1016}, "geometry": {"type": "Polygon", "coordinates": [[[120.54440944738438, 31.42023968], [120.54430415238818, 31.420058752], [120.54440944738438, 31.420058752], [120.54440944738438, 31.42023968]]]}}, {"type": "Feature", "properties": {"area_ha": 0.0, "mean": null}, "geometry": {"type": "Polygon", "coordinates": [[[120.5434617924185, 31.420149216], [120.5433564974223, 31.420058752], [120.5434617924185, 31.420058752], [120.5434617924185, 31.420149216]]]}}, {"type": "Feature", "properties": {"area_ha": 0.01, "mean": 0.1073}, "geometry": {"type": "Polygon", "coordinates": [[[120.54546239734648, 31.420149216], [120.54525180735406, 31.420058752], [120.54546239734648, 31.420058752], [120.54546239734648, 31.420149216]]]}}, {"type": "Feature", "properties": {"area_ha": 0.01, "mean": 0.102}, "geometry": {"type": "Polygon", "coordinates": [[[120.5411453025019, 31.42023968], [120.54104000750569, 31.419968288], [120.5411453025019, 31.419968288], [120.5411453025019, 31.42023968]]]}}, {"type": "Feature", "properties": {"area_ha": 0.01, "mean": 0.1066}, "geometry": {"type": "Polygon", "coordinates": [[[120.54240884245641, 31.420149216], [120.54230354746021, 31.419968288], [120.54240884245641, 31.419968288], [120.54240884245641, 31.420149216]]]}}, {"type": "Feature", "properties": {"area_ha": 0.0, "mean": null}, "geometry": {"type": "Polygon", "coordinates": [[[120.5445147423806, 31.420058752], [120.54440944738438, 31.419968288], [120.5445147423806, 31.419968288], [120.5445147423806, 31.420058752]]]}}, {"type": "Feature", "properties": {"area_ha": 0.0, "mean": null}, "geometry": {"type": "Polygon", "coordinates": [[[120.54104000750569, 31.419968288], [120.54093471250948, 31.419877824], [120.54104000750569, 31.419877824], [120.54104000750569, 31.419968288]]]}}, {"type": "Feature", "properties": {"area_ha": 0.01, "mean": 0.1078}, "geometry": {"type": "Polygon", "coordinates": [[[120.54598887232753, 31.419968288], [120.5457782823351, 31.419877824], [120.54598887232753, 31.419877824], [120.54598887232753, 31.419968288]]]}}, {"type": "Feature", "properties": {"area_ha": 0.0, "mean": null}, "geometry": {"type": "Polygon", "coordinates": [[[120.54093471250948, 31.419877824], [120.54082941751327, 31.41978736], [120.54093471250948, 31.41978736], [120.54093471250948, 31.419877824]]]}}, {"type": "Feature", "properties": {"area_ha": 0.0, "mean": null}, "geometry": {"type": "Polygon", "coordinates": [[[120.54619946231995, 31.419877824], [120.54609416732373, 31.41978736], [120.54619946231995, 31.41978736], [120.54619946231995, 31.419877824]]]}}, {"type": "Feature", "properties": {"area_ha": 0.0, "mean": null}, "geometry": {"type": "Polygon", "coordinates": [[[120.54051353252464, 31.41978736], [120.54040823752844, 31.419696896], [120.54051353252464, 31.419696896], [120.54051353252464, 31.41978736]]]}}, {"type": "Feature", "properties": {"area_ha": 0.01, "mean": 0.1245}, "geometry": {"type": "Polygon", "coordinates": [[[120.54082941751327, 31.41978736], [120.54061882752086, 31.419696896], [120.54082941751327, 31.419696896], [120.54082941751327, 31.41978736]]]}}, {"type": "Feature", "properties": {"area_ha": 0.0, "mean": null}, "geometry": {"type": "Polygon", "coordinates": [[[120.54641005231237, 31.41978736], [120.54630475731615, 31.419696896], [120.54641005231237, 31.419696896], [120.54641005231237, 31.41978736]]]}}, {"type": "Feature", "properties": {"area_ha": 0.01, "mean": 0.1336}, "geometry": {"type": "Polygon", "coordinates": [[[120.54662064230477, 31.419606432000002], [120.54651534730857, 31.419425504], [120.54662064230477, 31.419425504], [120.54662064230477, 31.419606432000002]]]}}, {"type": "Feature", "properties": {"area_ha": 0.0, "mean": null}, "geometry": {"type": "Polygon", "coordinates": [[[120.54251413745261, 31.419244576], [120.54240884245641, 31.419154112], [120.54251413745261, 31.419154112], [120.54251413745261, 31.419244576]]]}}, {"type": "Feature", "properties": {"area_ha": 0.0, "mean": null}, "geometry": {"type": "Polygon", "coordinates": [[[120.54325120242609, 31.41888272], [120.54314590742987, 31.418792256], [120.54325120242609, 31.418792256], [120.54325120242609, 31.41888272]]]}}, {"type": "Feature", "properties": {"area_ha": 0.0, "mean": null}, "geometry": {"type": "Polygon", "coordinates": [[[120.5468312322972, 31.41888272], [120.54672593730099, 31.418792256], [120.5468312322972, 31.418792256], [120.5468312322972, 31.41888272]]]}}, {"type": "Feature", "properties": {"area_ha": 0.0, "mean": null}, "geometry": {"type": "Polygon", "coordinates": [[[120.54693652729341, 31.418701792], [120.5468312322972, 31.418611328], [120.54693652729341, 31.418611328], [120.54693652729341, 31.418701792]]]}}, {"type": "Feature", "properties": {"area_ha": 0.0, "mean": null}, "geometry": {"type": "Polygon", "coordinates": [[[120.54704182228961, 31.418611328], [120.54693652729341, 31.418520864], [120.54704182228961, 31.418520864], [120.54704182228961, 31.418611328]]]}}, {"type": "Feature", "properties": {"area_ha": 0.02, "mean": 0.1237}, "geometry": {"type": "Polygon", "coordinates": [[[120.54725241228203, 31.418430400000002], [120.54704182228961, 31.418339936], [120.54725241228203, 31.418249472], [120.54725241228203, 31.418430400000002]]]}}, {"type": "Feature", "properties": {"area_ha": 0.0, "mean": null}, "geometry": {"type": "Polygon", "coordinates": [[[120.54735770727825, 31.418249472], [120.54725241228203, 31.418159008], [120.54735770727825, 31.418159008], [120.54735770727825, 31.418249472]]]}}, {"type": "Feature", "properties": {"area_ha": 0.0, "mean": null}, "geometry": {"type": "Polygon", "coordinates": [[[120.54746300227445, 31.418159008], [120.54735770727825, 31.418068544], [120.54746300227445, 31.418068544], [120.54746300227445, 31.418159008]]]}}, {"type": "Feature", "properties": {"area_ha": 0.0, "mean": null}, "geometry": {"type": "Polygon", "coordinates": [[[120.54030294253222, 31.417887616], [120.54019764753602, 31.417797152], [120.54030294253222, 31.417797152], [120.54030294253222, 31.417887616]]]}}, {"type": "Feature", "properties": {"area_ha": 0.01, "mean": 0.1104}, "geometry": {"type": "Polygon", "coordinates": [[[120.56083546679302, 31.417887616], [120.5605195818044, 31.417797152], [120.56083546679302, 31.417797152], [120.56083546679302, 31.417887616]]]}}, {"type": "Feature", "properties": {"area_ha": 0.01, "mean": 0.1185}, "geometry": {"type": "Polygon", "coordinates": [[[120.5399870575436, 31.417616224], [120.5398817625474, 31.417435296], [120.5399870575436, 31.417435296], [120.5399870575436, 31.417616224]]]}}, {"type": "Feature", "properties": {"area_ha": 0.0, "mean": null}, "geometry": {"type": "Polygon", "coordinates": [[[120.54283002244125, 31.41752576], [120.54272472744503, 31.417435296], [120.54283002244125, 31.417435296], [120.54283002244125, 31.41752576]]]}}, {"type": "Feature", "properties": {"area_ha": 0.0, "mean": null}, "geometry": {"type": "Polygon", "coordinates": [[[120.53314288279, 31.417163904], [120.53303758779379, 31.41707344], [120.53314288279, 31.41707344], [120.53314288279, 31.417163904]]]}}, {"type": "Feature", "properties": {"area_ha": 0.04, "mean": 0.0863}, "geometry": {"type": "Polygon", "coordinates": [[[120.58252623601213, 31.417616224], [120.58231564601972, 31.416982976], [120.58242094101593, 31.416982976], [120.58252623601213, 31.417616224]]]}}, {"type": "Feature", "properties": {"area_ha": 0.0, "mean": null}, "geometry": {"type": "Polygon", "coordinates": [[[120.54841065724034, 31.41707344], [120.54830536224412, 31.416982976], [120.54841065724034, 31.416982976], [120.54841065724034, 31.41707344]]]}}, {"type": "Feature", "properties": {"area_ha": 0.0, "mean": null}, "geometry": {"type": "Polygon", "coordinates": [[[120.58263153100835, 31.41707344], [120.58252623601213, 31.416982976], [120.58263153100835, 31.416982976], [120.58263153100835, 31.41707344]]]}}, {"type": "Feature", "properties": {"area_ha": 0.05, "mean": 0.1126}, "geometry": {"type": "Polygon", "coordinates": [[[120.5398817625474, 31.417254368000002], [120.53967117255497, 31.417344832], [120.53967117255497, 31.416892512], [120.5398817625474, 31.417254368000002]]]}}, {"type": "Feature", "properties": {"area_ha": 0.02, "mean": 0.1017}, "geometry": {"type": "Polygon", "coordinates": [[[120.56073017179682, 31.41707344], [120.5605195818044, 31.416982976], [120.56073017179682, 31.416892512], [120.56073017179682, 31.41707344]]]}}, {"type": "Feature", "properties": {"area_ha": 0.0, "mean": null}, "geometry": {"type": "Polygon", "coordinates": [[[120.54851595223654, 31.416892512], [120.54841065724034, 31.416802048], [120.54851595223654, 31.416802048], [120.54851595223654, 31.416892512]]]}}, {"type": "Feature", "properties": {"area_ha": 0.0, "mean": null}, "geometry": {"type": "Polygon", "coordinates": [[[120.5822103510235, 31.416802048], [120.5821050560273, 31.416711584], [120.5822103510235, 31.416711584], [120.5822103510235, 31.416802048]]]}}, {"type": "Feature", "properties": {"area_ha": 0.0, "mean": null}, "geometry": {"type": "Polygon", "coordinates": [[[120.53703879764974, 31.416711584], [120.53693350265353, 31.41662112], [120.53703879764974, 31.41662112], [120.53703879764974, 31.416711584]]]}}, {"type": "Feature", "properties": {"area_ha": 0.0, "mean": null}, "geometry": {"type": "Polygon", "coordinates": [[[120.5821050560273, 31.416711584], [120.58199976103108, 31.41662112], [120.5821050560273, 31.41662112], [120.5821050560273, 31.416711584]]]}}, {"type": "Feature", "properties": {"area_ha": 0.03, "mean": 0.1268}, "geometry": {"type": "Polygon", "coordinates": [[[120.54862124723276, 31.416802048], [120.54851595223654, 31.41662112], [120.54883183722518, 31.416530656], [120.54862124723276, 31.416802048]]]}}, {"type": "Feature", "properties": {"area_ha": 0.02, "mean": 0.1061}, "geometry": {"type": "Polygon", "coordinates": [[[120.58199976103108, 31.41662112], [120.58157858104624, 31.416530656], [120.58199976103108, 31.416530656], [120.58199976103108, 31.41662112]]]}}, {"type": "Feature", "properties": {"area_ha": 0.0, "mean": null}, "geometry": {"type": "Polygon", "coordinates": [[[120.53588055269144, 31.416530656], [120.53577525769524, 31.416440192], [120.53588055269144, 31.416440192], [120.53588055269144, 31.416530656]]]}}, {"type": "Feature", "properties": {"area_ha": 0.0, "mean": null}, "geometry": {"type": "Polygon", "coordinates": [[[120.54893713222138, 31.416530656], [120.54883183722518, 31.416440192], [120.54893713222138, 31.416440192], [120.54893713222138, 31.416530656]]]}}, {"type": "Feature", "properties": {"area_ha": 0.0, "mean": null}, "geometry": {"type": "Polygon", "coordinates": [[[120.54146118749053, 31.416440192], [120.54135589249432, 31.416349728], [120.54146118749053, 31.416349728], [120.54146118749053, 31.416440192]]]}}, {"type": "Feature", "properties": {"area_ha": 0.0, "mean": null}, "geometry": {"type": "Polygon", "coordinates": [[[120.5490424272176, 31.416440192], [120.54893713222138, 31.416349728], [120.5490424272176, 31.416349728], [120.5490424272176, 31.416440192]]]}}, {"type": "Feature", "properties": {"area_ha": 0.0, "mean": null}, "geometry": {"type": "Polygon", "coordinates": [[[120.58147328605004, 31.416440192], [120.58136799105384, 31.416349728], [120.58147328605004, 31.416349728], [120.58147328605004, 31.416440192]]]}}, {"type": "Feature", "properties": {"area_ha": 0.0, "mean": null}, "geometry": {"type": "Polygon", "coordinates": [[[120.54946360720243, 31.416349728], [120.54935831220622, 31.416259264], [120.54946360720243, 31.416259264], [120.54946360720243, 31.416349728]]]}}, {"type": "Feature", "properties": {"area_ha": 0.01, "mean": 0.1057}, "geometry": {"type": "Polygon", "coordinates": [[[120.54977949219106, 31.416259264], [120.54956890219864, 31.4161688], [120.54977949219106, 31.4161688], [120.54977949219106, 31.416259264]]]}}, {"type": "Feature", "properties": {"area_ha": 0.01, "mean": 0.1055}, "geometry": {"type": "Polygon", "coordinates": [[[120.55009537717969, 31.4161688], [120.54988478718727, 31.416078336], [120.55009537717969, 31.416078336], [120.55009537717969, 31.4161688]]]}}, {"type": "Feature", "properties": {"area_ha": 0.0, "mean": null}, "geometry": {"type": "Polygon", "coordinates": [[[120.55451776702047, 31.4161688], [120.55441247202427, 31.416078336], [120.55451776702047, 31.416078336], [120.55451776702047, 31.4161688]]]}}, {"type": "Feature", "properties": {"area_ha": 0.0, "mean": null}, "geometry": {"type": "Polygon", "coordinates": [[[120.52619341304019, 31.416078336], [120.52608811804397, 31.415987872], [120.52619341304019, 31.415987872], [120.52619341304019, 31.416078336]]]}}, {"type": "Feature", "properties": {"area_ha": 0.01, "mean": 0.1168}, "geometry": {"type": "Polygon", "coordinates": [[[120.55030596717211, 31.416078336], [120.55009537717969, 31.415987872], [120.55030596717211, 31.415987872], [120.55030596717211, 31.416078336]]]}}, {"type": "Feature", "properties": {"area_ha": 0.0, "mean": null}, "geometry": {"type": "Polygon", "coordinates": [[[120.55504424200151, 31.416078336], [120.55493894700531, 31.415987872], [120.55504424200151, 31.415987872], [120.55504424200151, 31.416078336]]]}}, {"type": "Feature", "properties": {"area_ha": 0.05, "mean": 0.1065}, "geometry": {"type": "Polygon", "coordinates": [[[120.56062487680062, 31.416440192], [120.5604142868082, 31.415987872], [120.56062487680062, 31.415987872], [120.56062487680062, 31.416440192]]]}}, {"type": "Feature", "properties": {"area_ha": 0.05, "mean": 0.1199}, "geometry": {"type": "Polygon", "coordinates": [[[120.58231564601972, 31.416259264], [120.5822103510235, 31.416349728], [120.58178917103866, 31.415897408], [120.58231564601972, 31.416259264]]]}}, {"type": "Feature", "properties": {"area_ha": 0.0, "mean": null}, "geometry": {"type": "Polygon", "coordinates": [[[120.52598282304777, 31.415987872], [120.52587752805155, 31.415897408], [120.52598282304777, 31.415897408], [120.52598282304777, 31.415987872]]]}}, {"type": "Feature", "properties": {"area_ha": 0.01, "mean": 0.1328}, "geometry": {"type": "Polygon", "coordinates": [[[120.52640400303261, 31.415987872], [120.52619341304019, 31.415897408], [120.52640400303261, 31.415897408], [120.52640400303261, 31.415987872]]]}}, {"type": "Feature", "properties": {"area_ha": 0.01, "mean": 0.1088}, "geometry": {"type": "Polygon", "coordinates": [[[120.55072714715695, 31.415987872], [120.55051655716453, 31.415897408], [120.55072714715695, 31.415897408], [120.55072714715695, 31.415987872]]]}}, {"type": "Feature", "properties": {"area_ha": 0.0, "mean": null}, "geometry": {"type": "Polygon", "coordinates": [[[120.56073017179682, 31.415987872], [120.56062487680062, 31.415897408], [120.56073017179682, 31.415897408], [120.56073017179682, 31.415987872]]]}}, {"type": "Feature", "properties": {"area_ha": 0.03, "mean": 0.0952}, "geometry": {"type": "Polygon", "coordinates": [[[120.58157858104624, 31.416078336], [120.58136799105384, 31.415987872], [120.58126269605762, 31.415806944], [120.58157858104624, 31.416078336]]]}}, {"type": "Feature", "properties": {"area_ha": 0.0, "mean": null}, "geometry": {"type": "Polygon", "coordinates": [[[120.52650929802881, 31.415897408], [120.52640400303261, 31.415806944], [120.52650929802881, 31.415806944], [120.52650929802881, 31.415897408]]]}}, {"type": "Feature", "properties": {"area_ha": 0.01, "mean": 0.106}, "geometry": {"type": "Polygon", "coordinates": [[[120.55093773714935, 31.415897408], [120.55072714715695, 31.415806944], [120.55093773714935, 31.415806944], [120.55093773714935, 31.415897408]]]}}, {"type": "Feature", "properties": {"area_ha": 0.0, "mean": null}, "geometry": {"type": "Polygon", "coordinates": [[[120.56083546679302, 31.415897408], [120.56073017179682, 31.415806944], [120.56083546679302, 31.415806944], [120.56083546679302, 31.415897408]]]}}, {"type": "Feature", "properties": {"area_ha": 0.01, "mean": 0.1041}, "geometry": {"type": "Polygon", "coordinates": [[[120.56125664677786, 31.415897408], [120.56115135178166, 31.41571648], [120.56125664677786, 31.41571648], [120.56125664677786, 31.415897408]]]}}, {"type": "Feature", "properties": {"area_ha": 0.0, "mean": null}, "geometry": {"type": "Polygon", "coordinates": [[[120.52577223305535, 31.415806944], [120.52566693805915, 31.41571648], [120.52577223305535, 31.41571648], [120.52577223305535, 31.415806944]]]}}, {"type": "Feature", "properties": {"area_ha": 0.0, "mean": null}, "geometry": {"type": "Polygon", "coordinates": [[[120.52587752805155, 31.41571648], [120.52577223305535, 31.415626016], [120.52587752805155, 31.415626016], [120.52587752805155, 31.41571648]]]}}, {"type": "Feature", "properties": {"area_ha": 0.0, "mean": null}, "geometry": {"type": "Polygon", "coordinates": [[[120.52608811804397, 31.415626016], [120.52598282304777, 31.415535552], [120.52608811804397, 31.415535552], [120.52608811804397, 31.415626016]]]}}, {"type": "Feature", "properties": {"area_ha": 0.0, "mean": null}, "geometry": {"type": "Polygon", "coordinates": [[[120.58157858104624, 31.415626016], [120.58147328605004, 31.415535552], [120.58157858104624, 31.415535552], [120.58157858104624, 31.415626016]]]}}, {"type": "Feature", "properties": {"area_ha": 0.0, "mean": null}, "geometry": {"type": "Polygon", "coordinates": [[[120.5605195818044, 31.415354624], [120.5604142868082, 31.41526416], [120.5605195818044, 31.41526416], [120.5605195818044, 31.415354624]]]}}, {"type": "Feature", "properties": {"area_ha": 0.05, "mean": 0.1125}, "geometry": {"type": "Polygon", "coordinates": [[[120.52640400303261, 31.415083232], [120.52608811804397, 31.415535552], [120.52619341304019, 31.415083232], [120.52640400303261, 31.415083232]]]}}, {"type": "Feature", "properties": {"area_ha": 0.24, "mean": 0.1301}, "geometry": {"type": "Polygon", "coordinates": [[[120.58147328605004, 31.415173696], [120.58063092608037, 31.415535552], [120.58084151607278, 31.414902304], [120.58147328605004, 31.415173696]]]}}, {"type": "Feature", "properties": {"area_ha": 0.01, "mean": 0.1143}, "geometry": {"type": "Polygon", "coordinates": [[[120.52608811804397, 31.415173696], [120.52598282304777, 31.414902304], [120.52608811804397, 31.414902304], [120.52608811804397, 31.415173696]]]}}, {"type": "Feature", "properties": {"area_ha": 0.05, "mean": 0.1198}, "geometry": {"type": "Polygon", "coordinates": [[[120.58294741599697, 31.414902304], [120.58252623601213, 31.414992768], [120.58178917103866, 31.414902304], [120.58294741599697, 31.414902304]]]}}, {"type": "Feature", "properties": {"area_ha": 0.01, "mean": 0.1102}, "geometry": {"type": "Polygon", "coordinates": [[[120.58326330098559, 31.414992768], [120.58305271099319, 31.414902304], [120.58326330098559, 31.414902304], [120.58326330098559, 31.414992768]]]}}, {"type": "Feature", "properties": {"area_ha": 0.7, "mean": 0.1599}, "geometry": {"type": "Polygon", "coordinates": [[[120.55399129203943, 31.415445088000002], [120.55199068711146, 31.415445088000002], [120.55472835701289, 31.41481184], [120.55399129203943, 31.415445088000002]]]}}, {"type": "Feature", "properties": {"area_ha": 0.0, "mean": null}, "geometry": {"type": "Polygon", "coordinates": [[[120.52619341304019, 31.414902304], [120.52608811804397, 31.41481184], [120.52619341304019, 31.41481184], [120.52619341304019, 31.414902304]]]}}, {"type": "Feature", "properties": {"area_ha": 0.04, "mean": 0.1237}, "geometry": {"type": "Polygon", "coordinates": [[[120.55525483199393, 31.41481184], [120.55483365200911, 31.414721376], [120.55536012699015, 31.414630912], [120.55525483199393, 31.41481184]]]}}, {"type": "Feature", "properties": {"area_ha": 0.01, "mean": 0.1131}, "geometry": {"type": "Polygon", "coordinates": [[[120.55567601197878, 31.414630912], [120.55546542198636, 31.414540448], [120.55567601197878, 31.414540448], [120.55567601197878, 31.414630912]]]}}, {"type": "Feature", "properties": {"area_ha": 0.0, "mean": null}, "geometry": {"type": "Polygon", "coordinates": [[[120.55957192683852, 31.414540448], [120.55946663184231, 31.414449984], [120.55957192683852, 31.414449984], [120.55957192683852, 31.414540448]]]}}, {"type": "Feature", "properties": {"area_ha": 0.0, "mean": null}, "geometry": {"type": "Polygon", "coordinates": [[[120.56073017179682, 31.414540448], [120.56062487680062, 31.414449984], [120.56073017179682, 31.414449984], [120.56073017179682, 31.414540448]]]}}, {"type": "Feature", "properties": {"area_ha": 0.0, "mean": null}, "geometry": {"type": "Polygon", "coordinates": [[[120.55946663184231, 31.414449984], [120.5593613368461, 31.41435952], [120.55946663184231, 31.41435952], [120.55946663184231, 31.414449984]]]}}, {"type": "Feature", "properties": {"area_ha": 0.01, "mean": 0.1014}, "geometry": {"type": "Polygon", "coordinates": [[[120.56104605678544, 31.414449984], [120.56083546679302, 31.41435952], [120.56104605678544, 31.41435952], [120.56104605678544, 31.414449984]]]}}, {"type": "Feature", "properties": {"area_ha": 0.0, "mean": null}, "geometry": {"type": "Polygon", "coordinates": [[[120.54209295746779, 31.41435952], [120.54198766247157, 31.414269056000002], [120.54209295746779, 31.414269056000002], [120.54209295746779, 31.41435952]]]}}, {"type": "Feature", "properties": {"area_ha": 0.0, "mean": null}, "geometry": {"type": "Polygon", "coordinates": [[[120.52819401796816, 31.414178592], [120.52808872297196, 31.414088128], [120.52819401796816, 31.414088128], [120.52819401796816, 31.414178592]]]}}, {"type": "Feature", "properties": {"area_ha": 0.01, "mean": 0.1021}, "geometry": {"type": "Polygon", "coordinates": [[[120.55757132191054, 31.413997664], [120.55725543692192, 31.4139072], [120.55757132191054, 31.4139072], [120.55757132191054, 31.413997664]]]}}, {"type": "Feature", "properties": {"area_ha": 0.0, "mean": null}, "geometry": {"type": "Polygon", "coordinates": [[[120.55788720689917, 31.4139072], [120.55778191190296, 31.413816736], [120.55788720689917, 31.413816736], [120.55788720689917, 31.4139072]]]}}, {"type": "Feature", "properties": {"area_ha": 0.01, "mean": 0.1019}, "geometry": {"type": "Polygon", "coordinates": [[[120.56209900674754, 31.4139072], [120.56188841675512, 31.413816736], [120.56209900674754, 31.413816736], [120.56209900674754, 31.4139072]]]}}, {"type": "Feature", "properties": {"area_ha": 0.0, "mean": null}, "geometry": {"type": "Polygon", "coordinates": [[[120.54219825246399, 31.413726272], [120.54209295746779, 31.413635808], [120.54219825246399, 31.413635808], [120.54219825246399, 31.413726272]]]}}, {"type": "Feature", "properties": {"area_ha": 0.0, "mean": null}, "geometry": {"type": "Polygon", "coordinates": [[[120.5274569529947, 31.413635808], [120.5273516579985, 31.413545344], [120.5274569529947, 31.413545344], [120.5274569529947, 31.413635808]]]}}, {"type": "Feature", "properties": {"area_ha": 0.04, "mean": 0.1066}, "geometry": {"type": "Polygon", "coordinates": [[[120.56188841675512, 31.413635808], [120.5615725317665, 31.413364416], [120.56188841675512, 31.413273952], [120.56188841675512, 31.413635808]]]}}, {"type": "Feature", "properties": {"area_ha": 0.0, "mean": null}, "geometry": {"type": "Polygon", "coordinates": [[[120.52808872297196, 31.413364416], [120.52798342797574, 31.413273952], [120.52808872297196, 31.413273952], [120.52808872297196, 31.413364416]]]}}, {"type": "Feature", "properties": {"area_ha": 0.0, "mean": null}, "geometry": {"type": "Polygon", "coordinates": [[[120.5616778267627, 31.413273952], [120.5615725317665, 31.413183488], [120.5616778267627, 31.413183488], [120.5616778267627, 31.413273952]]]}}, {"type": "Feature", "properties": {"area_ha": 0.0, "mean": null}, "geometry": {"type": "Polygon", "coordinates": [[[120.52671988802123, 31.413183488], [120.52661459302503, 31.413093024000002], [120.52671988802123, 31.413093024000002], [120.52671988802123, 31.413183488]]]}}, {"type": "Feature", "properties": {"area_ha": 0.64, "mean": 0.1181}, "geometry": {"type": "Polygon", "coordinates": [[[120.58242094101593, 31.4139072], [120.58189446603488, 31.413726272], [120.58284212100077, 31.41300256], [120.58315800598939, 31.4139072], [120.58242094101593, 31.4139072]], [[120.58252623601213, 31.413726272], [120.58263153100835, 31.413816736], [120.58263153100835, 31.413726272], [120.58252623601213, 31.413726272]]]}}, {"type": "Feature", "properties": {"area_ha": 0.01, "mean": 0.1052}, "geometry": {"type": "Polygon", "coordinates": [[[120.56136194177408, 31.413273952], [120.56125664677786, 31.41300256], [120.56136194177408, 31.41300256], [120.56136194177408, 31.413273952]]]}}, {"type": "Feature", "properties": {"area_ha": 0.02, "mean": 0.1165}, "geometry": {"type": "Polygon", "coordinates": [[[120.52661459302503, 31.413093024000002], [120.52629870803639, 31.412912096], [120.52661459302503, 31.41300256], [120.52661459302503, 31.413093024000002]]]}}, {"type": "Feature", "properties": {"area_ha": 0.0, "mean": null}, "geometry": {"type": "Polygon", "coordinates": [[[120.52629870803639, 31.412912096], [120.52619341304019, 31.412821632], [120.52629870803639, 31.412821632], [120.52629870803639, 31.412912096]]]}}, {"type": "Feature", "properties": {"area_ha": 0.0, "mean": null}, "geometry": {"type": "Polygon", "coordinates": [[[120.59326632562548, 31.412912096], [120.59316103062928, 31.412821632], [120.59326632562548, 31.412821632], [120.59326632562548, 31.412912096]]]}}, {"type": "Feature", "properties": {"area_ha": 0.0, "mean": null}, "geometry": {"type": "Polygon", "coordinates": [[[120.52619341304019, 31.412821632], [120.52608811804397, 31.412731168], [120.52619341304019, 31.412731168], [120.52619341304019, 31.412821632]]]}}, {"type": "Feature", "properties": {"area_ha": 0.0, "mean": null}, "geometry": {"type": "Polygon", "coordinates": [[[120.54251413745261, 31.412731168], [120.54240884245641, 31.412640704], [120.54251413745261, 31.412640704], [120.54251413745261, 31.412731168]]]}}, {"type": "Feature", "properties": {"area_ha": 0.0, "mean": null}, "geometry": {"type": "Polygon", "coordinates": [[[120.59316103062928, 31.412731168], [120.59305573563306, 31.412640704], [120.59316103062928, 31.412640704], [120.59316103062928, 31.412731168]]]}}, {"type": "Feature", "properties": {"area_ha": 0.0, "mean": null}, "geometry": {"type": "Polygon", "coordinates": [[[120.52492987308568, 31.41255024], [120.52482457808946, 31.412459776], [120.52492987308568, 31.412459776], [120.52492987308568, 31.41255024]]]}}, {"type": "Feature", "properties": {"area_ha": 0.01, "mean": 0.1211}, "geometry": {"type": "Polygon", "coordinates": [[[120.52598282304777, 31.41255024], [120.52577223305535, 31.412369312], [120.52598282304777, 31.412369312], [120.52598282304777, 31.41255024]]]}}, {"type": "Feature", "properties": {"area_ha": 0.01, "mean": 0.1026}, "geometry": {"type": "Polygon", "coordinates": [[[120.52661459302503, 31.41209792], [120.52640400303261, 31.412007456], [120.52661459302503, 31.412007456], [120.52661459302503, 31.41209792]]]}}, {"type": "Feature", "properties": {"area_ha": 0.0, "mean": null}, "geometry": {"type": "Polygon", "coordinates": [[[120.55778191190296, 31.41209792], [120.55767661690675, 31.412007456], [120.55778191190296, 31.412007456], [120.55778191190296, 31.41209792]]]}}, {"type": "Feature", "properties": {"area_ha": 0.0, "mean": null}, "geometry": {"type": "Polygon", "coordinates": [[[120.54283002244125, 31.412007456], [120.54272472744503, 31.411916992000002], [120.54283002244125, 31.411916992000002], [120.54283002244125, 31.412007456]]]}}, {"type": "Feature", "properties": {"area_ha": 0.01, "mean": 0.1127}, "geometry": {"type": "Polygon", "coordinates": [[[120.56030899181198, 31.412007456], [120.56009840181956, 31.411916992000002], [120.56030899181198, 31.411916992000002], [120.56030899181198, 31.412007456]]]}}, {"type": "Feature", "properties": {"area_ha": 0.0, "mean": null}, "geometry": {"type": "Polygon", "coordinates": [[[120.59263455564822, 31.412007456], [120.59252926065201, 31.411916992000002], [120.59263455564822, 31.411916992000002], [120.59263455564822, 31.412007456]]]}}, {"type": "Feature", "properties": {"area_ha": 0.0, "mean": null}, "geometry": {"type": "Polygon", "coordinates": [[[120.55904545185747, 31.411916992000002], [120.55894015686127, 31.411826528], [120.55904545185747, 31.411826528], [120.55904545185747, 31.411916992000002]]]}}, {"type": "Feature", "properties": {"area_ha": 0.01, "mean": 0.1106}, "geometry": {"type": "Polygon", "coordinates": [[[120.56009840181956, 31.411916992000002], [120.55988781182715, 31.411826528], [120.56009840181956, 31.411826528], [120.56009840181956, 31.411916992000002]]]}}, {"type": "Feature", "properties": {"area_ha": 0.0, "mean": null}, "geometry": {"type": "Polygon", "coordinates": [[[120.55967722183473, 31.411826528], [120.55957192683852, 31.411736064], [120.55967722183473, 31.411736064], [120.55967722183473, 31.411826528]]]}}, {"type": "Feature", "properties": {"area_ha": 0.01, "mean": 0.1058}, "geometry": {"type": "Polygon", "coordinates": [[[120.52777283798332, 31.411826528], [120.52766754298712, 31.4116456], [120.52777283798332, 31.4116456], [120.52777283798332, 31.411826528]]]}}, {"type": "Feature", "properties": {"area_ha": 0.0, "mean": null}, "geometry": {"type": "Polygon", "coordinates": [[[120.5798938611069, 31.411736064], [120.5797885661107, 31.4116456], [120.5798938611069, 31.4116456], [120.5798938611069, 31.411736064]]]}}, {"type": "Feature", "properties": {"area_ha": 0.0, "mean": null}, "geometry": {"type": "Polygon", "coordinates": [[[120.5797885661107, 31.4116456], [120.57968327111449, 31.411555136], [120.5797885661107, 31.411555136], [120.5797885661107, 31.4116456]]]}}, {"type": "Feature", "properties": {"area_ha": 0.02, "mean": 0.1046}, "geometry": {"type": "Polygon", "coordinates": [[[120.55957192683852, 31.411736064], [120.5593613368461, 31.411555136], [120.55957192683852, 31.411374208], [120.55957192683852, 31.411736064]]]}}, {"type": "Feature", "properties": {"area_ha": 0.01, "mean": 0.1029}, "geometry": {"type": "Polygon", "coordinates": [[[120.56073017179682, 31.411555136], [120.56062487680062, 31.411374208], [120.56073017179682, 31.411374208], [120.56073017179682, 31.411555136]]]}}, {"type": "Feature", "properties": {"area_ha": 0.03, "mean": 0.1065}, "geometry": {"type": "Polygon", "coordinates": [[[120.59284514564064, 31.411464672], [120.59252926065201, 31.411555136], [120.59263455564822, 31.411374208], [120.59284514564064, 31.411464672]]]}}, {"type": "Feature", "properties": {"area_ha": 0.0, "mean": null}, "geometry": {"type": "Polygon", "coordinates": [[[120.58368448097043, 31.411464672], [120.58347389097801, 31.411283744], [120.58368448097043, 31.411374208], [120.58368448097043, 31.411464672]]]}}, {"type": "Feature", "properties": {"area_ha": 0.01, "mean": 0.1056}, "geometry": {"type": "Polygon", "coordinates": [[[120.52471928309326, 31.411374208], [120.52450869310084, 31.411283744], [120.52471928309326, 31.411283744], [120.52471928309326, 31.411374208]]]}}, {"type": "Feature", "properties": {"area_ha": 0.0, "mean": null}, "geometry": {"type": "Polygon", "coordinates": [[[120.57915679613343, 31.411374208], [120.57905150113723, 31.411283744], [120.57915679613343, 31.411283744], [120.57915679613343, 31.411374208]]]}}, {"type": "Feature", "properties": {"area_ha": 0.01, "mean": 0.1333}, "geometry": {"type": "Polygon", "coordinates": [[[120.58020974609553, 31.411374208], [120.57999915610311, 31.411283744], [120.58020974609553, 31.411283744], [120.58020974609553, 31.411374208]]]}}, {"type": "Feature", "properties": {"area_ha": 0.01, "mean": 0.1108}, "geometry": {"type": "Polygon", "coordinates": [[[120.55967722183473, 31.411374208], [120.55957192683852, 31.411102816], [120.55967722183473, 31.411102816], [120.55967722183473, 31.411374208]]]}}, {"type": "Feature", "properties": {"area_ha": 0.0, "mean": null}, "geometry": {"type": "Polygon", "coordinates": [[[120.51366330849129, 31.41119328], [120.51355801349507, 31.411102816], [120.51366330849129, 31.411102816], [120.51366330849129, 31.41119328]]]}}, {"type": "Feature", "properties": {"area_ha": 0.0, "mean": null}, "geometry": {"type": "Polygon", "coordinates": [[[120.51387389848371, 31.41119328], [120.51376860348749, 31.411102816], [120.51387389848371, 31.411102816], [120.51387389848371, 31.41119328]]]}}, {"type": "Feature", "properties": {"area_ha": 0.0, "mean": null}, "geometry": {"type": "Polygon", "coordinates": [[[120.5605195818044, 31.41119328], [120.5604142868082, 31.411102816], [120.5605195818044, 31.411102816], [120.5605195818044, 31.41119328]]]}}, {"type": "Feature", "properties": {"area_ha": 0.0, "mean": null}, "geometry": {"type": "Polygon", "coordinates": [[[120.5241928081122, 31.411102816], [120.524087513116, 31.411012352], [120.5241928081122, 31.411012352], [120.5241928081122, 31.411102816]]]}}, {"type": "Feature", "properties": {"area_ha": 0.0, "mean": null}, "geometry": {"type": "Polygon", "coordinates": [[[120.55957192683852, 31.411102816], [120.55946663184231, 31.411012352], [120.55957192683852, 31.411012352], [120.55957192683852, 31.411102816]]]}}, {"type": "Feature", "properties": {"area_ha": 0.01, "mean": 0.1443}, "geometry": {"type": "Polygon", "coordinates": [[[120.5798938611069, 31.411102816], [120.5797885661107, 31.410921888], [120.5798938611069, 31.410921888], [120.5798938611069, 31.411102816]]]}}, {"type": "Feature", "properties": {"area_ha": 0.0, "mean": null}, "geometry": {"type": "Polygon", "coordinates": [[[120.51387389848371, 31.411012352], [120.51376860348749, 31.410921888], [120.51387389848371, 31.410921888], [120.51387389848371, 31.411012352]]]}}, {"type": "Feature", "properties": {"area_ha": 0.0, "mean": null}, "geometry": {"type": "Polygon", "coordinates": [[[120.55746602691433, 31.411012352], [120.55736073191812, 31.410921888], [120.55746602691433, 31.410921888], [120.55746602691433, 31.411012352]]]}}, {"type": "Feature", "properties": {"area_ha": 0.03, "mean": 0.1232}, "geometry": {"type": "Polygon", "coordinates": [[[120.57926209112965, 31.410921888], [120.57915679613343, 31.410831424], [120.5797885661107, 31.410831424], [120.57926209112965, 31.410921888]]]}}, {"type": "Feature", "properties": {"area_ha": 0.01, "mean": 0.1017}, "geometry": {"type": "Polygon", "coordinates": [[[120.52377162812738, 31.410921888], [120.52356103813496, 31.410831424], [120.52377162812738, 31.410831424], [120.52377162812738, 31.410921888]]]}}, {"type": "Feature", "properties": {"area_ha": 0.0, "mean": null}, "geometry": {"type": "Polygon", "coordinates": [[[120.52345574313874, 31.410831424], [120.52335044814254, 31.410740960000002], [120.52345574313874, 31.410740960000002], [120.52345574313874, 31.410831424]]]}}, {"type": "Feature", "properties": {"area_ha": 0.01, "mean": 0.1025}, "geometry": {"type": "Polygon", "coordinates": [[[120.54304061243367, 31.410921888], [120.54293531743745, 31.410650496], [120.54304061243367, 31.410650496], [120.54304061243367, 31.410921888]]]}}, {"type": "Feature", "properties": {"area_ha": 0.0, "mean": null}, "geometry": {"type": "Polygon", "coordinates": [[[120.52303456315391, 31.410740960000002], [120.5229292681577, 31.410650496], [120.52303456315391, 31.410650496], [120.52303456315391, 31.410740960000002]]]}}, {"type": "Feature", "properties": {"area_ha": 0.0, "mean": null}, "geometry": {"type": "Polygon", "coordinates": [[[120.5228239731615, 31.410650496], [120.52271867816528, 31.410560032], [120.5228239731615, 31.410560032], [120.5228239731615, 31.410650496]]]}}, {"type": "Feature", "properties": {"area_ha": 0.0, "mean": null}, "geometry": {"type": "Polygon", "coordinates": [[[120.59221337566339, 31.410650496], [120.59210808066717, 31.410560032], [120.59221337566339, 31.410560032], [120.59221337566339, 31.410650496]]]}}, {"type": "Feature", "properties": {"area_ha": 0.01, "mean": 0.101}, "geometry": {"type": "Polygon", "coordinates": [[[120.55978251683094, 31.410560032], [120.55946663184231, 31.410469568], [120.55978251683094, 31.410469568], [120.55978251683094, 31.410560032]]]}}, {"type": "Feature", "properties": {"area_ha": 0.0, "mean": null}, "geometry": {"type": "Polygon", "coordinates": [[[120.56009840181956, 31.410560032], [120.55999310682336, 31.410469568], [120.56009840181956, 31.410469568], [120.56009840181956, 31.410560032]]]}}, {"type": "Feature", "properties": {"area_ha": 0.0, "mean": null}, "geometry": {"type": "Polygon", "coordinates": [[[120.52250808817286, 31.410469568], [120.52240279317665, 31.410379104], [120.52250808817286, 31.410379104], [120.52250808817286, 31.410469568]]]}}, {"type": "Feature", "properties": {"area_ha": 0.0, "mean": null}, "geometry": {"type": "Polygon", "coordinates": [[[120.55946663184231, 31.410469568], [120.5593613368461, 31.410379104], [120.55946663184231, 31.410379104], [120.55946663184231, 31.410469568]]]}}, {"type": "Feature", "properties": {"area_ha": 5.35, "mean": 0.1646}, "geometry": {"type": "Polygon", "coordinates": [[[120.58126269605762, 31.413726272], [120.57957797611827, 31.413273952], [120.5798938611069, 31.411736064], [120.58273682600455, 31.41028864], [120.58126269605762, 31.413726272]], [[120.5810521060652, 31.412459776], [120.58136799105384, 31.412821632], [120.58136799105384, 31.412459776], [120.5810521060652, 31.412459776]], [[120.58010445109932, 31.41209792], [120.58052563108416, 31.412278848], [120.58052563108416, 31.41209792], [120.58010445109932, 31.41209792]]]}}, {"type": "Feature", "properties": {"area_ha": 0.0, "mean": null}, "geometry": {"type": "Polygon", "coordinates": [[[120.52229749818045, 31.410379104], [120.52219220318423, 31.41028864], [120.52229749818045, 31.41028864], [120.52229749818045, 31.410379104]]]}}, {"type": "Feature", "properties": {"area_ha": 0.04, "mean": 0.1141}, "geometry": {"type": "Polygon", "coordinates": [[[120.58242094101593, 31.410650496], [120.5822103510235, 31.410379104], [120.58242094101593, 31.410198176], [120.58242094101593, 31.410650496]]]}}, {"type": "Feature", "properties": {"area_ha": 0.0, "mean": null}, "geometry": {"type": "Polygon", "coordinates": [[[120.58263153100835, 31.41028864], [120.58252623601213, 31.410198176], [120.58263153100835, 31.410198176], [120.58263153100835, 31.41028864]]]}}, {"type": "Feature", "properties": {"area_ha": 0.0, "mean": null}, "geometry": {"type": "Polygon", "coordinates": [[[120.58284212100077, 31.41028864], [120.58273682600455, 31.410198176], [120.58284212100077, 31.410198176], [120.58284212100077, 31.41028864]]]}}, {"type": "Feature", "properties": {"area_ha": 0.01, "mean": 0.11}, "geometry": {"type": "Polygon", "coordinates": [[[120.52208690818803, 31.41028864], [120.52187631819561, 31.410107712], [120.52208690818803, 31.410107712], [120.52208690818803, 31.41028864]]]}}, {"type": "Feature", "properties": {"area_ha": 0.0, "mean": null}, "geometry": {"type": "Polygon", "coordinates": [[[120.52187631819561, 31.410017248], [120.52177102319939, 31.409926784], [120.52187631819561, 31.409926784], [120.52187631819561, 31.410017248]]]}}, {"type": "Feature", "properties": {"area_ha": 0.7, "mean": 0.087}, "geometry": {"type": "Polygon", "coordinates": [[[120.55915074685367, 31.411374208], [120.55809779689159, 31.41119328], [120.55767661690675, 31.40983632], [120.55915074685367, 31.411374208]]]}}, {"type": "Feature", "properties": {"area_ha": 0.0, "mean": null}, "geometry": {"type": "Polygon", "coordinates": [[[120.5570448469295, 31.40983632], [120.55693955193328, 31.409745856], [120.5570448469295, 31.409745856], [120.5570448469295, 31.40983632]]]}}, {"type": "Feature", "properties": {"area_ha": 0.0, "mean": null}, "geometry": {"type": "Polygon", "coordinates": [[[120.60242699029568, 31.40983632], [120.60232169529948, 31.409745856], [120.60242699029568, 31.409745856], [120.60242699029568, 31.40983632]]]}}, {"type": "Feature", "properties": {"area_ha": 0.01, "mean": 0.1017}, "geometry": {"type": "Polygon", "coordinates": [[[120.55767661690675, 31.40983632], [120.55757132191054, 31.409655392], [120.55767661690675, 31.409655392], [120.55767661690675, 31.40983632]]]}}, {"type": "Feature", "properties": {"area_ha": 0.0, "mean": null}, "geometry": {"type": "Polygon", "coordinates": [[[120.55672896194086, 31.409745856], [120.55662366694466, 31.409655392], [120.55672896194086, 31.409655392], [120.55672896194086, 31.409745856]]]}}, {"type": "Feature", "properties": {"area_ha": 0.0, "mean": null}, "geometry": {"type": "Polygon", "coordinates": [[[120.55693955193328, 31.409745856], [120.55683425693708, 31.409655392], [120.55693955193328, 31.409655392], [120.55693955193328, 31.409745856]]]}}, {"type": "Feature", "properties": {"area_ha": 0.0, "mean": null}, "geometry": {"type": "Polygon", "coordinates": [[[120.59042336072783, 31.409745856], [120.59031806573162, 31.409655392], [120.59042336072783, 31.409655392], [120.59042336072783, 31.409745856]]]}}, {"type": "Feature", "properties": {"area_ha": 0.02, "mean": 0.1176}, "geometry": {"type": "Polygon", "coordinates": [[[120.56094076178924, 31.409745856], [120.56073017179682, 31.409564928], [120.56104605678544, 31.409564928], [120.56094076178924, 31.409745856]]]}}, {"type": "Feature", "properties": {"area_ha": 0.1, "mean": 0.1234}, "geometry": {"type": "Polygon", "coordinates": [[[120.59147631068993, 31.40983632], [120.59094983570887, 31.40983632], [120.59158160568613, 31.409474464], [120.59147631068993, 31.40983632]]]}}, {"type": "Feature", "properties": {"area_ha": 0.0, "mean": null}, "geometry": {"type": "Polygon", "coordinates": [[[120.55651837194846, 31.409564928], [120.55641307695224, 31.409474464], [120.55651837194846, 31.409474464], [120.55651837194846, 31.409564928]]]}}, {"type": "Feature", "properties": {"area_ha": 0.01, "mean": 0.1224}, "geometry": {"type": "Polygon", "coordinates": [[[120.55799250189538, 31.409655392], [120.55778191190296, 31.409474464], [120.55799250189538, 31.409474464], [120.55799250189538, 31.409655392]]]}}, {"type": "Feature", "properties": {"area_ha": 0.0, "mean": null}, "geometry": {"type": "Polygon", "coordinates": [[[120.55662366694466, 31.409474464], [120.55651837194846, 31.409384], [120.55662366694466, 31.409384], [120.55662366694466, 31.409474464]]]}}, {"type": "Feature", "properties": {"area_ha": 0.0, "mean": null}, "geometry": {"type": "Polygon", "coordinates": [[[120.55672896194086, 31.409384], [120.55662366694466, 31.409293536], [120.55672896194086, 31.409293536], [120.55672896194086, 31.409384]]]}}, {"type": "Feature", "properties": {"area_ha": 0.0, "mean": null}, "geometry": {"type": "Polygon", "coordinates": [[[120.58642215087188, 31.409384], [120.58631685587567, 31.409293536], [120.58642215087188, 31.409293536], [120.58642215087188, 31.409384]]]}}, {"type": "Feature", "properties": {"area_ha": 0.0, "mean": null}, "geometry": {"type": "Polygon", "coordinates": [[[120.55746602691433, 31.409293536], [120.55736073191812, 31.409203072], [120.55746602691433, 31.409203072], [120.55746602691433, 31.409293536]]]}}, {"type": "Feature", "properties": {"area_ha": 0.0, "mean": null}, "geometry": {"type": "Polygon", "coordinates": [[[120.55830838688401, 31.409293536], [120.5582030918878, 31.409203072], [120.55830838688401, 31.409203072], [120.55830838688401, 31.409293536]]]}}, {"type": "Feature", "properties": {"area_ha": 0.0, "mean": null}, "geometry": {"type": "Polygon", "coordinates": [[[120.55862427187263, 31.409293536], [120.55851897687643, 31.409203072], [120.55862427187263, 31.409203072], [120.55862427187263, 31.409293536]]]}}, {"type": "Feature", "properties": {"area_ha": 0.0, "mean": null}, "geometry": {"type": "Polygon", "coordinates": [[[120.55725543692192, 31.409203072], [120.5571501419257, 31.409112608], [120.55725543692192, 31.409112608], [120.55725543692192, 31.409203072]]]}}, {"type": "Feature", "properties": {"area_ha": 0.01, "mean": 0.1165}, "geometry": {"type": "Polygon", "coordinates": [[[120.59168690068233, 31.409112608], [120.59158160568613, 31.409203072], [120.59147631068993, 31.409112608], [120.59168690068233, 31.409112608]]]}}, {"type": "Feature", "properties": {"area_ha": 0.02, "mean": 0.1217}, "geometry": {"type": "Polygon", "coordinates": [[[120.59000218074299, 31.409384], [120.58989688574678, 31.409022144], [120.59000218074299, 31.409022144], [120.59000218074299, 31.409384]]]}}, {"type": "Feature", "properties": {"area_ha": 0.56, "mean": 0.1147}, "geometry": {"type": "Polygon", "coordinates": [[[120.59368750561032, 31.409655392], [120.59200278567097, 31.409203072], [120.59368750561032, 31.409022144], [120.59368750561032, 31.409655392]]]}}, {"type": "Feature", "properties": {"area_ha": 0.0, "mean": null}, "geometry": {"type": "Polygon", "coordinates": [[[120.55862427187263, 31.409112608], [120.55851897687643, 31.409022144], [120.55862427187263, 31.409022144], [120.55862427187263, 31.409112608]]]}}, {"type": "Feature", "properties": {"area_ha": 0.0, "mean": null}, "geometry": {"type": "Polygon", "coordinates": [[[120.59147631068993, 31.409112608], [120.59137101569371, 31.409022144], [120.59147631068993, 31.409022144], [120.59147631068993, 31.409112608]]]}}, {"type": "Feature", "properties": {"area_ha": 0.0, "mean": null}, "geometry": {"type": "Polygon", "coordinates": [[[120.55883486186505, 31.40893168], [120.55872956686885, 31.408841216], [120.55883486186505, 31.408841216], [120.55883486186505, 31.40893168]]]}}, {"type": "Feature", "properties": {"area_ha": 0.0, "mean": null}, "geometry": {"type": "Polygon", "coordinates": [[[120.58621156087946, 31.40893168], [120.58610626588325, 31.408841216], [120.58621156087946, 31.408841216], [120.58621156087946, 31.40893168]]]}}, {"type": "Feature", "properties": {"area_ha": 0.01, "mean": 0.1059}, "geometry": {"type": "Polygon", "coordinates": [[[120.58705392084913, 31.408841216], [120.58684333085671, 31.408750752], [120.58705392084913, 31.408750752], [120.58705392084913, 31.408841216]]]}}, {"type": "Feature", "properties": {"area_ha": 0.0, "mean": null}, "geometry": {"type": "Polygon", "coordinates": [[[120.58758039583017, 31.408841216], [120.58747510083397, 31.408750752], [120.58758039583017, 31.408750752], [120.58758039583017, 31.408841216]]]}}, {"type": "Feature", "properties": {"area_ha": 0.0, "mean": null}, "geometry": {"type": "Polygon", "coordinates": [[[120.52198161319181, 31.408750752], [120.52187631819561, 31.408660288], [120.52198161319181, 31.408660288], [120.52198161319181, 31.408750752]]]}}, {"type": "Feature", "properties": {"area_ha": 0.01, "mean": 0.13}, "geometry": {"type": "Polygon", "coordinates": [[[120.58494802092494, 31.408750752], [120.58463213593632, 31.408660288], [120.58494802092494, 31.408660288], [120.58494802092494, 31.408750752]]]}}, {"type": "Feature", "properties": {"area_ha": 0.0, "mean": null}, "geometry": {"type": "Polygon", "coordinates": [[[120.58610626588325, 31.408750752], [120.58600097088704, 31.408660288], [120.58610626588325, 31.408660288], [120.58610626588325, 31.408750752]]]}}, {"type": "Feature", "properties": {"area_ha": 0.0, "mean": null}, "geometry": {"type": "Polygon", "coordinates": [[[120.58715921584535, 31.408750752], [120.58705392084913, 31.408660288], [120.58715921584535, 31.408660288], [120.58715921584535, 31.408750752]]]}}, {"type": "Feature", "properties": {"area_ha": 0.0, "mean": null}, "geometry": {"type": "Polygon", "coordinates": [[[120.58463213593632, 31.408660288], [120.58452684094011, 31.408569824], [120.58463213593632, 31.408569824], [120.58463213593632, 31.408660288]]]}}, {"type": "Feature", "properties": {"area_ha": 0.0, "mean": null}, "geometry": {"type": "Polygon", "coordinates": [[[120.58705392084913, 31.408660288], [120.58694862585293, 31.408569824], [120.58705392084913, 31.408569824], [120.58705392084913, 31.408660288]]]}}, {"type": "Feature", "properties": {"area_ha": 0.0, "mean": null}, "geometry": {"type": "Polygon", "coordinates": [[[120.5946351605762, 31.408660288], [120.59452986557999, 31.408569824], [120.5946351605762, 31.408569824], [120.5946351605762, 31.408660288]]]}}, {"type": "Feature", "properties": {"area_ha": 0.0, "mean": null}, "geometry": {"type": "Polygon", "coordinates": [[[120.52166572820319, 31.408569824], [120.52156043320699, 31.40847936], [120.52166572820319, 31.40847936], [120.52166572820319, 31.408569824]]]}}, {"type": "Feature", "properties": {"area_ha": 0.01, "mean": 0.1218}, "geometry": {"type": "Polygon", "coordinates": [[[120.55862427187263, 31.408569824], [120.55841368188021, 31.40847936], [120.55862427187263, 31.40847936], [120.55862427187263, 31.408569824]]]}}, {"type": "Feature", "properties": {"area_ha": 0.0, "mean": null}, "geometry": {"type": "Polygon", "coordinates": [[[120.59442457058378, 31.408569824], [120.59431927558757, 31.40847936], [120.59442457058378, 31.40847936], [120.59442457058378, 31.408569824]]]}}, {"type": "Feature", "properties": {"area_ha": 0.01, "mean": 0.1043}, "geometry": {"type": "Polygon", "coordinates": [[[120.56115135178166, 31.40847936], [120.56094076178924, 31.408388896], [120.56115135178166, 31.408388896], [120.56115135178166, 31.40847936]]]}}, {"type": "Feature", "properties": {"area_ha": 0.0, "mean": null}, "geometry": {"type": "Polygon", "coordinates": [[[120.5867380358605, 31.40847936], [120.58663274086429, 31.408388896], [120.5867380358605, 31.408388896], [120.5867380358605, 31.40847936]]]}}, {"type": "Feature", "properties": {"area_ha": 0.0, "mean": null}, "geometry": {"type": "Polygon", "coordinates": [[[120.59431927558757, 31.40847936], [120.59421398059136, 31.408388896], [120.59431927558757, 31.408388896], [120.59431927558757, 31.40847936]]]}}, {"type": "Feature", "properties": {"area_ha": 0.0, "mean": null}, "geometry": {"type": "Polygon", "coordinates": [[[120.58663274086429, 31.408388896], [120.58652744586809, 31.408298432], [120.58663274086429, 31.408298432], [120.58663274086429, 31.408388896]]]}}, {"type": "Feature", "properties": {"area_ha": 0.0, "mean": null}, "geometry": {"type": "Polygon", "coordinates": [[[120.52124454821835, 31.408298432], [120.52113925322215, 31.408207968], [120.52124454821835, 31.408207968], [120.52124454821835, 31.408298432]]]}}, {"type": "Feature", "properties": {"area_ha": 0.0, "mean": null}, "geometry": {"type": "Polygon", "coordinates": [[[120.58652744586809, 31.408298432], [120.58642215087188, 31.408207968], [120.58652744586809, 31.408207968], [120.58652744586809, 31.408298432]]]}}, {"type": "Feature", "properties": {"area_ha": 0.01, "mean": 0.1034}, "geometry": {"type": "Polygon", "coordinates": [[[120.58579038089462, 31.408388896], [120.58568508589842, 31.408117504], [120.58579038089462, 31.408117504], [120.58579038089462, 31.408388896]]]}}, {"type": "Feature", "properties": {"area_ha": 0.01, "mean": 0.1097}, "geometry": {"type": "Polygon", "coordinates": [[[120.55872956686885, 31.408207968], [120.55841368188021, 31.408117504], [120.55872956686885, 31.408117504], [120.55872956686885, 31.408207968]]]}}, {"type": "Feature", "properties": {"area_ha": 0.03, "mean": 0.1164}, "geometry": {"type": "Polygon", "coordinates": [[[120.58463213593632, 31.408388896], [120.58452684094011, 31.407755648], [120.58463213593632, 31.407755648], [120.58463213593632, 31.408388896]]]}}, {"type": "Feature", "properties": {"area_ha": 0.0, "mean": null}, "geometry": {"type": "Polygon", "coordinates": [[[120.59179219567855, 31.407755648], [120.59168690068233, 31.407665184], [120.59179219567855, 31.407665184], [120.59179219567855, 31.407755648]]]}}, {"type": "Feature", "properties": {"area_ha": 0.0, "mean": null}, "geometry": {"type": "Polygon", "coordinates": [[[120.59168690068233, 31.407665184], [120.59158160568613, 31.40757472], [120.59168690068233, 31.40757472], [120.59168690068233, 31.407665184]]]}}, {"type": "Feature", "properties": {"area_ha": 0.0, "mean": null}, "geometry": {"type": "Polygon", "coordinates": [[[120.5902127707354, 31.40757472], [120.5901074757392, 31.407484256], [120.5902127707354, 31.407484256], [120.5902127707354, 31.40757472]]]}}, {"type": "Feature", "properties": {"area_ha": 0.0, "mean": null}, "geometry": {"type": "Polygon", "coordinates": [[[120.59158160568613, 31.407484256], [120.59147631068993, 31.407393792], [120.59158160568613, 31.407393792], [120.59158160568613, 31.407484256]]]}}, {"type": "Feature", "properties": {"area_ha": 1.42, "mean": 0.131}, "geometry": {"type": "Polygon", "coordinates": [[[120.59379280060652, 31.408660288], [120.59263455564822, 31.407755648], [120.59210808066717, 31.407936576], [120.59179219567855, 31.407755648], [120.59316103062928, 31.407212864], [120.59421398059136, 31.40802704], [120.59379280060652, 31.408660288]], [[120.5935822106141, 31.407755648], [120.59368750561032, 31.407936576], [120.59368750561032, 31.407755648], [120.5935822106141, 31.407755648]]]}}, {"type": "Feature", "properties": {"area_ha": 0.04, "mean": 0.1812}, "geometry": {"type": "Polygon", "coordinates": [[[120.58189446603488, 31.407484256], [120.58157858104624, 31.407303328], [120.58178917103866, 31.407212864], [120.58189446603488, 31.407484256]]]}}, {"type": "Feature", "properties": {"area_ha": 0.0, "mean": null}, "geometry": {"type": "Polygon", "coordinates": [[[120.55683425693708, 31.407303328], [120.55672896194086, 31.407212864], [120.55683425693708, 31.407212864], [120.55683425693708, 31.407303328]]]}}, {"type": "Feature", "properties": {"area_ha": 0.0, "mean": null}, "geometry": {"type": "Polygon", "coordinates": [[[120.58505331592116, 31.407303328], [120.58494802092494, 31.407212864], [120.58505331592116, 31.407212864], [120.58505331592116, 31.407303328]]]}}, {"type": "Feature", "properties": {"area_ha": 0.0, "mean": null}, "geometry": {"type": "Polygon", "coordinates": [[[120.55672896194086, 31.407212864], [120.55662366694466, 31.4071224], [120.55672896194086, 31.4071224], [120.55672896194086, 31.407212864]]]}}, {"type": "Feature", "properties": {"area_ha": 0.0, "mean": null}, "geometry": {"type": "Polygon", "coordinates": [[[120.58684333085671, 31.407212864], [120.5867380358605, 31.4071224], [120.58684333085671, 31.4071224], [120.58684333085671, 31.407212864]]]}}, {"type": "Feature", "properties": {"area_ha": 0.0, "mean": null}, "geometry": {"type": "Polygon", "coordinates": [[[120.51682215837756, 31.4071224], [120.51671686338135, 31.407031936], [120.51682215837756, 31.407031936], [120.51682215837756, 31.4071224]]]}}, {"type": "Feature", "properties": {"area_ha": 0.0, "mean": null}, "geometry": {"type": "Polygon", "coordinates": [[[120.585474495906, 31.4071224], [120.58536920090978, 31.407031936], [120.585474495906, 31.407031936], [120.585474495906, 31.4071224]]]}}, {"type": "Feature", "properties": {"area_ha": 0.0, "mean": null}, "geometry": {"type": "Polygon", "coordinates": [[[120.59137101569371, 31.4071224], [120.5912657206975, 31.407031936], [120.59137101569371, 31.407031936], [120.59137101569371, 31.4071224]]]}}, {"type": "Feature", "properties": {"area_ha": 0.0, "mean": null}, "geometry": {"type": "Polygon", "coordinates": [[[120.59063395072025, 31.407031936], [120.59052865572404, 31.406941472], [120.59063395072025, 31.406941472], [120.59063395072025, 31.407031936]]]}}, {"type": "Feature", "properties": {"area_ha": 0.0, "mean": null}, "geometry": {"type": "Polygon", "coordinates": [[[120.59116042570129, 31.407031936], [120.59105513070509, 31.406941472], [120.59116042570129, 31.406941472], [120.59116042570129, 31.407031936]]]}}, {"type": "Feature", "properties": {"area_ha": 0.0, "mean": null}, "geometry": {"type": "Polygon", "coordinates": [[[120.58958100075816, 31.406851008], [120.58947570576194, 31.406760544], [120.58958100075816, 31.406760544], [120.58958100075816, 31.406851008]]]}}, {"type": "Feature", "properties": {"area_ha": 0.0, "mean": null}, "geometry": {"type": "Polygon", "coordinates": [[[120.58357918597423, 31.406760544], [120.58347389097801, 31.40667008], [120.58357918597423, 31.40667008], [120.58357918597423, 31.406760544]]]}}, {"type": "Feature", "properties": {"area_ha": 0.0, "mean": null}, "geometry": {"type": "Polygon", "coordinates": [[[120.58610626588325, 31.40667008], [120.58600097088704, 31.406579616000002], [120.58610626588325, 31.406579616000002], [120.58610626588325, 31.40667008]]]}}, {"type": "Feature", "properties": {"area_ha": 0.01, "mean": 0.1117}, "geometry": {"type": "Polygon", "coordinates": [[[120.58989688574678, 31.406579616000002], [120.58979159075058, 31.406398688], [120.58989688574678, 31.406398688], [120.58989688574678, 31.406579616000002]]]}}, {"type": "Feature", "properties": {"area_ha": 0.35, "mean": 0.1475}, "geometry": {"type": "Polygon", "coordinates": [[[120.55725543692192, 31.406489152], [120.55651837194846, 31.4071224], [120.55651837194846, 31.406308224], [120.55725543692192, 31.406489152]]]}}, {"type": "Feature", "properties": {"area_ha": 0.23, "mean": 0.1152}, "geometry": {"type": "Polygon", "coordinates": [[[120.59968932039425, 31.407303328], [120.59947873040183, 31.407212864], [120.59916284541319, 31.406579616000002], [120.59947873040183, 31.406308224], [120.59968932039425, 31.407303328]]]}}, {"type": "Feature", "properties": {"area_ha": 0.0, "mean": null}, "geometry": {"type": "Polygon", "coordinates": [[[120.58357918597423, 31.406398688], [120.58347389097801, 31.406308224], [120.58357918597423, 31.406308224], [120.58357918597423, 31.406398688]]]}}, {"type": "Feature", "properties": {"area_ha": 0.0, "mean": null}, "geometry": {"type": "Polygon", "coordinates": [[[120.55630778195604, 31.40621776], [120.55620248695982, 31.406127296], [120.55630778195604, 31.406127296], [120.55630778195604, 31.40621776]]]}}, {"type": "Feature", "properties": {"area_ha": 0.01, "mean": 0.1062}, "geometry": {"type": "Polygon", "coordinates": [[[120.58347389097801, 31.40621776], [120.58326330098559, 31.406127296], [120.58347389097801, 31.406127296], [120.58347389097801, 31.40621776]]]}}, {"type": "Feature", "properties": {"area_ha": 0.0, "mean": null}, "geometry": {"type": "Polygon", "coordinates": [[[120.58642215087188, 31.406127296], [120.58631685587567, 31.406036832], [120.58642215087188, 31.406036832], [120.58642215087188, 31.406127296]]]}}, {"type": "Feature", "properties": {"area_ha": 0.0, "mean": null}, "geometry": {"type": "Polygon", "coordinates": [[[120.58147328605004, 31.406036832], [120.58136799105384, 31.405946368], [120.58147328605004, 31.405946368], [120.58147328605004, 31.406036832]]]}}, {"type": "Feature", "properties": {"area_ha": 0.0, "mean": null}, "geometry": {"type": "Polygon", "coordinates": [[[120.58178917103866, 31.406036832], [120.58168387604246, 31.405946368], [120.58178917103866, 31.405946368], [120.58178917103866, 31.406036832]]]}}, {"type": "Feature", "properties": {"area_ha": 0.01, "mean": 0.1019}, "geometry": {"type": "Polygon", "coordinates": [[[120.58589567589082, 31.406036832], [120.58568508589842, 31.405946368], [120.58589567589082, 31.405946368], [120.58589567589082, 31.406036832]]]}}, {"type": "Feature", "properties": {"area_ha": 0.0, "mean": null}, "geometry": {"type": "Polygon", "coordinates": [[[120.58621156087946, 31.406036832], [120.58610626588325, 31.405946368], [120.58621156087946, 31.405946368], [120.58621156087946, 31.406036832]]]}}, {"type": "Feature", "properties": {"area_ha": 0.0, "mean": null}, "geometry": {"type": "Polygon", "coordinates": [[[120.5867380358605, 31.406036832], [120.58663274086429, 31.405946368], [120.5867380358605, 31.405946368], [120.5867380358605, 31.406036832]]]}}, {"type": "Feature", "properties": {"area_ha": 0.01, "mean": 0.1036}, "geometry": {"type": "Polygon", "coordinates": [[[120.58136799105384, 31.405946368], [120.58115740106142, 31.405855904], [120.58136799105384, 31.405855904], [120.58136799105384, 31.405946368]]]}}, {"type": "Feature", "properties": {"area_ha": 0.0, "mean": null}, "geometry": {"type": "Polygon", "coordinates": [[[120.58684333085671, 31.405946368], [120.5867380358605, 31.405855904], [120.58684333085671, 31.405855904], [120.58684333085671, 31.405946368]]]}}, {"type": "Feature", "properties": {"area_ha": 0.0, "mean": null}, "geometry": {"type": "Polygon", "coordinates": [[[120.58126269605762, 31.40576544], [120.58115740106142, 31.405674976], [120.58126269605762, 31.405674976], [120.58126269605762, 31.40576544]]]}}, {"type": "Feature", "properties": {"area_ha": 0.02, "mean": 0.1126}, "geometry": {"type": "Polygon", "coordinates": [[[120.58705392084913, 31.40576544], [120.58684333085671, 31.405674976], [120.58705392084913, 31.405584512], [120.58705392084913, 31.40576544]]]}}, {"type": "Feature", "properties": {"area_ha": 0.01, "mean": 0.1121}, "geometry": {"type": "Polygon", "coordinates": [[[120.58642215087188, 31.405584512], [120.58610626588325, 31.405494048], [120.58642215087188, 31.405494048], [120.58642215087188, 31.405584512]]]}}, {"type": "Feature", "properties": {"area_ha": 0.0, "mean": null}, "geometry": {"type": "Polygon", "coordinates": [[[120.585474495906, 31.405494048], [120.58536920090978, 31.405403584000002], [120.585474495906, 31.405403584000002], [120.585474495906, 31.405494048]]]}}, {"type": "Feature", "properties": {"area_ha": 0.0, "mean": null}, "geometry": {"type": "Polygon", "coordinates": [[[120.58610626588325, 31.405494048], [120.58600097088704, 31.405403584000002], [120.58610626588325, 31.405403584000002], [120.58610626588325, 31.405494048]]]}}, {"type": "Feature", "properties": {"area_ha": 0.0, "mean": null}, "geometry": {"type": "Polygon", "coordinates": [[[120.57852502615619, 31.405041728], [120.57841973115997, 31.404951264], [120.57852502615619, 31.404951264], [120.57852502615619, 31.405041728]]]}}, {"type": "Feature", "properties": {"area_ha": 0.0, "mean": null}, "geometry": {"type": "Polygon", "coordinates": [[[120.57905150113723, 31.405041728], [120.57894620614103, 31.404951264], [120.57905150113723, 31.404951264], [120.57905150113723, 31.405041728]]]}}, {"type": "Feature", "properties": {"area_ha": 0.0, "mean": null}, "geometry": {"type": "Polygon", "coordinates": [[[120.55283304708112, 31.4048608], [120.55272775208492, 31.404770336], [120.55283304708112, 31.404770336], [120.55283304708112, 31.4048608]]]}}, {"type": "Feature", "properties": {"area_ha": 0.0, "mean": null}, "geometry": {"type": "Polygon", "coordinates": [[[120.57947268112207, 31.4048608], [120.57936738612585, 31.404770336], [120.57947268112207, 31.404770336], [120.57947268112207, 31.4048608]]]}}, {"type": "Feature", "properties": {"area_ha": 0.0, "mean": null}, "geometry": {"type": "Polygon", "coordinates": [[[120.57894620614103, 31.404498944], [120.57884091114481, 31.40440848], [120.57894620614103, 31.40440848], [120.57894620614103, 31.404498944]]]}}, {"type": "Feature", "properties": {"area_ha": 0.03, "mean": 0.1149}, "geometry": {"type": "Polygon", "coordinates": [[[120.58621156087946, 31.404227552000002], [120.58589567589082, 31.404046624], [120.58621156087946, 31.404046624], [120.58621156087946, 31.404227552000002]]]}}, {"type": "Feature", "properties": {"area_ha": 0.0, "mean": null}, "geometry": {"type": "Polygon", "coordinates": [[[120.58600097088704, 31.40395616], [120.58589567589082, 31.403865696], [120.58600097088704, 31.403865696], [120.58600097088704, 31.40395616]]]}}, {"type": "Feature", "properties": {"area_ha": 0.0, "mean": null}, "geometry": {"type": "Polygon", "coordinates": [[[120.58621156087946, 31.40395616], [120.58610626588325, 31.403865696], [120.58621156087946, 31.403865696], [120.58621156087946, 31.40395616]]]}}, {"type": "Feature", "properties": {"area_ha": 0.01, "mean": 0.1015}, "geometry": {"type": "Polygon", "coordinates": [[[120.58631685587567, 31.403865696], [120.58621156087946, 31.403684768], [120.58631685587567, 31.403684768], [120.58631685587567, 31.403865696]]]}}, {"type": "Feature", "properties": {"area_ha": 0.0, "mean": null}, "geometry": {"type": "Polygon", "coordinates": [[[120.55472835701289, 31.403141984], [120.55462306201669, 31.40305152], [120.55472835701289, 31.40305152], [120.55472835701289, 31.403141984]]]}}, {"type": "Feature", "properties": {"area_ha": 0.01, "mean": 0.1042}, "geometry": {"type": "Polygon", "coordinates": [[[120.58610626588325, 31.403141984], [120.58600097088704, 31.402870592], [120.58610626588325, 31.402870592], [120.58610626588325, 31.403141984]]]}}, {"type": "Feature", "properties": {"area_ha": 0.02, "mean": 0.1071}, "geometry": {"type": "Polygon", "coordinates": [[[120.58663274086429, 31.402961056], [120.58642215087188, 31.402780128], [120.58663274086429, 31.402689664], [120.58663274086429, 31.402961056]]]}}, {"type": "Feature", "properties": {"area_ha": 0.07, "mean": 0.1055}, "geometry": {"type": "Polygon", "coordinates": [[[120.55504424200151, 31.402780128], [120.55451776702047, 31.402870592], [120.55462306201669, 31.4025992], [120.55504424200151, 31.402780128]]]}}, {"type": "Feature", "properties": {"area_ha": 0.01, "mean": 0.1023}, "geometry": {"type": "Polygon", "coordinates": [[[120.58663274086429, 31.4025992], [120.58652744586809, 31.402418272], [120.58663274086429, 31.402418272], [120.58663274086429, 31.4025992]]]}}, {"type": "Feature", "properties": {"area_ha": 0.0, "mean": null}, "geometry": {"type": "Polygon", "coordinates": [[[120.58610626588325, 31.402327808], [120.58600097088704, 31.402237344], [120.58610626588325, 31.402237344], [120.58610626588325, 31.402327808]]]}}, {"type": "Feature", "properties": {"area_ha": 0.0, "mean": null}, "geometry": {"type": "Polygon", "coordinates": [[[120.58663274086429, 31.402327808], [120.58652744586809, 31.402237344], [120.58663274086429, 31.402237344], [120.58663274086429, 31.402327808]]]}}, {"type": "Feature", "properties": {"area_ha": 0.0, "mean": null}, "geometry": {"type": "Polygon", "coordinates": [[[120.58621156087946, 31.402237344], [120.58610626588325, 31.40214688], [120.58621156087946, 31.40214688], [120.58621156087946, 31.402237344]]]}}, {"type": "Feature", "properties": {"area_ha": 0.01, "mean": 0.1017}, "geometry": {"type": "Polygon", "coordinates": [[[120.55441247202427, 31.402237344], [120.55430717702805, 31.402056416], [120.55441247202427, 31.402056416], [120.55441247202427, 31.402237344]]]}}, {"type": "Feature", "properties": {"area_ha": 0.01, "mean": 0.1186}, "geometry": {"type": "Polygon", "coordinates": [[[120.58642215087188, 31.40214688], [120.58621156087946, 31.402056416], [120.58642215087188, 31.402056416], [120.58642215087188, 31.40214688]]]}}, {"type": "Feature", "properties": {"area_ha": 0.01, "mean": 0.1026}, "geometry": {"type": "Polygon", "coordinates": [[[120.55335952206217, 31.40214688], [120.55325422706596, 31.401965952], [120.55335952206217, 31.401965952], [120.55335952206217, 31.40214688]]]}}, {"type": "Feature", "properties": {"area_ha": 0.0, "mean": null}, "geometry": {"type": "Polygon", "coordinates": [[[120.55430717702805, 31.402056416], [120.55420188203185, 31.401965952], [120.55430717702805, 31.401965952], [120.55430717702805, 31.402056416]]]}}, {"type": "Feature", "properties": {"area_ha": 0.01, "mean": 0.1018}, "geometry": {"type": "Polygon", "coordinates": [[[120.553780702047, 31.401965952], [120.55357011205459, 31.401875488], [120.553780702047, 31.401875488], [120.553780702047, 31.401965952]]]}}, {"type": "Feature", "properties": {"area_ha": 0.13, "mean": 0.1065}, "geometry": {"type": "Polygon", "coordinates": [[[120.553780702047, 31.401785024], [120.55335952206217, 31.401513632], [120.5536754070508, 31.401151776], [120.553780702047, 31.401785024]]]}}, {"type": "Feature", "properties": {"area_ha": 0.01, "mean": 0.1133}, "geometry": {"type": "Polygon", "coordinates": [[[120.55357011205459, 31.400970848], [120.55335952206217, 31.400880384], [120.55357011205459, 31.400880384], [120.55357011205459, 31.400970848]]]}}, {"type": "Feature", "properties": {"area_ha": 0.0, "mean": null}, "geometry": {"type": "Polygon", "coordinates": [[[120.55272775208492, 31.400699456], [120.5526224570887, 31.400608992], [120.55272775208492, 31.400608992], [120.55272775208492, 31.400699456]]]}}, {"type": "Feature", "properties": {"area_ha": 0.01, "mean": 0.1039}, "geometry": {"type": "Polygon", "coordinates": [[[120.5525171620925, 31.400428064], [120.55230657210008, 31.4003376], [120.5525171620925, 31.4003376], [120.5525171620925, 31.400428064]]]}}, {"type": "Feature", "properties": {"area_ha": 0.01, "mean": 0.1019}, "geometry": {"type": "Polygon", "coordinates": [[[120.58768569082639, 31.400428064], [120.58758039583017, 31.400156672], [120.58768569082639, 31.400156672], [120.58768569082639, 31.400428064]]]}}, {"type": "Feature", "properties": {"area_ha": 0.0, "mean": null}, "geometry": {"type": "Polygon", "coordinates": [[[120.5526224570887, 31.400247136], [120.5525171620925, 31.400156672], [120.5526224570887, 31.400156672], [120.5526224570887, 31.400247136]]]}}, {"type": "Feature", "properties": {"area_ha": 0.37, "mean": 0.1223}, "geometry": {"type": "Polygon", "coordinates": [[[120.58768569082639, 31.401061312], [120.58694862585293, 31.400518528], [120.58736980583775, 31.39988528], [120.58768569082639, 31.401061312]]]}}, {"type": "Feature", "properties": {"area_ha": 0.04, "mean": 0.1142}, "geometry": {"type": "Polygon", "coordinates": [[[120.58768569082639, 31.399975744], [120.58747510083397, 31.399704352], [120.58768569082639, 31.399523424], [120.58768569082639, 31.399975744]]]}}, {"type": "Feature", "properties": {"area_ha": 0.16, "mean": 0.1229}, "geometry": {"type": "Polygon", "coordinates": [[[120.58810687081123, 31.398799712], [120.58726451084155, 31.399071104], [120.58810687081123, 31.398437856], [120.58810687081123, 31.398799712]]]}}, {"type": "Feature", "properties": {"area_ha": 0.0, "mean": null}, "geometry": {"type": "Polygon", "coordinates": [[[120.54556769234269, 31.396538112], [120.54546239734648, 31.396447648], [120.54556769234269, 31.396447648], [120.54556769234269, 31.396538112]]]}}, {"type": "Feature", "properties": {"area_ha": 0.0, "mean": null}, "geometry": {"type": "Polygon", "coordinates": [[[120.54514651235785, 31.396085792], [120.54504121736164, 31.395995328], [120.54514651235785, 31.395995328], [120.54514651235785, 31.396085792]]]}}, {"type": "Feature", "properties": {"area_ha": 0.0, "mean": null}, "geometry": {"type": "Polygon", "coordinates": [[[120.54546239734648, 31.394819296], [120.54535710235027, 31.394728832], [120.54546239734648, 31.394728832], [120.54546239734648, 31.394819296]]]}}]}