{"type": "FeatureCollection", "features": [{"type": "Feature", "properties": {"area_ha": 0.0, "mean": null}, "geometry": {"type": "Polygon", "coordinates": [[[120.56104605678544, 31.477141536], [120.56094076178924, 31.477051072000002], [120.56104605678544, 31.477051072000002], [120.56104605678544, 31.477141536]]]}}, {"type": "Feature", "properties": {"area_ha": 0.0, "mean": null}, "geometry": {"type": "Polygon", "coordinates": [[[120.56146723677028, 31.477141536], [120.56136194177408, 31.477051072000002], [120.56146723677028, 31.477051072000002], [120.56146723677028, 31.477141536]]]}}, {"type": "Feature", "properties": {"area_ha": 0.0, "mean": null}, "geometry": {"type": "Polygon", "coordinates": [[[120.5650472666414, 31.475513184], [120.56494197164518, 31.47542272], [120.5650472666414, 31.47542272], [120.5650472666414, 31.475513184]]]}}, {"type": "Feature", "properties": {"area_ha": 0.0, "mean": null}, "geometry": {"type": "Polygon", "coordinates": [[[120.5433564974223, 31.47542272], [120.54325120242609, 31.475332256], [120.5433564974223, 31.475332256], [120.5433564974223, 31.47542272]]]}}, {"type": "Feature", "properties": {"area_ha": 0.0, "mean": null}, "geometry": {"type": "Polygon", "coordinates": [[[120.54304061243367, 31.475241792000002], [120.54293531743745, 31.475151328], [120.54304061243367, 31.475151328], [120.54304061243367, 31.475241792000002]]]}}, {"type": "Feature", "properties": {"area_ha": 0.0, "mean": null}, "geometry": {"type": "Polygon", "coordinates": [[[120.54283002244125, 31.475151328], [120.54272472744503, 31.475060864], [120.54283002244125, 31.475060864], [120.54283002244125, 31.475151328]]]}}, {"type": "Feature", "properties": {"area_ha": 0.0, "mean": null}, "geometry": {"type": "Polygon", "coordinates": [[[120.54230354746021, 31.474699008], [120.54219825246399, 31.474608544000002], [120.54230354746021, 31.474608544000002], [120.54230354746021, 31.474699008]]]}}, {"type": "Feature", "properties": {"area_ha": 0.0, "mean": null}, "geometry": {"type": "Polygon", "coordinates": [[[120.54219825246399, 31.474608544000002], [120.54209295746779, 31.47451808], [120.54219825246399, 31.47451808], [120.54219825246399, 31.474608544000002]]]}}, {"type": "Feature", "properties": {"area_ha": 0.0, "mean": null}, "geometry": {"type": "Polygon", "coordinates": [[[120.54209295746779, 31.47451808], [120.54198766247157, 31.474427616], [120.54209295746779, 31.474427616], [120.54209295746779, 31.47451808]]]}}, {"type": "Feature", "properties": {"area_ha": 0.0, "mean": null}, "geometry": {"type": "Polygon", "coordinates": [[[120.54198766247157, 31.474427616], [120.54188236747537, 31.474337152], [120.54198766247157, 31.474337152], [120.54198766247157, 31.474427616]]]}}, {"type": "Feature", "properties": {"area_ha": 0.0, "mean": null}, "geometry": {"type": "Polygon", "coordinates": [[[120.54188236747537, 31.474337152], [120.54177707247915, 31.474246688], [120.54188236747537, 31.474246688], [120.54188236747537, 31.474337152]]]}}, {"type": "Feature", "properties": {"area_ha": 0.0, "mean": null}, "geometry": {"type": "Polygon", "coordinates": [[[120.54146118749053, 31.473794368], [120.54135589249432, 31.473703904], [120.54146118749053, 31.473703904], [120.54146118749053, 31.473794368]]]}}, {"type": "Feature", "properties": {"area_ha": 0.0, "mean": null}, "geometry": {"type": "Polygon", "coordinates": [[[120.54135589249432, 31.473703904], [120.5412505974981, 31.47361344], [120.54135589249432, 31.47361344], [120.54135589249432, 31.473703904]]]}}, {"type": "Feature", "properties": {"area_ha": 0.0, "mean": null}, "geometry": {"type": "Polygon", "coordinates": [[[120.53924999257013, 31.473251584], [120.53914469757392, 31.47316112], [120.53924999257013, 31.47316112], [120.53924999257013, 31.473251584]]]}}, {"type": "Feature", "properties": {"area_ha": 0.0, "mean": null}, "geometry": {"type": "Polygon", "coordinates": [[[120.57789325617892, 31.472346944], [120.57778796118272, 31.472256480000002], [120.57789325617892, 31.472256480000002], [120.57789325617892, 31.472346944]]]}}, {"type": "Feature", "properties": {"area_ha": 0.0, "mean": null}, "geometry": {"type": "Polygon", "coordinates": [[[120.57810384617135, 31.472166016], [120.57799855117514, 31.472075552], [120.57810384617135, 31.472075552], [120.57810384617135, 31.472166016]]]}}, {"type": "Feature", "properties": {"area_ha": 0.0, "mean": null}, "geometry": {"type": "Polygon", "coordinates": [[[120.57736678119788, 31.472075552], [120.57726148620168, 31.471985088], [120.57736678119788, 31.471985088], [120.57736678119788, 31.472075552]]]}}, {"type": "Feature", "properties": {"area_ha": 0.02, "mean": 0.1242}, "geometry": {"type": "Polygon", "coordinates": [[[120.57852502615619, 31.471985088], [120.57820914116755, 31.47180416], [120.57852502615619, 31.471894624], [120.57852502615619, 31.471985088]]]}}, {"type": "Feature", "properties": {"area_ha": 0.01, "mean": 0.1004}, "geometry": {"type": "Polygon", "coordinates": [[[120.5787356161486, 31.471894624], [120.57852502615619, 31.47180416], [120.5787356161486, 31.47180416], [120.5787356161486, 31.471894624]]]}}, {"type": "Feature", "properties": {"area_ha": 0.0, "mean": null}, "geometry": {"type": "Polygon", "coordinates": [[[120.5775773711903, 31.47180416], [120.57747207619408, 31.471713696000002], [120.5775773711903, 31.471713696000002], [120.5775773711903, 31.47180416]]]}}, {"type": "Feature", "properties": {"area_ha": 0.0, "mean": null}, "geometry": {"type": "Polygon", "coordinates": [[[120.57894620614103, 31.47180416], [120.57884091114481, 31.471713696000002], [120.57894620614103, 31.471713696000002], [120.57894620614103, 31.47180416]]]}}, {"type": "Feature", "properties": {"area_ha": 0.0, "mean": null}, "geometry": {"type": "Polygon", "coordinates": [[[120.54072412251706, 31.471713696000002], [120.54061882752086, 31.471623232000002], [120.54072412251706, 31.471623232000002], [120.54072412251706, 31.471713696000002]]]}}, {"type": "Feature", "properties": {"area_ha": 0.0, "mean": null}, "geometry": {"type": "Polygon", "coordinates": [[[120.57915679613343, 31.471713696000002], [120.57905150113723, 31.471623232000002], [120.57915679613343, 31.471623232000002], [120.57915679613343, 31.471713696000002]]]}}, {"type": "Feature", "properties": {"area_ha": 0.0, "mean": null}, "geometry": {"type": "Polygon", "coordinates": [[[120.57926209112965, 31.471623232000002], [120.57915679613343, 31.471532768], [120.57926209112965, 31.471532768], [120.57926209112965, 31.471623232000002]]]}}, {"type": "Feature", "properties": {"area_ha": 0.0, "mean": null}, "geometry": {"type": "Polygon", "coordinates": [[[120.58368448097043, 31.471532768], [120.58357918597423, 31.471442304], [120.58368448097043, 31.471442304], [120.58368448097043, 31.471532768]]]}}, {"type": "Feature", "properties": {"area_ha": 0.0, "mean": null}, "geometry": {"type": "Polygon", "coordinates": [[[120.57262850636846, 31.471442304], [120.57252321137226, 31.47135184], [120.57262850636846, 31.47135184], [120.57262850636846, 31.471442304]]]}}, {"type": "Feature", "properties": {"area_ha": 0.0, "mean": null}, "geometry": {"type": "Polygon", "coordinates": [[[120.58378977596665, 31.471442304], [120.58368448097043, 31.47135184], [120.58378977596665, 31.47135184], [120.58378977596665, 31.471442304]]]}}, {"type": "Feature", "properties": {"area_ha": 0.01, "mean": 0.0953}, "geometry": {"type": "Polygon", "coordinates": [[[120.53282699780137, 31.471261376], [120.53261640780894, 31.471170912], [120.53282699780137, 31.471170912], [120.53282699780137, 31.471261376]]]}}, {"type": "Feature", "properties": {"area_ha": 0.02, "mean": 0.0812}, "geometry": {"type": "Polygon", "coordinates": [[[120.58168387604246, 31.471261376], [120.58126269605762, 31.471170912], [120.58168387604246, 31.471170912], [120.58168387604246, 31.471261376]]]}}, {"type": "Feature", "properties": {"area_ha": 0.01, "mean": 0.0796}, "geometry": {"type": "Polygon", "coordinates": [[[120.5822103510235, 31.471261376], [120.58199976103108, 31.471170912], [120.5822103510235, 31.471170912], [120.5822103510235, 31.471261376]]]}}, {"type": "Feature", "properties": {"area_ha": 0.01, "mean": 0.0861}, "geometry": {"type": "Polygon", "coordinates": [[[120.58336859598181, 31.471261376], [120.58315800598939, 31.471170912], [120.58336859598181, 31.471170912], [120.58336859598181, 31.471261376]]]}}, {"type": "Feature", "properties": {"area_ha": 0.02, "mean": 0.1657}, "geometry": {"type": "Polygon", "coordinates": [[[120.57789325617892, 31.471532768], [120.5775773711903, 31.471080448000002], [120.5776826661865, 31.471080448000002], [120.57789325617892, 31.471532768]]]}}, {"type": "Feature", "properties": {"area_ha": 0.0, "mean": null}, "geometry": {"type": "Polygon", "coordinates": [[[120.57526088127369, 31.471170912], [120.57515558627749, 31.471080448000002], [120.57526088127369, 31.471080448000002], [120.57526088127369, 31.471170912]]]}}, {"type": "Feature", "properties": {"area_ha": 0.0, "mean": null}, "geometry": {"type": "Polygon", "coordinates": [[[120.5775773711903, 31.471080448000002], [120.57747207619408, 31.470989984], [120.5775773711903, 31.470989984], [120.5775773711903, 31.471080448000002]]]}}, {"type": "Feature", "properties": {"area_ha": 0.0, "mean": null}, "geometry": {"type": "Polygon", "coordinates": [[[120.57684030621684, 31.470989984], [120.57673501122062, 31.47089952], [120.57684030621684, 31.47089952], [120.57684030621684, 31.470989984]]]}}, {"type": "Feature", "properties": {"area_ha": 0.01, "mean": 0.1234}, "geometry": {"type": "Polygon", "coordinates": [[[120.57726148620168, 31.470989984], [120.57694560121304, 31.47089952], [120.57726148620168, 31.47089952], [120.57726148620168, 31.470989984]]]}}, {"type": "Feature", "properties": {"area_ha": 0.0, "mean": null}, "geometry": {"type": "Polygon", "coordinates": [[[120.57747207619408, 31.470989984], [120.57736678119788, 31.47089952], [120.57747207619408, 31.47089952], [120.57747207619408, 31.470989984]]]}}, {"type": "Feature", "properties": {"area_ha": 0.0, "mean": null}, "geometry": {"type": "Polygon", "coordinates": [[[120.5377758626232, 31.47089952], [120.53767056762699, 31.470809056], [120.5377758626232, 31.470809056], [120.5377758626232, 31.47089952]]]}}, {"type": "Feature", "properties": {"area_ha": 0.01, "mean": 0.1213}, "geometry": {"type": "Polygon", "coordinates": [[[120.53756527263079, 31.470809056], [120.53735468263837, 31.470718592], [120.53756527263079, 31.470718592], [120.53756527263079, 31.470809056]]]}}, {"type": "Feature", "properties": {"area_ha": 0.0, "mean": null}, "geometry": {"type": "Polygon", "coordinates": [[[120.5343011277483, 31.470175808], [120.53419583275209, 31.470085344], [120.5343011277483, 31.470085344], [120.5343011277483, 31.470175808]]]}}, {"type": "Feature", "properties": {"area_ha": 0.01, "mean": 0.1162}, "geometry": {"type": "Polygon", "coordinates": [[[120.53398524275967, 31.470085344], [120.53366935777105, 31.46999488], [120.53398524275967, 31.46999488], [120.53398524275967, 31.470085344]]]}}, {"type": "Feature", "properties": {"area_ha": 0.0, "mean": null}, "geometry": {"type": "Polygon", "coordinates": [[[120.57726148620168, 31.470085344], [120.57715619120546, 31.46999488], [120.57726148620168, 31.46999488], [120.57726148620168, 31.470085344]]]}}, {"type": "Feature", "properties": {"area_ha": 0.01, "mean": 0.0921}, "geometry": {"type": "Polygon", "coordinates": [[[120.5775773711903, 31.470085344], [120.57736678119788, 31.46999488], [120.5775773711903, 31.46999488], [120.5775773711903, 31.470085344]]]}}, {"type": "Feature", "properties": {"area_ha": 0.01, "mean": 0.1152}, "geometry": {"type": "Polygon", "coordinates": [[[120.53345876777863, 31.46999488], [120.5332481777862, 31.469904416000002], [120.53345876777863, 31.469904416000002], [120.53345876777863, 31.46999488]]]}}, {"type": "Feature", "properties": {"area_ha": 0.01, "mean": 0.0833}, "geometry": {"type": "Polygon", "coordinates": [[[120.57673501122062, 31.46999488], [120.57652442122821, 31.469904416000002], [120.57673501122062, 31.469904416000002], [120.57673501122062, 31.46999488]]]}}, {"type": "Feature", "properties": {"area_ha": 0.0, "mean": null}, "geometry": {"type": "Polygon", "coordinates": [[[120.53314288279, 31.469904416000002], [120.53303758779379, 31.469813952], [120.53314288279, 31.469813952], [120.53314288279, 31.469904416000002]]]}}, {"type": "Feature", "properties": {"area_ha": 0.0, "mean": null}, "geometry": {"type": "Polygon", "coordinates": [[[120.53303758779379, 31.469813952], [120.53293229279758, 31.469723488], [120.53303758779379, 31.469723488], [120.53303758779379, 31.469813952]]]}}, {"type": "Feature", "properties": {"area_ha": 0.0, "mean": null}, "geometry": {"type": "Polygon", "coordinates": [[[120.53103698286581, 31.468999776], [120.5309316878696, 31.468909312], [120.53103698286581, 31.468909312], [120.53103698286581, 31.468999776]]]}}, {"type": "Feature", "properties": {"area_ha": 0.0, "mean": null}, "geometry": {"type": "Polygon", "coordinates": [[[120.53166875284306, 31.468728384000002], [120.53156345784686, 31.46863792], [120.53166875284306, 31.46863792], [120.53166875284306, 31.468728384000002]]]}}, {"type": "Feature", "properties": {"area_ha": 0.0, "mean": null}, "geometry": {"type": "Polygon", "coordinates": [[[120.52850990295678, 31.468366528], [120.52840460796058, 31.468276064], [120.52850990295678, 31.468276064], [120.52850990295678, 31.468366528]]]}}, {"type": "Feature", "properties": {"area_ha": 0.0, "mean": null}, "geometry": {"type": "Polygon", "coordinates": [[[120.5433564974223, 31.467914208], [120.54325120242609, 31.467823744], [120.5433564974223, 31.467823744], [120.5433564974223, 31.467914208]]]}}, {"type": "Feature", "properties": {"area_ha": 0.0, "mean": null}, "geometry": {"type": "Polygon", "coordinates": [[[120.52787813297954, 31.46773328], [120.52777283798332, 31.467642816], [120.52787813297954, 31.467642816], [120.52787813297954, 31.46773328]]]}}, {"type": "Feature", "properties": {"area_ha": 0.0, "mean": null}, "geometry": {"type": "Polygon", "coordinates": [[[120.53240581781654, 31.46773328], [120.53230052282032, 31.467642816], [120.53240581781654, 31.467642816], [120.53240581781654, 31.46773328]]]}}, {"type": "Feature", "properties": {"area_ha": 0.0, "mean": null}, "geometry": {"type": "Polygon", "coordinates": [[[120.52714106800607, 31.467552352000002], [120.52703577300986, 31.467461888], [120.52714106800607, 31.467461888], [120.52714106800607, 31.467552352000002]]]}}, {"type": "Feature", "properties": {"area_ha": 0.0, "mean": null}, "geometry": {"type": "Polygon", "coordinates": [[[120.53145816285065, 31.467552352000002], [120.53135286785444, 31.467461888], [120.53145816285065, 31.467461888], [120.53145816285065, 31.467552352000002]]]}}, {"type": "Feature", "properties": {"area_ha": 0.0, "mean": null}, "geometry": {"type": "Polygon", "coordinates": [[[120.53251111281274, 31.467461888], [120.53240581781654, 31.467371424], [120.53251111281274, 31.467371424], [120.53251111281274, 31.467461888]]]}}, {"type": "Feature", "properties": {"area_ha": 0.01, "mean": 0.0927}, "geometry": {"type": "Polygon", "coordinates": [[[120.53261640780894, 31.467100032], [120.53251111281274, 31.466919104000002], [120.53261640780894, 31.466919104000002], [120.53261640780894, 31.467100032]]]}}, {"type": "Feature", "properties": {"area_ha": 0.0, "mean": null}, "geometry": {"type": "Polygon", "coordinates": [[[120.53272170280516, 31.466738176], [120.53261640780894, 31.466647712], [120.53272170280516, 31.466647712], [120.53272170280516, 31.466738176]]]}}, {"type": "Feature", "properties": {"area_ha": 0.0, "mean": null}, "geometry": {"type": "Polygon", "coordinates": [[[120.5241928081122, 31.466647712], [120.524087513116, 31.466557248], [120.5241928081122, 31.466557248], [120.5241928081122, 31.466647712]]]}}, {"type": "Feature", "properties": {"area_ha": 0.0, "mean": null}, "geometry": {"type": "Polygon", "coordinates": [[[120.52429810310842, 31.466466784], [120.5241928081122, 31.466376320000002], [120.52429810310842, 31.466376320000002], [120.52429810310842, 31.466466784]]]}}, {"type": "Feature", "properties": {"area_ha": 0.0, "mean": null}, "geometry": {"type": "Polygon", "coordinates": [[[120.53282699780137, 31.466376320000002], [120.53272170280516, 31.466285856], [120.53282699780137, 31.466285856], [120.53282699780137, 31.466376320000002]]]}}, {"type": "Feature", "properties": {"area_ha": 0.0, "mean": null}, "geometry": {"type": "Polygon", "coordinates": [[[120.53314288279, 31.465833536], [120.53303758779379, 31.465743072000002], [120.53314288279, 31.465743072000002], [120.53314288279, 31.465833536]]]}}, {"type": "Feature", "properties": {"area_ha": 0.0, "mean": null}, "geometry": {"type": "Polygon", "coordinates": [[[120.5332481777862, 31.465743072000002], [120.53314288279, 31.465652608], [120.5332481777862, 31.465652608], [120.5332481777862, 31.465743072000002]]]}}, {"type": "Feature", "properties": {"area_ha": 0.0, "mean": null}, "geometry": {"type": "Polygon", "coordinates": [[[120.53335347278241, 31.465652608], [120.5332481777862, 31.465562144], [120.53335347278241, 31.465562144], [120.53335347278241, 31.465652608]]]}}, {"type": "Feature", "properties": {"area_ha": 0.0, "mean": null}, "geometry": {"type": "Polygon", "coordinates": [[[120.53345876777863, 31.46547168], [120.53335347278241, 31.465381216], [120.53345876777863, 31.465381216], [120.53345876777863, 31.46547168]]]}}, {"type": "Feature", "properties": {"area_ha": 0.0, "mean": null}, "geometry": {"type": "Polygon", "coordinates": [[[120.52566693805915, 31.465290752], [120.52556164306293, 31.465200288000002], [120.52566693805915, 31.465200288000002], [120.52566693805915, 31.465290752]]]}}, {"type": "Feature", "properties": {"area_ha": 0.0, "mean": null}, "geometry": {"type": "Polygon", "coordinates": [[[120.53356406277483, 31.465290752], [120.53345876777863, 31.465200288000002], [120.53356406277483, 31.465200288000002], [120.53356406277483, 31.465290752]]]}}, {"type": "Feature", "properties": {"area_ha": 0.0, "mean": null}, "geometry": {"type": "Polygon", "coordinates": [[[120.52577223305535, 31.465200288000002], [120.52566693805915, 31.465109824], [120.52577223305535, 31.465109824], [120.52577223305535, 31.465200288000002]]]}}, {"type": "Feature", "properties": {"area_ha": 0.0, "mean": null}, "geometry": {"type": "Polygon", "coordinates": [[[120.52556164306293, 31.465109824], [120.52545634806673, 31.46501936], [120.52556164306293, 31.46501936], [120.52556164306293, 31.465109824]]]}}, {"type": "Feature", "properties": {"area_ha": 0.0, "mean": null}, "geometry": {"type": "Polygon", "coordinates": [[[120.52566693805915, 31.46501936], [120.52556164306293, 31.464928896], [120.52566693805915, 31.464928896], [120.52566693805915, 31.46501936]]]}}, {"type": "Feature", "properties": {"area_ha": 0.01, "mean": 0.0984}, "geometry": {"type": "Polygon", "coordinates": [[[120.53377465276725, 31.464657504], [120.53366935777105, 31.464386112], [120.53377465276725, 31.464386112], [120.53377465276725, 31.464657504]]]}}, {"type": "Feature", "properties": {"area_ha": 0.0, "mean": null}, "geometry": {"type": "Polygon", "coordinates": [[[120.52577223305535, 31.464476576], [120.52566693805915, 31.464386112], [120.52577223305535, 31.464386112], [120.52577223305535, 31.464476576]]]}}, {"type": "Feature", "properties": {"area_ha": 0.0, "mean": null}, "geometry": {"type": "Polygon", "coordinates": [[[120.52587752805155, 31.464386112], [120.52577223305535, 31.464295648], [120.52587752805155, 31.464295648], [120.52587752805155, 31.464386112]]]}}, {"type": "Feature", "properties": {"area_ha": 0.0, "mean": null}, "geometry": {"type": "Polygon", "coordinates": [[[120.52598282304777, 31.464295648], [120.52587752805155, 31.464205184], [120.52598282304777, 31.464205184], [120.52598282304777, 31.464295648]]]}}, {"type": "Feature", "properties": {"area_ha": 0.01, "mean": 0.075}, "geometry": {"type": "Polygon", "coordinates": [[[120.52619341304019, 31.464205184], [120.52598282304777, 31.46411472], [120.52619341304019, 31.46411472], [120.52619341304019, 31.464205184]]]}}, {"type": "Feature", "properties": {"area_ha": 0.01, "mean": 0.1146}, "geometry": {"type": "Polygon", "coordinates": [[[120.53451171774071, 31.46321008], [120.53440642274451, 31.463029152], [120.53451171774071, 31.463029152], [120.53451171774071, 31.46321008]]]}}, {"type": "Feature", "properties": {"area_ha": 0.0, "mean": null}, "geometry": {"type": "Polygon", "coordinates": [[[120.5343011277483, 31.462124512], [120.53419583275209, 31.462034048], [120.5343011277483, 31.462034048], [120.5343011277483, 31.462124512]]]}}, {"type": "Feature", "properties": {"area_ha": 0.0, "mean": null}, "geometry": {"type": "Polygon", "coordinates": [[[120.59558281554209, 31.462034048], [120.59547752054587, 31.461943584], [120.59558281554209, 31.461943584], [120.59558281554209, 31.462034048]]]}}, {"type": "Feature", "properties": {"area_ha": 0.02, "mean": 0.1029}, "geometry": {"type": "Polygon", "coordinates": [[[120.53461701273693, 31.460586624], [120.53451171774071, 31.460224768], [120.53461701273693, 31.460224768], [120.53461701273693, 31.460586624]]]}}, {"type": "Feature", "properties": {"area_ha": 0.02, "mean": 0.1339}, "geometry": {"type": "Polygon", "coordinates": [[[120.53472230773313, 31.46004384], [120.53461701273693, 31.459681984], [120.53472230773313, 31.459681984], [120.53472230773313, 31.46004384]]]}}, {"type": "Feature", "properties": {"area_ha": 0.01, "mean": 0.1251}, "geometry": {"type": "Polygon", "coordinates": [[[120.53482760272935, 31.459410592], [120.53472230773313, 31.459229664000002], [120.53482760272935, 31.459229664000002], [120.53482760272935, 31.459410592]]]}}, {"type": "Feature", "properties": {"area_ha": 0.0, "mean": null}, "geometry": {"type": "Polygon", "coordinates": [[[120.59726753548144, 31.458958272], [120.59716224048522, 31.458867808], [120.59726753548144, 31.458867808], [120.59726753548144, 31.458958272]]]}}, {"type": "Feature", "properties": {"area_ha": 0.01, "mean": 0.1495}, "geometry": {"type": "Polygon", "coordinates": [[[120.59747812547384, 31.458867808], [120.59726753548144, 31.458777344], [120.59747812547384, 31.458777344], [120.59747812547384, 31.458867808]]]}}, {"type": "Feature", "properties": {"area_ha": 0.02, "mean": 0.0942}, "geometry": {"type": "Polygon", "coordinates": [[[120.59421398059136, 31.458867808], [120.59389809560274, 31.458686880000002], [120.59421398059136, 31.458777344], [120.59421398059136, 31.458867808]]]}}, {"type": "Feature", "properties": {"area_ha": 0.01, "mean": 0.0892}, "geometry": {"type": "Polygon", "coordinates": [[[120.59389809560274, 31.458596416], [120.59379280060652, 31.458415488], [120.59389809560274, 31.458415488], [120.59389809560274, 31.458596416]]]}}, {"type": "Feature", "properties": {"area_ha": 0.0, "mean": null}, "geometry": {"type": "Polygon", "coordinates": [[[120.59410868559515, 31.458505952], [120.59400339059894, 31.458415488], [120.59410868559515, 31.458415488], [120.59410868559515, 31.458505952]]]}}, {"type": "Feature", "properties": {"area_ha": 0.01, "mean": 0.0772}, "geometry": {"type": "Polygon", "coordinates": [[[120.59379280060652, 31.458325024], [120.59368750561032, 31.458053632000002], [120.59379280060652, 31.458053632000002], [120.59379280060652, 31.458325024]]]}}, {"type": "Feature", "properties": {"area_ha": 0.01, "mean": 0.1272}, "geometry": {"type": "Polygon", "coordinates": [[[120.53503819272176, 31.45823456], [120.53493289772555, 31.458053632000002], [120.53503819272176, 31.458053632000002], [120.53503819272176, 31.45823456]]]}}, {"type": "Feature", "properties": {"area_ha": 0.0, "mean": null}, "geometry": {"type": "Polygon", "coordinates": [[[120.59452986557999, 31.458144096], [120.59442457058378, 31.458053632000002], [120.59452986557999, 31.458053632000002], [120.59452986557999, 31.458144096]]]}}, {"type": "Feature", "properties": {"area_ha": 0.01, "mean": 0.0753}, "geometry": {"type": "Polygon", "coordinates": [[[120.59368750561032, 31.458053632000002], [120.5934769156179, 31.457963168], [120.59368750561032, 31.457963168], [120.59368750561032, 31.458053632000002]]]}}, {"type": "Feature", "properties": {"area_ha": 0.0, "mean": null}, "geometry": {"type": "Polygon", "coordinates": [[[120.53514348771797, 31.457872704], [120.53503819272176, 31.45778224], [120.53514348771797, 31.45778224], [120.53514348771797, 31.457872704]]]}}, {"type": "Feature", "properties": {"area_ha": 0.66, "mean": 0.1356}, "geometry": {"type": "Polygon", "coordinates": [[[120.59674106050038, 31.458777344], [120.59621458551933, 31.457601312], [120.59747812547384, 31.458144096], [120.59674106050038, 31.458777344]]]}}, {"type": "Feature", "properties": {"area_ha": 0.0, "mean": null}, "geometry": {"type": "Polygon", "coordinates": [[[120.5935822106141, 31.457601312], [120.5934769156179, 31.457510848000002], [120.5935822106141, 31.457510848000002], [120.5935822106141, 31.457601312]]]}}, {"type": "Feature", "properties": {"area_ha": 0.0, "mean": null}, "geometry": {"type": "Polygon", "coordinates": [[[120.59537222554967, 31.457601312], [120.59526693055345, 31.457510848000002], [120.59537222554967, 31.457510848000002], [120.59537222554967, 31.457601312]]]}}, {"type": "Feature", "properties": {"area_ha": 0.01, "mean": 0.0883}, "geometry": {"type": "Polygon", "coordinates": [[[120.59610929052313, 31.457601312], [120.59589870053071, 31.457510848000002], [120.59610929052313, 31.457510848000002], [120.59610929052313, 31.457601312]]]}}, {"type": "Feature", "properties": {"area_ha": 0.02, "mean": 0.1134}, "geometry": {"type": "Polygon", "coordinates": [[[120.5353540777104, 31.456877600000002], [120.53524878271418, 31.456515744], [120.5353540777104, 31.456515744], [120.5353540777104, 31.456877600000002]]]}}, {"type": "Feature", "properties": {"area_ha": 0.01, "mean": 0.1141}, "geometry": {"type": "Polygon", "coordinates": [[[120.5354593727066, 31.456244352000002], [120.5353540777104, 31.45597296], [120.5354593727066, 31.45597296], [120.5354593727066, 31.456244352000002]]]}}, {"type": "Feature", "properties": {"area_ha": 0.01, "mean": 0.1098}, "geometry": {"type": "Polygon", "coordinates": [[[120.53556466770281, 31.455701568000002], [120.5354593727066, 31.455430176], [120.53556466770281, 31.455430176], [120.53556466770281, 31.455701568000002]]]}}, {"type": "Feature", "properties": {"area_ha": 0.01, "mean": 0.113}, "geometry": {"type": "Polygon", "coordinates": [[[120.58063092608037, 31.455158784], [120.58052563108416, 31.454977856], [120.58063092608037, 31.454977856], [120.58063092608037, 31.455158784]]]}}, {"type": "Feature", "properties": {"area_ha": 0.0, "mean": null}, "geometry": {"type": "Polygon", "coordinates": [[[120.58084151607278, 31.454887392], [120.58073622107658, 31.454796928], [120.58084151607278, 31.454796928], [120.58084151607278, 31.454887392]]]}}, {"type": "Feature", "properties": {"area_ha": 0.0, "mean": null}, "geometry": {"type": "Polygon", "coordinates": [[[120.58115740106142, 31.454706464], [120.5810521060652, 31.454616], [120.58115740106142, 31.454616], [120.58115740106142, 31.454706464]]]}}, {"type": "Feature", "properties": {"area_ha": 0.01, "mean": 0.0853}, "geometry": {"type": "Polygon", "coordinates": [[[120.58168387604246, 31.454616], [120.58136799105384, 31.454525536000002], [120.58168387604246, 31.454525536000002], [120.58168387604246, 31.454616]]]}}, {"type": "Feature", "properties": {"area_ha": 0.0, "mean": null}, "geometry": {"type": "Polygon", "coordinates": [[[120.58178917103866, 31.454525536000002], [120.58168387604246, 31.454435072], [120.58178917103866, 31.454435072], [120.58178917103866, 31.454525536000002]]]}}, {"type": "Feature", "properties": {"area_ha": 0.0, "mean": null}, "geometry": {"type": "Polygon", "coordinates": [[[120.58284212100077, 31.454435072], [120.58273682600455, 31.454344608], [120.58284212100077, 31.454344608], [120.58284212100077, 31.454435072]]]}}, {"type": "Feature", "properties": {"area_ha": 0.0, "mean": null}, "geometry": {"type": "Polygon", "coordinates": [[[120.58199976103108, 31.454344608], [120.58189446603488, 31.454254144], [120.58199976103108, 31.454254144], [120.58199976103108, 31.454344608]]]}}, {"type": "Feature", "properties": {"area_ha": 0.01, "mean": 0.0814}, "geometry": {"type": "Polygon", "coordinates": [[[120.58242094101593, 31.454254144], [120.5821050560273, 31.45416368], [120.58242094101593, 31.45416368], [120.58242094101593, 31.454254144]]]}}, {"type": "Feature", "properties": {"area_ha": 0.0, "mean": null}, "geometry": {"type": "Polygon", "coordinates": [[[120.58315800598939, 31.454254144], [120.58305271099319, 31.45416368], [120.58315800598939, 31.45416368], [120.58315800598939, 31.454254144]]]}}, {"type": "Feature", "properties": {"area_ha": 0.0, "mean": null}, "geometry": {"type": "Polygon", "coordinates": [[[120.58263153100835, 31.45416368], [120.58252623601213, 31.454073216], [120.58263153100835, 31.454073216], [120.58263153100835, 31.45416368]]]}}, {"type": "Feature", "properties": {"area_ha": 0.0, "mean": null}, "geometry": {"type": "Polygon", "coordinates": [[[120.58336859598181, 31.45416368], [120.58326330098559, 31.454073216], [120.58336859598181, 31.454073216], [120.58336859598181, 31.45416368]]]}}, {"type": "Feature", "properties": {"area_ha": 0.0, "mean": null}, "geometry": {"type": "Polygon", "coordinates": [[[120.58284212100077, 31.454073216], [120.58273682600455, 31.453982752], [120.58284212100077, 31.453982752], [120.58284212100077, 31.454073216]]]}}, {"type": "Feature", "properties": {"area_ha": 0.0, "mean": null}, "geometry": {"type": "Polygon", "coordinates": [[[120.58357918597423, 31.454073216], [120.58347389097801, 31.453982752], [120.58357918597423, 31.453982752], [120.58357918597423, 31.454073216]]]}}, {"type": "Feature", "properties": {"area_ha": 0.01, "mean": 0.0989}, "geometry": {"type": "Polygon", "coordinates": [[[120.58378977596665, 31.453982752], [120.58357918597423, 31.453892288000002], [120.58378977596665, 31.453892288000002], [120.58378977596665, 31.453982752]]]}}, {"type": "Feature", "properties": {"area_ha": 0.0, "mean": null}, "geometry": {"type": "Polygon", "coordinates": [[[120.58389507096285, 31.453892288000002], [120.58378977596665, 31.453801824], [120.58389507096285, 31.453801824], [120.58389507096285, 31.453892288000002]]]}}, {"type": "Feature", "properties": {"area_ha": 0.0, "mean": null}, "geometry": {"type": "Polygon", "coordinates": [[[120.58336859598181, 31.453801824], [120.58326330098559, 31.45371136], [120.58336859598181, 31.45371136], [120.58336859598181, 31.453801824]]]}}, {"type": "Feature", "properties": {"area_ha": 0.0, "mean": null}, "geometry": {"type": "Polygon", "coordinates": [[[120.58136799105384, 31.45371136], [120.58126269605762, 31.453620896], [120.58136799105384, 31.453620896], [120.58136799105384, 31.45371136]]]}}, {"type": "Feature", "properties": {"area_ha": 0.0, "mean": null}, "geometry": {"type": "Polygon", "coordinates": [[[120.58347389097801, 31.45371136], [120.58336859598181, 31.453620896], [120.58347389097801, 31.453620896], [120.58347389097801, 31.45371136]]]}}, {"type": "Feature", "properties": {"area_ha": 0.0, "mean": null}, "geometry": {"type": "Polygon", "coordinates": [[[120.58357918597423, 31.453620896], [120.58347389097801, 31.453530432], [120.58357918597423, 31.453530432], [120.58357918597423, 31.453620896]]]}}, {"type": "Feature", "properties": {"area_ha": 0.0, "mean": null}, "geometry": {"type": "Polygon", "coordinates": [[[120.58378977596665, 31.453530432], [120.58368448097043, 31.453439968], [120.58378977596665, 31.453439968], [120.58378977596665, 31.453530432]]]}}, {"type": "Feature", "properties": {"area_ha": 0.01, "mean": 0.1283}, "geometry": {"type": "Polygon", "coordinates": [[[120.53598584768764, 31.453530432], [120.53588055269144, 31.45325904], [120.53598584768764, 31.45325904], [120.53598584768764, 31.453530432]]]}}, {"type": "Feature", "properties": {"area_ha": 0.01, "mean": 0.1079}, "geometry": {"type": "Polygon", "coordinates": [[[120.53609114268386, 31.453078112], [120.53598584768764, 31.45280672], [120.53609114268386, 31.45280672], [120.53609114268386, 31.453078112]]]}}, {"type": "Feature", "properties": {"area_ha": 0.01, "mean": 0.1251}, "geometry": {"type": "Polygon", "coordinates": [[[120.53619643768006, 31.452444864], [120.53609114268386, 31.452263936], [120.53619643768006, 31.452263936], [120.53619643768006, 31.452444864]]]}}, {"type": "Feature", "properties": {"area_ha": 0.0, "mean": null}, "geometry": {"type": "Polygon", "coordinates": [[[120.60000520538287, 31.4523544], [120.59989991038665, 31.452263936], [120.60000520538287, 31.452263936], [120.60000520538287, 31.4523544]]]}}, {"type": "Feature", "properties": {"area_ha": 0.0, "mean": null}, "geometry": {"type": "Polygon", "coordinates": [[[120.58715921584535, 31.452173472000002], [120.58705392084913, 31.452083008], [120.58715921584535, 31.452083008], [120.58715921584535, 31.452173472000002]]]}}, {"type": "Feature", "properties": {"area_ha": 0.0, "mean": null}, "geometry": {"type": "Polygon", "coordinates": [[[120.58736980583775, 31.452083008], [120.58726451084155, 31.451992544], [120.58736980583775, 31.451992544], [120.58736980583775, 31.452083008]]]}}, {"type": "Feature", "properties": {"area_ha": 0.0, "mean": null}, "geometry": {"type": "Polygon", "coordinates": [[[120.58684333085671, 31.45190208], [120.5867380358605, 31.451811616], [120.58684333085671, 31.451811616], [120.58684333085671, 31.45190208]]]}}, {"type": "Feature", "properties": {"area_ha": 0.01, "mean": 0.1397}, "geometry": {"type": "Polygon", "coordinates": [[[120.53630173267628, 31.451992544], [120.53619643768006, 31.451721152], [120.53630173267628, 31.451721152], [120.53630173267628, 31.451992544]]]}}, {"type": "Feature", "properties": {"area_ha": 0.0, "mean": null}, "geometry": {"type": "Polygon", "coordinates": [[[120.58694862585293, 31.451721152], [120.58684333085671, 31.451630688], [120.58694862585293, 31.451630688], [120.58694862585293, 31.451721152]]]}}, {"type": "Feature", "properties": {"area_ha": 0.0, "mean": null}, "geometry": {"type": "Polygon", "coordinates": [[[120.58715921584535, 31.451540224000002], [120.58705392084913, 31.45144976], [120.58715921584535, 31.45144976], [120.58715921584535, 31.451540224000002]]]}}, {"type": "Feature", "properties": {"area_ha": 0.0, "mean": null}, "geometry": {"type": "Polygon", "coordinates": [[[120.53640702767248, 31.451359296], [120.53630173267628, 31.451268832], [120.53640702767248, 31.451268832], [120.53640702767248, 31.451359296]]]}}, {"type": "Feature", "properties": {"area_ha": 0.0, "mean": null}, "geometry": {"type": "Polygon", "coordinates": [[[120.5366176176649, 31.450273728], [120.5365123226687, 31.450183264], [120.5366176176649, 31.450183264], [120.5366176176649, 31.450273728]]]}}, {"type": "Feature", "properties": {"area_ha": 0.0, "mean": null}, "geometry": {"type": "Polygon", "coordinates": [[[120.58747510083397, 31.449821408000002], [120.58736980583775, 31.449730944], [120.58747510083397, 31.449730944], [120.58747510083397, 31.449821408000002]]]}}, {"type": "Feature", "properties": {"area_ha": 0.0, "mean": null}, "geometry": {"type": "Polygon", "coordinates": [[[120.58726451084155, 31.449550016], [120.58715921584535, 31.449459552], [120.58726451084155, 31.449459552], [120.58726451084155, 31.449550016]]]}}, {"type": "Feature", "properties": {"area_ha": 0.0, "mean": null}, "geometry": {"type": "Polygon", "coordinates": [[[120.58715921584535, 31.449369088], [120.58705392084913, 31.449278624], [120.58715921584535, 31.449278624], [120.58715921584535, 31.449369088]]]}}, {"type": "Feature", "properties": {"area_ha": 0.0, "mean": null}, "geometry": {"type": "Polygon", "coordinates": [[[120.58747510083397, 31.448554912], [120.58736980583775, 31.448464448], [120.58747510083397, 31.448464448], [120.58747510083397, 31.448554912]]]}}, {"type": "Feature", "properties": {"area_ha": 0.0, "mean": null}, "geometry": {"type": "Polygon", "coordinates": [[[120.58642215087188, 31.448373984], [120.58631685587567, 31.44828352], [120.58642215087188, 31.44828352], [120.58642215087188, 31.448373984]]]}}, {"type": "Feature", "properties": {"area_ha": 0.0, "mean": null}, "geometry": {"type": "Polygon", "coordinates": [[[120.53767056762699, 31.4478312], [120.53756527263079, 31.447740736], [120.53767056762699, 31.447740736], [120.53767056762699, 31.4478312]]]}}, {"type": "Feature", "properties": {"area_ha": 0.0, "mean": null}, "geometry": {"type": "Polygon", "coordinates": [[[120.5377758626232, 31.447650272], [120.53767056762699, 31.447559808], [120.5377758626232, 31.447559808], [120.5377758626232, 31.447650272]]]}}, {"type": "Feature", "properties": {"area_ha": 0.0, "mean": null}, "geometry": {"type": "Polygon", "coordinates": [[[120.58600097088704, 31.447469344], [120.58589567589082, 31.447378880000002], [120.58600097088704, 31.447378880000002], [120.58600097088704, 31.447469344]]]}}, {"type": "Feature", "properties": {"area_ha": 0.01, "mean": 0.1069}, "geometry": {"type": "Polygon", "coordinates": [[[120.53714409264595, 31.447559808], [120.53703879764974, 31.447288416], [120.53714409264595, 31.447288416], [120.53714409264595, 31.447559808]]]}}, {"type": "Feature", "properties": {"area_ha": 0.0, "mean": null}, "geometry": {"type": "Polygon", "coordinates": [[[120.53788115761941, 31.447288416], [120.5377758626232, 31.447197952], [120.53788115761941, 31.447197952], [120.53788115761941, 31.447288416]]]}}, {"type": "Feature", "properties": {"area_ha": 0.06, "mean": 0.122}, "geometry": {"type": "Polygon", "coordinates": [[[120.56652139658833, 31.447469344], [120.56610021660349, 31.447469344], [120.56588962661107, 31.447197952], [120.56652139658833, 31.447469344]]]}}, {"type": "Feature", "properties": {"area_ha": 0.0, "mean": null}, "geometry": {"type": "Polygon", "coordinates": [[[120.5377758626232, 31.447107488], [120.53767056762699, 31.447017024], [120.5377758626232, 31.447017024], [120.5377758626232, 31.447107488]]]}}, {"type": "Feature", "properties": {"area_ha": 0.0, "mean": null}, "geometry": {"type": "Polygon", "coordinates": [[[120.58642215087188, 31.447107488], [120.58631685587567, 31.447017024], [120.58642215087188, 31.447017024], [120.58642215087188, 31.447107488]]]}}, {"type": "Feature", "properties": {"area_ha": 0.0, "mean": null}, "geometry": {"type": "Polygon", "coordinates": [[[120.58758039583017, 31.447107488], [120.58747510083397, 31.447017024], [120.58758039583017, 31.447017024], [120.58758039583017, 31.447107488]]]}}, {"type": "Feature", "properties": {"area_ha": 0.01, "mean": 0.1128}, "geometry": {"type": "Polygon", "coordinates": [[[120.53724938764216, 31.447107488], [120.53714409264595, 31.446836096000002], [120.53724938764216, 31.446836096000002], [120.53724938764216, 31.447107488]]]}}, {"type": "Feature", "properties": {"area_ha": 0.02, "mean": 0.0893}, "geometry": {"type": "Polygon", "coordinates": [[[120.58652744586809, 31.447017024], [120.58642215087188, 31.446564704], [120.58652744586809, 31.446564704], [120.58652744586809, 31.447017024]]]}}, {"type": "Feature", "properties": {"area_ha": 0.0, "mean": null}, "geometry": {"type": "Polygon", "coordinates": [[[120.5377758626232, 31.446655168], [120.53767056762699, 31.446564704], [120.5377758626232, 31.446564704], [120.5377758626232, 31.446655168]]]}}, {"type": "Feature", "properties": {"area_ha": 0.0, "mean": null}, "geometry": {"type": "Polygon", "coordinates": [[[120.54156648248674, 31.445840992], [120.54146118749053, 31.445750528], [120.54156648248674, 31.445750528], [120.54156648248674, 31.445840992]]]}}, {"type": "Feature", "properties": {"area_ha": 0.0, "mean": null}, "geometry": {"type": "Polygon", "coordinates": [[[120.53935528756634, 31.445660064000002], [120.53924999257013, 31.4455696], [120.53935528756634, 31.4455696], [120.53935528756634, 31.445660064000002]]]}}, {"type": "Feature", "properties": {"area_ha": 0.02, "mean": 0.0902}, "geometry": {"type": "Polygon", "coordinates": [[[120.53756527263079, 31.4455696], [120.53745997763457, 31.44511728], [120.53756527263079, 31.44511728], [120.53756527263079, 31.4455696]]]}}, {"type": "Feature", "properties": {"area_ha": 0.03, "mean": 0.1142}, "geometry": {"type": "Polygon", "coordinates": [[[120.5377758626232, 31.444484032000002], [120.53767056762699, 31.443941248], [120.5377758626232, 31.443941248], [120.5377758626232, 31.444484032000002]]]}}, {"type": "Feature", "properties": {"area_ha": 0.01, "mean": 0.1191}, "geometry": {"type": "Polygon", "coordinates": [[[120.53788115761941, 31.44376032], [120.5377758626232, 31.443488928], [120.53788115761941, 31.443488928], [120.53788115761941, 31.44376032]]]}}, {"type": "Feature", "properties": {"area_ha": 0.01, "mean": 0.1244}, "geometry": {"type": "Polygon", "coordinates": [[[120.53798645261563, 31.443217536], [120.53788115761941, 31.442946144], [120.53798645261563, 31.442946144], [120.53798645261563, 31.443217536]]]}}, {"type": "Feature", "properties": {"area_ha": 0.02, "mean": 0.1168}, "geometry": {"type": "Polygon", "coordinates": [[[120.59031806573162, 31.443036608], [120.5901074757392, 31.443127072], [120.5901074757392, 31.442946144], [120.59031806573162, 31.443036608]]]}}, {"type": "Feature", "properties": {"area_ha": 0.0, "mean": null}, "geometry": {"type": "Polygon", "coordinates": [[[120.5901074757392, 31.442946144], [120.59000218074299, 31.44285568], [120.5901074757392, 31.44285568], [120.5901074757392, 31.442946144]]]}}, {"type": "Feature", "properties": {"area_ha": 0.01, "mean": 0.0721}, "geometry": {"type": "Polygon", "coordinates": [[[120.59063395072025, 31.44285568], [120.59052865572404, 31.442674752000002], [120.59063395072025, 31.442674752000002], [120.59063395072025, 31.44285568]]]}}, {"type": "Feature", "properties": {"area_ha": 0.0, "mean": null}, "geometry": {"type": "Polygon", "coordinates": [[[120.53851292759667, 31.442765216], [120.53840763260045, 31.442674752000002], [120.53851292759667, 31.442674752000002], [120.53851292759667, 31.442765216]]]}}, {"type": "Feature", "properties": {"area_ha": 0.0, "mean": null}, "geometry": {"type": "Polygon", "coordinates": [[[120.59000218074299, 31.442765216], [120.58989688574678, 31.442674752000002], [120.59000218074299, 31.442674752000002], [120.59000218074299, 31.442765216]]]}}, {"type": "Feature", "properties": {"area_ha": 0.01, "mean": 0.0958}, "geometry": {"type": "Polygon", "coordinates": [[[120.59084454071267, 31.442674752000002], [120.59063395072025, 31.442584288], [120.59084454071267, 31.442584288], [120.59084454071267, 31.442674752000002]]]}}, {"type": "Feature", "properties": {"area_ha": 0.01, "mean": 0.0761}, "geometry": {"type": "Polygon", "coordinates": [[[120.53809174761183, 31.442584288], [120.53798645261563, 31.44240336], [120.53809174761183, 31.44240336], [120.53809174761183, 31.442584288]]]}}, {"type": "Feature", "properties": {"area_ha": 0.01, "mean": 0.0723}, "geometry": {"type": "Polygon", "coordinates": [[[120.58989688574678, 31.442584288], [120.58979159075058, 31.442312896], [120.58989688574678, 31.442312896], [120.58989688574678, 31.442584288]]]}}, {"type": "Feature", "properties": {"area_ha": 0.0, "mean": null}, "geometry": {"type": "Polygon", "coordinates": [[[120.53861822259287, 31.442312896], [120.53851292759667, 31.442222432], [120.53861822259287, 31.442222432], [120.53861822259287, 31.442312896]]]}}, {"type": "Feature", "properties": {"area_ha": 0.0, "mean": null}, "geometry": {"type": "Polygon", "coordinates": [[[120.56546844662624, 31.442312896], [120.56536315163002, 31.442222432], [120.56546844662624, 31.442222432], [120.56546844662624, 31.442312896]]]}}, {"type": "Feature", "properties": {"area_ha": 0.0, "mean": null}, "geometry": {"type": "Polygon", "coordinates": [[[120.58979159075058, 31.442312896], [120.58968629575436, 31.442222432], [120.58979159075058, 31.442222432], [120.58979159075058, 31.442312896]]]}}, {"type": "Feature", "properties": {"area_ha": 0.02, "mean": 0.0833}, "geometry": {"type": "Polygon", "coordinates": [[[120.56473138165278, 31.441860576], [120.56452079166036, 31.44195104], [120.56452079166036, 31.441770112], [120.56473138165278, 31.441860576]]]}}, {"type": "Feature", "properties": {"area_ha": 0.0, "mean": null}, "geometry": {"type": "Polygon", "coordinates": [[[120.5888439357847, 31.441679648], [120.58873864078848, 31.441589184], [120.5888439357847, 31.441589184], [120.5888439357847, 31.441679648]]]}}, {"type": "Feature", "properties": {"area_ha": 0.01, "mean": 0.1298}, "geometry": {"type": "Polygon", "coordinates": [[[120.58494802092494, 31.441679648], [120.58484272592874, 31.441498720000002], [120.58494802092494, 31.441498720000002], [120.58494802092494, 31.441679648]]]}}, {"type": "Feature", "properties": {"area_ha": 0.01, "mean": 0.0999}, "geometry": {"type": "Polygon", "coordinates": [[[120.56431020166794, 31.441589184], [120.56420490667172, 31.441408256], [120.56431020166794, 31.441408256], [120.56431020166794, 31.441589184]]]}}, {"type": "Feature", "properties": {"area_ha": 0.0, "mean": null}, "geometry": {"type": "Polygon", "coordinates": [[[120.58663274086429, 31.441498720000002], [120.58652744586809, 31.441408256], [120.58663274086429, 31.441408256], [120.58663274086429, 31.441498720000002]]]}}, {"type": "Feature", "properties": {"area_ha": 0.01, "mean": 0.0706}, "geometry": {"type": "Polygon", "coordinates": [[[120.59368750561032, 31.441498720000002], [120.59337162062168, 31.441408256], [120.59368750561032, 31.441408256], [120.59368750561032, 31.441498720000002]]]}}, {"type": "Feature", "properties": {"area_ha": 0.0, "mean": null}, "geometry": {"type": "Polygon", "coordinates": [[[120.59979461539045, 31.441498720000002], [120.59968932039425, 31.441408256], [120.59979461539045, 31.441408256], [120.59979461539045, 31.441498720000002]]]}}, {"type": "Feature", "properties": {"area_ha": 0.0, "mean": null}, "geometry": {"type": "Polygon", "coordinates": [[[120.54977949219106, 31.441408256], [120.54967419719485, 31.441317792], [120.54977949219106, 31.441317792], [120.54977949219106, 31.441408256]]]}}, {"type": "Feature", "properties": {"area_ha": 0.0, "mean": null}, "geometry": {"type": "Polygon", "coordinates": [[[120.56420490667172, 31.441408256], [120.56399431667931, 31.441227328], [120.56420490667172, 31.441317792], [120.56420490667172, 31.441408256]]]}}, {"type": "Feature", "properties": {"area_ha": 0.0, "mean": null}, "geometry": {"type": "Polygon", "coordinates": [[[120.59505634056103, 31.441317792], [120.59495104556483, 31.441227328], [120.59505634056103, 31.441227328], [120.59505634056103, 31.441317792]]]}}, {"type": "Feature", "properties": {"area_ha": 0.0, "mean": null}, "geometry": {"type": "Polygon", "coordinates": [[[120.59526693055345, 31.441227328], [120.59516163555725, 31.441136864], [120.59526693055345, 31.441136864], [120.59526693055345, 31.441227328]]]}}, {"type": "Feature", "properties": {"area_ha": 0.0, "mean": null}, "geometry": {"type": "Polygon", "coordinates": [[[120.59537222554967, 31.441136864], [120.59526693055345, 31.4410464], [120.59537222554967, 31.4410464], [120.59537222554967, 31.441136864]]]}}, {"type": "Feature", "properties": {"area_ha": 0.0, "mean": null}, "geometry": {"type": "Polygon", "coordinates": [[[120.53840763260045, 31.4410464], [120.53830233760425, 31.440955936], [120.53840763260045, 31.440955936], [120.53840763260045, 31.4410464]]]}}, {"type": "Feature", "properties": {"area_ha": 0.0, "mean": null}, "geometry": {"type": "Polygon", "coordinates": [[[120.59547752054587, 31.4410464], [120.59537222554967, 31.440955936], [120.59547752054587, 31.440955936], [120.59547752054587, 31.4410464]]]}}, {"type": "Feature", "properties": {"area_ha": 0.0, "mean": null}, "geometry": {"type": "Polygon", "coordinates": [[[120.54946360720243, 31.440775008], [120.54935831220622, 31.440684544], [120.54946360720243, 31.440684544], [120.54946360720243, 31.440775008]]]}}, {"type": "Feature", "properties": {"area_ha": 0.0, "mean": null}, "geometry": {"type": "Polygon", "coordinates": [[[120.58452684094011, 31.440775008], [120.5844215459439, 31.440684544], [120.58452684094011, 31.440684544], [120.58452684094011, 31.440775008]]]}}, {"type": "Feature", "properties": {"area_ha": 0.04, "mean": 0.102}, "geometry": {"type": "Polygon", "coordinates": [[[120.59252926065201, 31.440865472], [120.5923186706596, 31.440684544], [120.59273985064443, 31.44059408], [120.59252926065201, 31.440865472]]]}}, {"type": "Feature", "properties": {"area_ha": 0.0, "mean": null}, "geometry": {"type": "Polygon", "coordinates": [[[120.54956890219864, 31.440684544], [120.54946360720243, 31.44059408], [120.54956890219864, 31.44059408], [120.54956890219864, 31.440684544]]]}}, {"type": "Feature", "properties": {"area_ha": 0.0, "mean": null}, "geometry": {"type": "Polygon", "coordinates": [[[120.56346784169826, 31.440684544], [120.56336254670205, 31.44059408], [120.56346784169826, 31.44059408], [120.56346784169826, 31.440684544]]]}}, {"type": "Feature", "properties": {"area_ha": 0.0, "mean": null}, "geometry": {"type": "Polygon", "coordinates": [[[120.60337464526157, 31.440684544], [120.60326935026535, 31.44059408], [120.60337464526157, 31.44059408], [120.60337464526157, 31.440684544]]]}}, {"type": "Feature", "properties": {"area_ha": 0.01, "mean": 0.1298}, "geometry": {"type": "Polygon", "coordinates": [[[120.60632290515542, 31.440684544], [120.606112315163, 31.440503616], [120.60632290515542, 31.440503616], [120.60632290515542, 31.440684544]]]}}, {"type": "Feature", "properties": {"area_ha": 0.0, "mean": null}, "geometry": {"type": "Polygon", "coordinates": [[[120.59000218074299, 31.44059408], [120.58989688574678, 31.440503616], [120.59000218074299, 31.440503616], [120.59000218074299, 31.44059408]]]}}, {"type": "Feature", "properties": {"area_ha": 0.0, "mean": null}, "geometry": {"type": "Polygon", "coordinates": [[[120.59284514564064, 31.44059408], [120.59273985064443, 31.440503616], [120.59284514564064, 31.440503616], [120.59284514564064, 31.44059408]]]}}, {"type": "Feature", "properties": {"area_ha": 0.01, "mean": 0.0892}, "geometry": {"type": "Polygon", "coordinates": [[[120.5912657206975, 31.440684544], [120.59116042570129, 31.440413152], [120.5912657206975, 31.440413152], [120.5912657206975, 31.440684544]]]}}, {"type": "Feature", "properties": {"area_ha": 0.01, "mean": 0.079}, "geometry": {"type": "Polygon", "coordinates": [[[120.60347994025777, 31.44059408], [120.60337464526157, 31.440413152], [120.60347994025777, 31.440413152], [120.60347994025777, 31.44059408]]]}}, {"type": "Feature", "properties": {"area_ha": 0.01, "mean": 0.0979}, "geometry": {"type": "Polygon", "coordinates": [[[120.5923186706596, 31.44059408], [120.59210808066717, 31.44059408], [120.59189749067475, 31.440413152], [120.5923186706596, 31.44059408]]]}}, {"type": "Feature", "properties": {"area_ha": 0.02, "mean": 0.0839}, "geometry": {"type": "Polygon", "coordinates": [[[120.54999008218347, 31.440503616], [120.54988478718727, 31.440322688000002], [120.55009537717969, 31.440322688000002], [120.54999008218347, 31.440503616]]]}}, {"type": "Feature", "properties": {"area_ha": 0.0, "mean": null}, "geometry": {"type": "Polygon", "coordinates": [[[120.5843162509477, 31.440413152], [120.58421095595148, 31.440322688000002], [120.5843162509477, 31.440322688000002], [120.5843162509477, 31.440413152]]]}}, {"type": "Feature", "properties": {"area_ha": 0.0, "mean": null}, "geometry": {"type": "Polygon", "coordinates": [[[120.59179219567855, 31.440413152], [120.59168690068233, 31.440322688000002], [120.59179219567855, 31.440322688000002], [120.59179219567855, 31.440413152]]]}}, {"type": "Feature", "properties": {"area_ha": 0.0, "mean": null}, "geometry": {"type": "Polygon", "coordinates": [[[120.59295044063686, 31.440413152], [120.59284514564064, 31.440322688000002], [120.59295044063686, 31.440322688000002], [120.59295044063686, 31.440413152]]]}}, {"type": "Feature", "properties": {"area_ha": 0.06, "mean": 0.0938}, "geometry": {"type": "Polygon", "coordinates": [[[120.59116042570129, 31.440322688000002], [120.59073924571645, 31.440503616], [120.59073924571645, 31.440232224], [120.59116042570129, 31.440322688000002]]]}}, {"type": "Feature", "properties": {"area_ha": 0.0, "mean": null}, "geometry": {"type": "Polygon", "coordinates": [[[120.55020067217589, 31.440322688000002], [120.55009537717969, 31.440232224], [120.55020067217589, 31.440232224], [120.55020067217589, 31.440322688000002]]]}}, {"type": "Feature", "properties": {"area_ha": 0.0, "mean": null}, "geometry": {"type": "Polygon", "coordinates": [[[120.59316103062928, 31.440322688000002], [120.59305573563306, 31.440232224], [120.59316103062928, 31.440232224], [120.59316103062928, 31.440322688000002]]]}}, {"type": "Feature", "properties": {"area_ha": 0.01, "mean": 0.0993}, "geometry": {"type": "Polygon", "coordinates": [[[120.58526390591358, 31.440322688000002], [120.58515861091736, 31.44014176], [120.58526390591358, 31.44014176], [120.58526390591358, 31.440322688000002]]]}}, {"type": "Feature", "properties": {"area_ha": 0.0, "mean": null}, "geometry": {"type": "Polygon", "coordinates": [[[120.59221337566339, 31.440232224], [120.59210808066717, 31.44014176], [120.59221337566339, 31.44014176], [120.59221337566339, 31.440232224]]]}}, {"type": "Feature", "properties": {"area_ha": 0.01, "mean": 0.1005}, "geometry": {"type": "Polygon", "coordinates": [[[120.59284514564064, 31.440232224], [120.59252926065201, 31.44014176], [120.59284514564064, 31.44014176], [120.59284514564064, 31.440232224]]]}}, {"type": "Feature", "properties": {"area_ha": 0.0, "mean": null}, "geometry": {"type": "Polygon", "coordinates": [[[120.59189749067475, 31.44014176], [120.59179219567855, 31.440051296], [120.59189749067475, 31.440051296], [120.59189749067475, 31.44014176]]]}}, {"type": "Feature", "properties": {"area_ha": 0.0, "mean": null}, "geometry": {"type": "Polygon", "coordinates": [[[120.59210808066717, 31.44014176], [120.59200278567097, 31.440051296], [120.59210808066717, 31.440051296], [120.59210808066717, 31.44014176]]]}}, {"type": "Feature", "properties": {"area_ha": 0.0, "mean": null}, "geometry": {"type": "Polygon", "coordinates": [[[120.59326632562548, 31.44014176], [120.59316103062928, 31.440051296], [120.59326632562548, 31.440051296], [120.59326632562548, 31.44014176]]]}}, {"type": "Feature", "properties": {"area_ha": 0.06, "mean": 0.0909}, "geometry": {"type": "Polygon", "coordinates": [[[120.53861822259287, 31.440232224], [120.53840763260045, 31.44014176], [120.53861822259287, 31.439689440000002], [120.53861822259287, 31.440232224]]]}}, {"type": "Feature", "properties": {"area_ha": 0.01, "mean": 0.094}, "geometry": {"type": "Polygon", "coordinates": [[[120.58473743093253, 31.439779904], [120.58463213593632, 31.439598976], [120.58473743093253, 31.439598976], [120.58473743093253, 31.439779904]]]}}, {"type": "Feature", "properties": {"area_ha": 0.01, "mean": 0.1193}, "geometry": {"type": "Polygon", "coordinates": [[[120.60705997012889, 31.439689440000002], [120.60674408514026, 31.439598976], [120.60705997012889, 31.439598976], [120.60705997012889, 31.439689440000002]]]}}, {"type": "Feature", "properties": {"area_ha": 0.02, "mean": 0.1341}, "geometry": {"type": "Polygon", "coordinates": [[[120.60674408514026, 31.439418048], [120.60663879014405, 31.439508512], [120.60642820015164, 31.439418048], [120.60674408514026, 31.439418048]]]}}, {"type": "Feature", "properties": {"area_ha": 0.02, "mean": 0.1275}, "geometry": {"type": "Polygon", "coordinates": [[[120.60632290515542, 31.439327584], [120.60621761015922, 31.439418048], [120.60590172517058, 31.439327584], [120.60632290515542, 31.439327584]]]}}, {"type": "Feature", "properties": {"area_ha": 0.01, "mean": 0.1024}, "geometry": {"type": "Polygon", "coordinates": [[[120.60579643017438, 31.439327584], [120.60558584018196, 31.43923712], [120.60579643017438, 31.43923712], [120.60579643017438, 31.439327584]]]}}, {"type": "Feature", "properties": {"area_ha": 0.01, "mean": 0.1107}, "geometry": {"type": "Polygon", "coordinates": [[[120.5924239656558, 31.439146656000002], [120.59221337566339, 31.439056192], [120.5924239656558, 31.439056192], [120.5924239656558, 31.439146656000002]]]}}, {"type": "Feature", "properties": {"area_ha": 0.02, "mean": 0.1034}, "geometry": {"type": "Polygon", "coordinates": [[[120.59284514564064, 31.439056192], [120.5924239656558, 31.438965728], [120.59284514564064, 31.438965728], [120.59284514564064, 31.439056192]]]}}, {"type": "Feature", "properties": {"area_ha": 0.01, "mean": 0.0704}, "geometry": {"type": "Polygon", "coordinates": [[[120.60421700523123, 31.439056192], [120.60390112024261, 31.438965728], [120.60421700523123, 31.438965728], [120.60421700523123, 31.439056192]]]}}, {"type": "Feature", "properties": {"area_ha": 0.01, "mean": 0.1393}, "geometry": {"type": "Polygon", "coordinates": [[[120.60474348021229, 31.438965728], [120.60453289021987, 31.438875264], [120.60474348021229, 31.438875264], [120.60474348021229, 31.438965728]]]}}, {"type": "Feature", "properties": {"area_ha": 0.0, "mean": null}, "geometry": {"type": "Polygon", "coordinates": [[[120.6071652651251, 31.438965728], [120.60705997012889, 31.438875264], [120.6071652651251, 31.438875264], [120.6071652651251, 31.438965728]]]}}, {"type": "Feature", "properties": {"area_ha": 0.0, "mean": null}, "geometry": {"type": "Polygon", "coordinates": [[[120.59284514564064, 31.438875264], [120.59273985064443, 31.4387848], [120.59284514564064, 31.4387848], [120.59284514564064, 31.438875264]]]}}, {"type": "Feature", "properties": {"area_ha": 0.01, "mean": 0.1206}, "geometry": {"type": "Polygon", "coordinates": [[[120.60453289021987, 31.438875264], [120.60432230022745, 31.4387848], [120.60453289021987, 31.4387848], [120.60453289021987, 31.438875264]]]}}, {"type": "Feature", "properties": {"area_ha": 0.0, "mean": null}, "geometry": {"type": "Polygon", "coordinates": [[[120.60727056012131, 31.438875264], [120.6071652651251, 31.4387848], [120.60727056012131, 31.4387848], [120.60727056012131, 31.438875264]]]}}, {"type": "Feature", "properties": {"area_ha": 0.01, "mean": 0.1379}, "geometry": {"type": "Polygon", "coordinates": [[[120.60432230022745, 31.4387848], [120.60400641523881, 31.438694336], [120.60432230022745, 31.438694336], [120.60432230022745, 31.4387848]]]}}, {"type": "Feature", "properties": {"area_ha": 0.02, "mean": 0.0918}, "geometry": {"type": "Polygon", "coordinates": [[[120.5923186706596, 31.438965728], [120.59221337566339, 31.438875264], [120.5924239656558, 31.438603872], [120.5923186706596, 31.438965728]]]}}, {"type": "Feature", "properties": {"area_ha": 0.01, "mean": 0.1102}, "geometry": {"type": "Polygon", "coordinates": [[[120.59263455564822, 31.438875264], [120.59252926065201, 31.438603872], [120.59263455564822, 31.438603872], [120.59263455564822, 31.438875264]]]}}, {"type": "Feature", "properties": {"area_ha": 0.0, "mean": null}, "geometry": {"type": "Polygon", "coordinates": [[[120.60390112024261, 31.438694336], [120.60379582524641, 31.438603872], [120.60390112024261, 31.438603872], [120.60390112024261, 31.438694336]]]}}, {"type": "Feature", "properties": {"area_ha": 0.0, "mean": null}, "geometry": {"type": "Polygon", "coordinates": [[[120.60379582524641, 31.438603872], [120.60369053025019, 31.438513408000002], [120.60379582524641, 31.438513408000002], [120.60379582524641, 31.438603872]]]}}, {"type": "Feature", "properties": {"area_ha": 0.13, "mean": 0.1199}, "geometry": {"type": "Polygon", "coordinates": [[[120.60684938013647, 31.438694336], [120.60632290515542, 31.4387848], [120.60621761015922, 31.43833248], [120.60684938013647, 31.438694336]]]}}, {"type": "Feature", "properties": {"area_ha": 0.03, "mean": 0.0963}, "geometry": {"type": "Polygon", "coordinates": [[[120.60390112024261, 31.438151552], [120.60358523525399, 31.438151552], [120.60390112024261, 31.437970624000002], [120.60390112024261, 31.438151552]]]}}, {"type": "Feature", "properties": {"area_ha": 0.03, "mean": 0.0955}, "geometry": {"type": "Polygon", "coordinates": [[[120.60379582524641, 31.437789696], [120.60347994025777, 31.43788016], [120.60358523525399, 31.437699232], [120.60379582524641, 31.437789696]]]}}, {"type": "Feature", "properties": {"area_ha": 0.0, "mean": null}, "geometry": {"type": "Polygon", "coordinates": [[[120.59916284541319, 31.437789696], [120.59905755041699, 31.437699232], [120.59916284541319, 31.437699232], [120.59916284541319, 31.437789696]]]}}, {"type": "Feature", "properties": {"area_ha": 0.04, "mean": 0.0823}, "geometry": {"type": "Polygon", "coordinates": [[[120.60337464526157, 31.43788016], [120.60316405526915, 31.437699232], [120.60347994025777, 31.437518304], [120.60337464526157, 31.43788016]]]}}, {"type": "Feature", "properties": {"area_ha": 0.0, "mean": null}, "geometry": {"type": "Polygon", "coordinates": [[[120.60358523525399, 31.437518304], [120.60347994025777, 31.43742784], [120.60358523525399, 31.43742784], [120.60358523525399, 31.437518304]]]}}, {"type": "Feature", "properties": {"area_ha": 0.01, "mean": 0.1027}, "geometry": {"type": "Polygon", "coordinates": [[[120.60379582524641, 31.43742784], [120.60358523525399, 31.437337376000002], [120.60379582524641, 31.437337376000002], [120.60379582524641, 31.43742784]]]}}, {"type": "Feature", "properties": {"area_ha": 0.31, "mean": 0.0615}, "geometry": {"type": "Polygon", "coordinates": [[[120.6060070201668, 31.437608768], [120.6048487752085, 31.437789696], [120.60569113517816, 31.437156448], [120.6060070201668, 31.437608768]]]}}, {"type": "Feature", "properties": {"area_ha": 0.29, "mean": 0.1482}, "geometry": {"type": "Polygon", "coordinates": [[[120.60474348021229, 31.437970624000002], [120.60390112024261, 31.437337376000002], [120.60442759522365, 31.437065984], [120.60474348021229, 31.437970624000002]]]}}, {"type": "Feature", "properties": {"area_ha": 0.0, "mean": null}, "geometry": {"type": "Polygon", "coordinates": [[[120.60432230022745, 31.437065984], [120.60421700523123, 31.43697552], [120.60432230022745, 31.43697552], [120.60432230022745, 31.437065984]]]}}, {"type": "Feature", "properties": {"area_ha": 0.0, "mean": null}, "geometry": {"type": "Polygon", "coordinates": [[[120.53935528756634, 31.436885056], [120.53924999257013, 31.436794592000002], [120.53935528756634, 31.436794592000002], [120.53935528756634, 31.436885056]]]}}, {"type": "Feature", "properties": {"area_ha": 0.01, "mean": 0.0998}, "geometry": {"type": "Polygon", "coordinates": [[[120.59979461539045, 31.436885056], [120.59968932039425, 31.436704128], [120.59979461539045, 31.436704128], [120.59979461539045, 31.436885056]]]}}, {"type": "Feature", "properties": {"area_ha": 0.0, "mean": null}, "geometry": {"type": "Polygon", "coordinates": [[[120.59947873040183, 31.436794592000002], [120.59937343540561, 31.436704128], [120.59947873040183, 31.436704128], [120.59947873040183, 31.436794592000002]]]}}, {"type": "Feature", "properties": {"area_ha": 0.0, "mean": null}, "geometry": {"type": "Polygon", "coordinates": [[[120.59926814040941, 31.436613664], [120.59916284541319, 31.4365232], [120.59926814040941, 31.4365232], [120.59926814040941, 31.436613664]]]}}, {"type": "Feature", "properties": {"area_ha": 0.0, "mean": null}, "geometry": {"type": "Polygon", "coordinates": [[[120.51597979840788, 31.43561856], [120.51587450341168, 31.435528096], [120.51597979840788, 31.435528096], [120.51597979840788, 31.43561856]]]}}, {"type": "Feature", "properties": {"area_ha": 0.0, "mean": null}, "geometry": {"type": "Polygon", "coordinates": [[[120.51713804336619, 31.43561856], [120.51703274836999, 31.435528096], [120.51713804336619, 31.435528096], [120.51713804336619, 31.43561856]]]}}, {"type": "Feature", "properties": {"area_ha": 0.0, "mean": null}, "geometry": {"type": "Polygon", "coordinates": [[[120.5161903884003, 31.435437632], [120.5160850934041, 31.435347168], [120.5161903884003, 31.435347168], [120.5161903884003, 31.435437632]]]}}, {"type": "Feature", "properties": {"area_ha": 0.02, "mean": 0.0999}, "geometry": {"type": "Polygon", "coordinates": [[[120.59516163555725, 31.435347168], [120.59484575056861, 31.43516624], [120.59516163555725, 31.435256704], [120.59516163555725, 31.435347168]]]}}, {"type": "Feature", "properties": {"area_ha": 0.0, "mean": null}, "geometry": {"type": "Polygon", "coordinates": [[[120.51629568339652, 31.435256704], [120.5161903884003, 31.43516624], [120.51629568339652, 31.43516624], [120.51629568339652, 31.435256704]]]}}, {"type": "Feature", "properties": {"area_ha": 0.0, "mean": null}, "geometry": {"type": "Polygon", "coordinates": [[[120.51640097839272, 31.43516624], [120.51629568339652, 31.435075776], [120.51640097839272, 31.435075776], [120.51640097839272, 31.43516624]]]}}, {"type": "Feature", "properties": {"area_ha": 0.01, "mean": 0.1068}, "geometry": {"type": "Polygon", "coordinates": [[[120.53956587755876, 31.434804384], [120.53946058256255, 31.434623456], [120.53956587755876, 31.434623456], [120.53956587755876, 31.434804384]]]}}, {"type": "Feature", "properties": {"area_ha": 0.01, "mean": 0.0985}, "geometry": {"type": "Polygon", "coordinates": [[[120.51671686338135, 31.434442528], [120.51640097839272, 31.434352064], [120.51671686338135, 31.434352064], [120.51671686338135, 31.434442528]]]}}, {"type": "Feature", "properties": {"area_ha": 0.0, "mean": null}, "geometry": {"type": "Polygon", "coordinates": [[[120.51682215837756, 31.434352064], [120.51671686338135, 31.4342616], [120.51682215837756, 31.4342616], [120.51682215837756, 31.434352064]]]}}, {"type": "Feature", "properties": {"area_ha": 0.0, "mean": null}, "geometry": {"type": "Polygon", "coordinates": [[[120.51692745337377, 31.4342616], [120.51682215837756, 31.434171136], [120.51692745337377, 31.434171136], [120.51692745337377, 31.4342616]]]}}, {"type": "Feature", "properties": {"area_ha": 0.0, "mean": null}, "geometry": {"type": "Polygon", "coordinates": [[[120.51703274836999, 31.434171136], [120.51692745337377, 31.434080672], [120.51703274836999, 31.434080672], [120.51703274836999, 31.434171136]]]}}, {"type": "Feature", "properties": {"area_ha": 0.0, "mean": null}, "geometry": {"type": "Polygon", "coordinates": [[[120.51713804336619, 31.434080672], [120.51703274836999, 31.433990208], [120.51713804336619, 31.433990208], [120.51713804336619, 31.434080672]]]}}, {"type": "Feature", "properties": {"area_ha": 0.01, "mean": 0.0784}, "geometry": {"type": "Polygon", "coordinates": [[[120.51629568339652, 31.434080672], [120.5161903884003, 31.433899744], [120.51629568339652, 31.433899744], [120.51629568339652, 31.434080672]]]}}, {"type": "Feature", "properties": {"area_ha": 0.0, "mean": null}, "geometry": {"type": "Polygon", "coordinates": [[[120.5172433383624, 31.433990208], [120.51713804336619, 31.433899744], [120.5172433383624, 31.433899744], [120.5172433383624, 31.433990208]]]}}, {"type": "Feature", "properties": {"area_ha": 0.0, "mean": null}, "geometry": {"type": "Polygon", "coordinates": [[[120.51640097839272, 31.433899744], [120.51629568339652, 31.433809280000002], [120.51640097839272, 31.433809280000002], [120.51640097839272, 31.433899744]]]}}, {"type": "Feature", "properties": {"area_ha": 0.0, "mean": null}, "geometry": {"type": "Polygon", "coordinates": [[[120.51650627338894, 31.433809280000002], [120.51640097839272, 31.433718816], [120.51650627338894, 31.433718816], [120.51650627338894, 31.433809280000002]]]}}, {"type": "Feature", "properties": {"area_ha": 0.0, "mean": null}, "geometry": {"type": "Polygon", "coordinates": [[[120.51755922335103, 31.43290464], [120.51745392835483, 31.432814176], [120.51755922335103, 31.432814176], [120.51755922335103, 31.43290464]]]}}, {"type": "Feature", "properties": {"area_ha": 0.0, "mean": null}, "geometry": {"type": "Polygon", "coordinates": [[[120.5398817625474, 31.432633248000002], [120.53977646755118, 31.432542784], [120.5398817625474, 31.432542784], [120.5398817625474, 31.432633248000002]]]}}, {"type": "Feature", "properties": {"area_ha": 0.0, "mean": null}, "geometry": {"type": "Polygon", "coordinates": [[[120.51892805830175, 31.43245232], [120.51882276330554, 31.432361856], [120.51892805830175, 31.432361856], [120.51892805830175, 31.43245232]]]}}, {"type": "Feature", "properties": {"area_ha": 0.01, "mean": 0.0979}, "geometry": {"type": "Polygon", "coordinates": [[[120.51913864829417, 31.432361856], [120.51892805830175, 31.432271392], [120.51913864829417, 31.432271392], [120.51913864829417, 31.432361856]]]}}, {"type": "Feature", "properties": {"area_ha": 0.0, "mean": null}, "geometry": {"type": "Polygon", "coordinates": [[[120.5194545332828, 31.432271392], [120.51934923828658, 31.432180928], [120.5194545332828, 31.432180928], [120.5194545332828, 31.432271392]]]}}, {"type": "Feature", "properties": {"area_ha": 0.01, "mean": 0.0997}, "geometry": {"type": "Polygon", "coordinates": [[[120.5400923525398, 31.432000000000002], [120.5399870575436, 31.431728608], [120.5400923525398, 31.431728608], [120.5400923525398, 31.432000000000002]]]}}, {"type": "Feature", "properties": {"area_ha": 0.01, "mean": 0.0859}, "geometry": {"type": "Polygon", "coordinates": [[[120.59442457058378, 31.431819072], [120.59421398059136, 31.431728608], [120.59442457058378, 31.431728608], [120.59442457058378, 31.431819072]]]}}, {"type": "Feature", "properties": {"area_ha": 0.02, "mean": 0.0926}, "geometry": {"type": "Polygon", "coordinates": [[[120.51776981334345, 31.431638144], [120.51755922335103, 31.43154768], [120.51776981334345, 31.431457216000002], [120.51776981334345, 31.431638144]]]}}, {"type": "Feature", "properties": {"area_ha": 0.0, "mean": null}, "geometry": {"type": "Polygon", "coordinates": [[[120.51776981334345, 31.431185824], [120.51766451834723, 31.43109536], [120.51776981334345, 31.43109536], [120.51776981334345, 31.431185824]]]}}, {"type": "Feature", "properties": {"area_ha": 0.01, "mean": 0.0695}, "geometry": {"type": "Polygon", "coordinates": [[[120.57894620614103, 31.430914432], [120.5787356161486, 31.430823968000002], [120.57894620614103, 31.430823968000002], [120.57894620614103, 31.430914432]]]}}, {"type": "Feature", "properties": {"area_ha": 0.0, "mean": null}, "geometry": {"type": "Polygon", "coordinates": [[[120.52019159825626, 31.430733504], [120.52008630326004, 31.43064304], [120.52019159825626, 31.43064304], [120.52019159825626, 31.430733504]]]}}, {"type": "Feature", "properties": {"area_ha": 0.0, "mean": null}, "geometry": {"type": "Polygon", "coordinates": [[[120.51798040333587, 31.43064304], [120.51787510833965, 31.430552576], [120.51798040333587, 31.430552576], [120.51798040333587, 31.43064304]]]}}, {"type": "Feature", "properties": {"area_ha": 0.01, "mean": 0.0842}, "geometry": {"type": "Polygon", "coordinates": [[[120.54862124723276, 31.430281184000002], [120.54851595223654, 31.430100256], [120.54862124723276, 31.430100256], [120.54862124723276, 31.430281184000002]]]}}, {"type": "Feature", "properties": {"area_ha": 0.01, "mean": 0.07}, "geometry": {"type": "Polygon", "coordinates": [[[120.57863032115239, 31.430281184000002], [120.57852502615619, 31.430009792], [120.57863032115239, 31.430009792], [120.57863032115239, 31.430281184000002]]]}}, {"type": "Feature", "properties": {"area_ha": 0.0, "mean": null}, "geometry": {"type": "Polygon", "coordinates": [[[120.58736980583775, 31.429919328], [120.58726451084155, 31.429828864], [120.58736980583775, 31.429828864], [120.58736980583775, 31.429919328]]]}}, {"type": "Feature", "properties": {"area_ha": 0.0, "mean": null}, "geometry": {"type": "Polygon", "coordinates": [[[120.57852502615619, 31.429828864], [120.57841973115997, 31.4297384], [120.57852502615619, 31.4297384], [120.57852502615619, 31.429828864]]]}}, {"type": "Feature", "properties": {"area_ha": 0.0, "mean": null}, "geometry": {"type": "Polygon", "coordinates": [[[120.52029689325246, 31.429647936000002], [120.52019159825626, 31.429557472], [120.52029689325246, 31.429557472], [120.52029689325246, 31.429647936000002]]]}}, {"type": "Feature", "properties": {"area_ha": 0.0, "mean": null}, "geometry": {"type": "Polygon", "coordinates": [[[120.57831443616377, 31.429647936000002], [120.57820914116755, 31.429557472], [120.57831443616377, 31.429557472], [120.57831443616377, 31.429647936000002]]]}}, {"type": "Feature", "properties": {"area_ha": 0.0, "mean": null}, "geometry": {"type": "Polygon", "coordinates": [[[120.52040218824868, 31.429376544], [120.52029689325246, 31.42928608], [120.52040218824868, 31.42928608], [120.52040218824868, 31.429376544]]]}}, {"type": "Feature", "properties": {"area_ha": 0.0, "mean": null}, "geometry": {"type": "Polygon", "coordinates": [[[120.52050748324488, 31.42928608], [120.52040218824868, 31.429195616], [120.52050748324488, 31.429195616], [120.52050748324488, 31.42928608]]]}}, {"type": "Feature", "properties": {"area_ha": 0.08, "mean": 0.1122}, "geometry": {"type": "Polygon", "coordinates": [[[120.51861217331312, 31.429467008], [120.51819099332829, 31.429557472], [120.51850687831691, 31.429105152], [120.51861217331312, 31.429467008]]]}}, {"type": "Feature", "properties": {"area_ha": 0.01, "mean": 0.0729}, "geometry": {"type": "Polygon", "coordinates": [[[120.57810384617135, 31.429014688], [120.57799855117514, 31.42883376], [120.57810384617135, 31.42883376], [120.57810384617135, 31.429014688]]]}}, {"type": "Feature", "properties": {"area_ha": 0.0, "mean": null}, "geometry": {"type": "Polygon", "coordinates": [[[120.52082336823351, 31.428924224], [120.5207180732373, 31.42883376], [120.52082336823351, 31.42883376], [120.52082336823351, 31.428924224]]]}}, {"type": "Feature", "properties": {"area_ha": 0.0, "mean": null}, "geometry": {"type": "Polygon", "coordinates": [[[120.57799855117514, 31.42883376], [120.57789325617892, 31.428743296], [120.57799855117514, 31.428743296], [120.57799855117514, 31.42883376]]]}}, {"type": "Feature", "properties": {"area_ha": 0.01, "mean": 0.0868}, "geometry": {"type": "Polygon", "coordinates": [[[120.59505634056103, 31.42883376], [120.59484575056861, 31.428743296], [120.59505634056103, 31.428743296], [120.59505634056103, 31.42883376]]]}}, {"type": "Feature", "properties": {"area_ha": 0.03, "mean": 0.12}, "geometry": {"type": "Polygon", "coordinates": [[[120.51903335329796, 31.429195616], [120.51861217331312, 31.428652832], [120.51871746830933, 31.428652832], [120.51903335329796, 31.429195616]]]}}, {"type": "Feature", "properties": {"area_ha": 0.0, "mean": null}, "geometry": {"type": "Polygon", "coordinates": [[[120.51892805830175, 31.428652832], [120.51882276330554, 31.428562368], [120.51892805830175, 31.428562368], [120.51892805830175, 31.428652832]]]}}, {"type": "Feature", "properties": {"area_ha": 0.0, "mean": null}, "geometry": {"type": "Polygon", "coordinates": [[[120.58810687081123, 31.428562368], [120.58800157581501, 31.428471904000002], [120.58810687081123, 31.428471904000002], [120.58810687081123, 31.428562368]]]}}, {"type": "Feature", "properties": {"area_ha": 0.0, "mean": null}, "geometry": {"type": "Polygon", "coordinates": [[[120.58852805079606, 31.428562368], [120.58842275579985, 31.428471904000002], [120.58852805079606, 31.428471904000002], [120.58852805079606, 31.428562368]]]}}, {"type": "Feature", "properties": {"area_ha": 0.0, "mean": null}, "geometry": {"type": "Polygon", "coordinates": [[[120.59505634056103, 31.428562368], [120.59495104556483, 31.428471904000002], [120.59505634056103, 31.428471904000002], [120.59505634056103, 31.428562368]]]}}, {"type": "Feature", "properties": {"area_ha": 0.0, "mean": null}, "geometry": {"type": "Polygon", "coordinates": [[[120.51903335329796, 31.428471904000002], [120.51892805830175, 31.42838144], [120.51903335329796, 31.42838144], [120.51903335329796, 31.428471904000002]]]}}, {"type": "Feature", "properties": {"area_ha": 0.0, "mean": null}, "geometry": {"type": "Polygon", "coordinates": [[[120.59495104556483, 31.428471904000002], [120.59484575056861, 31.42838144], [120.59495104556483, 31.42838144], [120.59495104556483, 31.428471904000002]]]}}, {"type": "Feature", "properties": {"area_ha": 0.01, "mean": 0.0761}, "geometry": {"type": "Polygon", "coordinates": [[[120.59495104556483, 31.428290976], [120.59484575056861, 31.428110048], [120.59495104556483, 31.428110048], [120.59495104556483, 31.428290976]]]}}, {"type": "Feature", "properties": {"area_ha": 0.0, "mean": null}, "geometry": {"type": "Polygon", "coordinates": [[[120.51913864829417, 31.428200512], [120.51903335329796, 31.428110048], [120.51913864829417, 31.428110048], [120.51913864829417, 31.428200512]]]}}, {"type": "Feature", "properties": {"area_ha": 0.0, "mean": null}, "geometry": {"type": "Polygon", "coordinates": [[[120.5207180732373, 31.428200512], [120.5206127782411, 31.428110048], [120.5207180732373, 31.428110048], [120.5207180732373, 31.428200512]]]}}, {"type": "Feature", "properties": {"area_ha": 0.0, "mean": null}, "geometry": {"type": "Polygon", "coordinates": [[[120.59484575056861, 31.428110048], [120.5947404555724, 31.428019584], [120.59484575056861, 31.428019584], [120.59484575056861, 31.428110048]]]}}, {"type": "Feature", "properties": {"area_ha": 0.0, "mean": null}, "geometry": {"type": "Polygon", "coordinates": [[[120.51924394329038, 31.428019584], [120.51913864829417, 31.42792912], [120.51924394329038, 31.42792912], [120.51924394329038, 31.428019584]]]}}, {"type": "Feature", "properties": {"area_ha": 0.0, "mean": null}, "geometry": {"type": "Polygon", "coordinates": [[[120.5207180732373, 31.428019584], [120.5206127782411, 31.42792912], [120.5207180732373, 31.42792912], [120.5207180732373, 31.428019584]]]}}, {"type": "Feature", "properties": {"area_ha": 0.0, "mean": null}, "geometry": {"type": "Polygon", "coordinates": [[[120.5947404555724, 31.428019584], [120.5946351605762, 31.42792912], [120.5947404555724, 31.42792912], [120.5947404555724, 31.428019584]]]}}, {"type": "Feature", "properties": {"area_ha": 0.0, "mean": null}, "geometry": {"type": "Polygon", "coordinates": [[[120.51829628832449, 31.42792912], [120.51819099332829, 31.427838656], [120.51829628832449, 31.427838656], [120.51829628832449, 31.42792912]]]}}, {"type": "Feature", "properties": {"area_ha": 0.0, "mean": null}, "geometry": {"type": "Polygon", "coordinates": [[[120.5946351605762, 31.42792912], [120.59442457058378, 31.427748192], [120.5946351605762, 31.427838656], [120.5946351605762, 31.42792912]]]}}, {"type": "Feature", "properties": {"area_ha": 0.0, "mean": null}, "geometry": {"type": "Polygon", "coordinates": [[[120.52092866322972, 31.427838656], [120.52082336823351, 31.427748192], [120.52092866322972, 31.427748192], [120.52092866322972, 31.427838656]]]}}, {"type": "Feature", "properties": {"area_ha": 0.0, "mean": null}, "geometry": {"type": "Polygon", "coordinates": [[[120.52208690818803, 31.427838656], [120.52198161319181, 31.427748192], [120.52208690818803, 31.427748192], [120.52208690818803, 31.427838656]]]}}, {"type": "Feature", "properties": {"area_ha": 0.04, "mean": 0.08}, "geometry": {"type": "Polygon", "coordinates": [[[120.52134984321457, 31.427748192], [120.52092866322972, 31.427657728], [120.52134984321457, 31.427567264], [120.52134984321457, 31.427748192]]]}}, {"type": "Feature", "properties": {"area_ha": 0.01, "mean": 0.0815}, "geometry": {"type": "Polygon", "coordinates": [[[120.59442457058378, 31.427748192], [120.59431927558757, 31.427567264], [120.59442457058378, 31.427567264], [120.59442457058378, 31.427748192]]]}}, {"type": "Feature", "properties": {"area_ha": 0.0, "mean": null}, "geometry": {"type": "Polygon", "coordinates": [[[120.59431927558757, 31.427567264], [120.59421398059136, 31.4274768], [120.59431927558757, 31.4274768], [120.59431927558757, 31.427567264]]]}}, {"type": "Feature", "properties": {"area_ha": 0.01, "mean": 0.0712}, "geometry": {"type": "Polygon", "coordinates": [[[120.6071652651251, 31.427567264], [120.60684938013647, 31.4274768], [120.6071652651251, 31.4274768], [120.6071652651251, 31.427567264]]]}}, {"type": "Feature", "properties": {"area_ha": 0.04, "mean": 0.1163}, "geometry": {"type": "Polygon", "coordinates": [[[120.52198161319181, 31.427748192], [120.52177102319939, 31.427386336], [120.52208690818803, 31.427567264], [120.52198161319181, 31.427748192]]]}}, {"type": "Feature", "properties": {"area_ha": 0.01, "mean": 0.1537}, "geometry": {"type": "Polygon", "coordinates": [[[120.54051353252464, 31.427657728], [120.54040823752844, 31.427386336], [120.54051353252464, 31.427386336], [120.54051353252464, 31.427657728]]]}}, {"type": "Feature", "properties": {"area_ha": 0.02, "mean": 0.088}, "geometry": {"type": "Polygon", "coordinates": [[[120.60621761015922, 31.427567264], [120.606112315163, 31.427386336], [120.60632290515542, 31.427386336], [120.60621761015922, 31.427567264]]]}}, {"type": "Feature", "properties": {"area_ha": 0.0, "mean": null}, "geometry": {"type": "Polygon", "coordinates": [[[120.519559828279, 31.4274768], [120.5194545332828, 31.427386336], [120.519559828279, 31.427386336], [120.519559828279, 31.4274768]]]}}, {"type": "Feature", "properties": {"area_ha": 0.0, "mean": null}, "geometry": {"type": "Polygon", "coordinates": [[[120.59421398059136, 31.4274768], [120.59410868559515, 31.427386336], [120.59421398059136, 31.427386336], [120.59421398059136, 31.4274768]]]}}, {"type": "Feature", "properties": {"area_ha": 0.0, "mean": null}, "geometry": {"type": "Polygon", "coordinates": [[[120.60674408514026, 31.4274768], [120.60663879014405, 31.427386336], [120.60674408514026, 31.427386336], [120.60674408514026, 31.4274768]]]}}, {"type": "Feature", "properties": {"area_ha": 0.01, "mean": 0.0756}, "geometry": {"type": "Polygon", "coordinates": [[[120.60748115011373, 31.4274768], [120.60727056012131, 31.427386336], [120.60748115011373, 31.427386336], [120.60748115011373, 31.4274768]]]}}, {"type": "Feature", "properties": {"area_ha": 0.0, "mean": null}, "geometry": {"type": "Polygon", "coordinates": [[[120.51966512327522, 31.427386336], [120.519559828279, 31.427295872000002], [120.51966512327522, 31.427295872000002], [120.51966512327522, 31.427386336]]]}}, {"type": "Feature", "properties": {"area_ha": 0.0, "mean": null}, "geometry": {"type": "Polygon", "coordinates": [[[120.60758644510993, 31.427386336], [120.60748115011373, 31.427295872000002], [120.60758644510993, 31.427295872000002], [120.60758644510993, 31.427386336]]]}}, {"type": "Feature", "properties": {"area_ha": 0.0, "mean": null}, "geometry": {"type": "Polygon", "coordinates": [[[120.52324515314633, 31.427295872000002], [120.52313985815012, 31.427205408], [120.52324515314633, 31.427205408], [120.52324515314633, 31.427295872000002]]]}}, {"type": "Feature", "properties": {"area_ha": 0.0, "mean": null}, "geometry": {"type": "Polygon", "coordinates": [[[120.59410868559515, 31.427295872000002], [120.59400339059894, 31.427205408], [120.59410868559515, 31.427205408], [120.59410868559515, 31.427295872000002]]]}}, {"type": "Feature", "properties": {"area_ha": 0.0, "mean": null}, "geometry": {"type": "Polygon", "coordinates": [[[120.60790233009857, 31.427295872000002], [120.60779703510235, 31.427205408], [120.60790233009857, 31.427205408], [120.60790233009857, 31.427295872000002]]]}}, {"type": "Feature", "properties": {"area_ha": 0.01, "mean": 0.0914}, "geometry": {"type": "Polygon", "coordinates": [[[120.6083235100834, 31.427295872000002], [120.60800762509477, 31.427205408], [120.6083235100834, 31.427205408], [120.6083235100834, 31.427295872000002]]]}}, {"type": "Feature", "properties": {"area_ha": 0.0, "mean": null}, "geometry": {"type": "Polygon", "coordinates": [[[120.54061882752086, 31.427205408], [120.54051353252464, 31.427114944], [120.54061882752086, 31.427114944], [120.54061882752086, 31.427205408]]]}}, {"type": "Feature", "properties": {"area_ha": 0.01, "mean": 0.0916}, "geometry": {"type": "Polygon", "coordinates": [[[120.59400339059894, 31.427205408], [120.59389809560274, 31.42702448], [120.59400339059894, 31.42702448], [120.59400339059894, 31.427205408]]]}}, {"type": "Feature", "properties": {"area_ha": 0.0, "mean": null}, "geometry": {"type": "Polygon", "coordinates": [[[120.51829628832449, 31.427114944], [120.51819099332829, 31.42702448], [120.51829628832449, 31.42702448], [120.51829628832449, 31.427114944]]]}}, {"type": "Feature", "properties": {"area_ha": 0.0, "mean": null}, "geometry": {"type": "Polygon", "coordinates": [[[120.52092866322972, 31.427114944], [120.52082336823351, 31.42702448], [120.52092866322972, 31.42702448], [120.52092866322972, 31.427114944]]]}}, {"type": "Feature", "properties": {"area_ha": 0.0, "mean": null}, "geometry": {"type": "Polygon", "coordinates": [[[120.5902127707354, 31.427114944], [120.5901074757392, 31.42702448], [120.5902127707354, 31.42702448], [120.5902127707354, 31.427114944]]]}}, {"type": "Feature", "properties": {"area_ha": 0.0, "mean": null}, "geometry": {"type": "Polygon", "coordinates": [[[120.59452986557999, 31.427114944], [120.59442457058378, 31.42702448], [120.59452986557999, 31.42702448], [120.59452986557999, 31.427114944]]]}}, {"type": "Feature", "properties": {"area_ha": 0.0, "mean": null}, "geometry": {"type": "Polygon", "coordinates": [[[120.59389809560274, 31.42702448], [120.59379280060652, 31.426934016], [120.59389809560274, 31.426934016], [120.59389809560274, 31.42702448]]]}}, {"type": "Feature", "properties": {"area_ha": 0.0, "mean": null}, "geometry": {"type": "Polygon", "coordinates": [[[120.59442457058378, 31.42702448], [120.59431927558757, 31.426934016], [120.59442457058378, 31.426934016], [120.59442457058378, 31.42702448]]]}}, {"type": "Feature", "properties": {"area_ha": 0.01, "mean": 0.0972}, "geometry": {"type": "Polygon", "coordinates": [[[120.54072412251706, 31.42702448], [120.54061882752086, 31.426843552], [120.54072412251706, 31.426843552], [120.54072412251706, 31.42702448]]]}}, {"type": "Feature", "properties": {"area_ha": 0.0, "mean": null}, "geometry": {"type": "Polygon", "coordinates": [[[120.51776981334345, 31.426934016], [120.51766451834723, 31.426843552], [120.51776981334345, 31.426843552], [120.51776981334345, 31.426934016]]]}}, {"type": "Feature", "properties": {"area_ha": 0.0, "mean": null}, "geometry": {"type": "Polygon", "coordinates": [[[120.59379280060652, 31.426934016], [120.59368750561032, 31.426843552], [120.59379280060652, 31.426843552], [120.59379280060652, 31.426934016]]]}}, {"type": "Feature", "properties": {"area_ha": 0.0, "mean": null}, "geometry": {"type": "Polygon", "coordinates": [[[120.59431927558757, 31.426934016], [120.59421398059136, 31.426843552], [120.59431927558757, 31.426843552], [120.59431927558757, 31.426934016]]]}}, {"type": "Feature", "properties": {"area_ha": 0.0, "mean": null}, "geometry": {"type": "Polygon", "coordinates": [[[120.5184015833207, 31.426843552], [120.51829628832449, 31.426753088], [120.5184015833207, 31.426753088], [120.5184015833207, 31.426843552]]]}}, {"type": "Feature", "properties": {"area_ha": 0.01, "mean": 0.1243}, "geometry": {"type": "Polygon", "coordinates": [[[120.58947570576194, 31.426843552], [120.58937041076574, 31.426662624], [120.58947570576194, 31.426662624], [120.58947570576194, 31.426843552]]]}}, {"type": "Feature", "properties": {"area_ha": 0.0, "mean": null}, "geometry": {"type": "Polygon", "coordinates": [[[120.51850687831691, 31.426753088], [120.5184015833207, 31.426662624], [120.51850687831691, 31.426662624], [120.51850687831691, 31.426753088]]]}}, {"type": "Feature", "properties": {"area_ha": 0.0, "mean": null}, "geometry": {"type": "Polygon", "coordinates": [[[120.59368750561032, 31.426753088], [120.5935822106141, 31.426662624], [120.59368750561032, 31.426662624], [120.59368750561032, 31.426753088]]]}}, {"type": "Feature", "properties": {"area_ha": 0.0, "mean": null}, "geometry": {"type": "Polygon", "coordinates": [[[120.51819099332829, 31.426662624], [120.51808569833207, 31.42657216], [120.51819099332829, 31.42657216], [120.51819099332829, 31.426662624]]]}}, {"type": "Feature", "properties": {"area_ha": 0.0, "mean": null}, "geometry": {"type": "Polygon", "coordinates": [[[120.5935822106141, 31.426662624], [120.5934769156179, 31.42657216], [120.5935822106141, 31.42657216], [120.5935822106141, 31.426662624]]]}}, {"type": "Feature", "properties": {"area_ha": 0.01, "mean": 0.1009}, "geometry": {"type": "Polygon", "coordinates": [[[120.5934769156179, 31.42657216], [120.59326632562548, 31.426481696], [120.5934769156179, 31.426481696], [120.5934769156179, 31.42657216]]]}}, {"type": "Feature", "properties": {"area_ha": 0.0, "mean": null}, "geometry": {"type": "Polygon", "coordinates": [[[120.51829628832449, 31.426481696], [120.51819099332829, 31.426391232], [120.51829628832449, 31.426391232], [120.51829628832449, 31.426481696]]]}}, {"type": "Feature", "properties": {"area_ha": 0.0, "mean": null}, "geometry": {"type": "Polygon", "coordinates": [[[120.5411453025019, 31.426481696], [120.54104000750569, 31.426391232], [120.5411453025019, 31.426391232], [120.5411453025019, 31.426481696]]]}}, {"type": "Feature", "properties": {"area_ha": 0.0, "mean": null}, "geometry": {"type": "Polygon", "coordinates": [[[120.51861217331312, 31.426391232], [120.51850687831691, 31.426300768], [120.51861217331312, 31.426300768], [120.51861217331312, 31.426391232]]]}}, {"type": "Feature", "properties": {"area_ha": 0.0, "mean": null}, "geometry": {"type": "Polygon", "coordinates": [[[120.58831746080364, 31.426391232], [120.58821216580743, 31.426300768], [120.58831746080364, 31.426300768], [120.58831746080364, 31.426391232]]]}}, {"type": "Feature", "properties": {"area_ha": 0.0, "mean": null}, "geometry": {"type": "Polygon", "coordinates": [[[120.51850687831691, 31.426300768], [120.5184015833207, 31.426210304], [120.51850687831691, 31.426210304], [120.51850687831691, 31.426300768]]]}}, {"type": "Feature", "properties": {"area_ha": 0.0, "mean": null}, "geometry": {"type": "Polygon", "coordinates": [[[120.58842275579985, 31.426300768], [120.58831746080364, 31.426210304], [120.58842275579985, 31.426210304], [120.58842275579985, 31.426300768]]]}}, {"type": "Feature", "properties": {"area_ha": 0.0, "mean": null}, "geometry": {"type": "Polygon", "coordinates": [[[120.5411453025019, 31.426119840000002], [120.54104000750569, 31.426029376], [120.5411453025019, 31.426029376], [120.5411453025019, 31.426119840000002]]]}}, {"type": "Feature", "properties": {"area_ha": 0.0, "mean": null}, "geometry": {"type": "Polygon", "coordinates": [[[120.60042638536771, 31.426119840000002], [120.6003210903715, 31.426029376], [120.60042638536771, 31.426029376], [120.60042638536771, 31.426119840000002]]]}}, {"type": "Feature", "properties": {"area_ha": 0.0, "mean": null}, "geometry": {"type": "Polygon", "coordinates": [[[120.53029991789235, 31.426029376], [120.53019462289613, 31.425938912], [120.53029991789235, 31.425938912], [120.53029991789235, 31.426029376]]]}}, {"type": "Feature", "properties": {"area_ha": 0.0, "mean": null}, "geometry": {"type": "Polygon", "coordinates": [[[120.53019462289613, 31.425938912], [120.53008932789993, 31.425848448], [120.53019462289613, 31.425848448], [120.53019462289613, 31.425938912]]]}}, {"type": "Feature", "properties": {"area_ha": 0.0, "mean": null}, "geometry": {"type": "Polygon", "coordinates": [[[120.52998403290371, 31.425848448], [120.52987873790751, 31.425757984], [120.52998403290371, 31.425757984], [120.52998403290371, 31.425848448]]]}}, {"type": "Feature", "properties": {"area_ha": 0.0, "mean": null}, "geometry": {"type": "Polygon", "coordinates": [[[120.59484575056861, 31.425757984], [120.5947404555724, 31.42566752], [120.59484575056861, 31.42566752], [120.59484575056861, 31.425757984]]]}}, {"type": "Feature", "properties": {"area_ha": 0.0, "mean": null}, "geometry": {"type": "Polygon", "coordinates": [[[120.59442457058378, 31.42566752], [120.59431927558757, 31.425577056], [120.59442457058378, 31.425577056], [120.59442457058378, 31.42566752]]]}}, {"type": "Feature", "properties": {"area_ha": 0.01, "mean": 0.0969}, "geometry": {"type": "Polygon", "coordinates": [[[120.59452986557999, 31.425577056], [120.59442457058378, 31.425396128], [120.59452986557999, 31.425396128], [120.59452986557999, 31.425577056]]]}}, {"type": "Feature", "properties": {"area_ha": 0.01, "mean": 0.0901}, "geometry": {"type": "Polygon", "coordinates": [[[120.5946351605762, 31.425396128], [120.59452986557999, 31.4252152], [120.5946351605762, 31.4252152], [120.5946351605762, 31.425396128]]]}}, {"type": "Feature", "properties": {"area_ha": 0.04, "mean": 0.0839}, "geometry": {"type": "Polygon", "coordinates": [[[120.60695467513268, 31.425305664], [120.606112315163, 31.4252152], [120.60695467513268, 31.4252152], [120.60695467513268, 31.425305664]]]}}, {"type": "Feature", "properties": {"area_ha": 0.0, "mean": null}, "geometry": {"type": "Polygon", "coordinates": [[[120.54072412251706, 31.4252152], [120.54061882752086, 31.425124736], [120.54072412251706, 31.425124736], [120.54072412251706, 31.4252152]]]}}, {"type": "Feature", "properties": {"area_ha": 0.0, "mean": null}, "geometry": {"type": "Polygon", "coordinates": [[[120.58484272592874, 31.4252152], [120.58473743093253, 31.425124736], [120.58484272592874, 31.425124736], [120.58484272592874, 31.4252152]]]}}, {"type": "Feature", "properties": {"area_ha": 0.0, "mean": null}, "geometry": {"type": "Polygon", "coordinates": [[[120.606112315163, 31.4252152], [120.6060070201668, 31.425124736], [120.606112315163, 31.425124736], [120.606112315163, 31.4252152]]]}}, {"type": "Feature", "properties": {"area_ha": 0.01, "mean": 0.1146}, "geometry": {"type": "Polygon", "coordinates": [[[120.60853410007581, 31.4252152], [120.6083235100834, 31.425124736], [120.60853410007581, 31.425124736], [120.60853410007581, 31.4252152]]]}}, {"type": "Feature", "properties": {"area_ha": 0.03, "mean": 0.1031}, "geometry": {"type": "Polygon", "coordinates": [[[120.59495104556483, 31.42566752], [120.59484575056861, 31.425034272], [120.59495104556483, 31.425034272], [120.59495104556483, 31.42566752]]]}}, {"type": "Feature", "properties": {"area_ha": 0.01, "mean": 0.1285}, "geometry": {"type": "Polygon", "coordinates": [[[120.53588055269144, 31.425124736], [120.53556466770281, 31.425034272], [120.53588055269144, 31.425034272], [120.53588055269144, 31.425124736]]]}}, {"type": "Feature", "properties": {"area_ha": 0.0, "mean": null}, "geometry": {"type": "Polygon", "coordinates": [[[120.53630173267628, 31.425124736], [120.53619643768006, 31.425034272], [120.53630173267628, 31.425034272], [120.53630173267628, 31.425124736]]]}}, {"type": "Feature", "properties": {"area_ha": 0.0, "mean": null}, "geometry": {"type": "Polygon", "coordinates": [[[120.58473743093253, 31.425124736], [120.58463213593632, 31.425034272], [120.58473743093253, 31.425034272], [120.58473743093253, 31.425124736]]]}}, {"type": "Feature", "properties": {"area_ha": 0.0, "mean": null}, "geometry": {"type": "Polygon", "coordinates": [[[120.59452986557999, 31.425124736], [120.59442457058378, 31.425034272], [120.59452986557999, 31.425034272], [120.59452986557999, 31.425124736]]]}}, {"type": "Feature", "properties": {"area_ha": 0.0, "mean": null}, "geometry": {"type": "Polygon", "coordinates": [[[120.60821821508719, 31.425124736], [120.60811292009099, 31.425034272], [120.60821821508719, 31.425034272], [120.60821821508719, 31.425124736]]]}}, {"type": "Feature", "properties": {"area_ha": 0.08, "mean": 0.077}, "geometry": {"type": "Polygon", "coordinates": [[[120.60569113517816, 31.4252152], [120.60505936520092, 31.425034272], [120.6060070201668, 31.425034272], [120.60569113517816, 31.4252152]]]}}, {"type": "Feature", "properties": {"area_ha": 0.0, "mean": null}, "geometry": {"type": "Polygon", "coordinates": [[[120.54061882752086, 31.425034272], [120.54051353252464, 31.424943808000002], [120.54061882752086, 31.424943808000002], [120.54061882752086, 31.425034272]]]}}, {"type": "Feature", "properties": {"area_ha": 0.0, "mean": null}, "geometry": {"type": "Polygon", "coordinates": [[[120.60053168036391, 31.425034272], [120.60042638536771, 31.424943808000002], [120.60053168036391, 31.424943808000002], [120.60053168036391, 31.425034272]]]}}, {"type": "Feature", "properties": {"area_ha": 0.01, "mean": 0.1003}, "geometry": {"type": "Polygon", "coordinates": [[[120.59505634056103, 31.425034272], [120.59495104556483, 31.424853344], [120.59505634056103, 31.424853344], [120.59505634056103, 31.425034272]]]}}, {"type": "Feature", "properties": {"area_ha": 0.0, "mean": null}, "geometry": {"type": "Polygon", "coordinates": [[[120.59726753548144, 31.424943808000002], [120.59716224048522, 31.424853344], [120.59726753548144, 31.424853344], [120.59726753548144, 31.424943808000002]]]}}, {"type": "Feature", "properties": {"area_ha": 0.01, "mean": 0.0974}, "geometry": {"type": "Polygon", "coordinates": [[[120.60042638536771, 31.424943808000002], [120.60021579537529, 31.424853344], [120.60042638536771, 31.424853344], [120.60042638536771, 31.424943808000002]]]}}, {"type": "Feature", "properties": {"area_ha": 0.03, "mean": 0.1238}, "geometry": {"type": "Polygon", "coordinates": [[[120.5367229126611, 31.425034272], [120.5366176176649, 31.42476288], [120.53682820765732, 31.42476288], [120.5367229126611, 31.425034272]]]}}, {"type": "Feature", "properties": {"area_ha": 0.0, "mean": null}, "geometry": {"type": "Polygon", "coordinates": [[[120.60000520538287, 31.424853344], [120.59989991038665, 31.42476288], [120.60000520538287, 31.42476288], [120.60000520538287, 31.424853344]]]}}, {"type": "Feature", "properties": {"area_ha": 0.0, "mean": null}, "geometry": {"type": "Polygon", "coordinates": [[[120.60074227035633, 31.424853344], [120.60063697536013, 31.42476288], [120.60074227035633, 31.42476288], [120.60074227035633, 31.424853344]]]}}, {"type": "Feature", "properties": {"area_ha": 0.0, "mean": null}, "geometry": {"type": "Polygon", "coordinates": [[[120.60758644510993, 31.424853344], [120.60748115011373, 31.42476288], [120.60758644510993, 31.42476288], [120.60758644510993, 31.424853344]]]}}, {"type": "Feature", "properties": {"area_ha": 0.0, "mean": null}, "geometry": {"type": "Polygon", "coordinates": [[[120.54051353252464, 31.42476288], [120.54040823752844, 31.424672416], [120.54051353252464, 31.424672416], [120.54051353252464, 31.42476288]]]}}, {"type": "Feature", "properties": {"area_ha": 0.0, "mean": null}, "geometry": {"type": "Polygon", "coordinates": [[[120.60748115011373, 31.42476288], [120.60737585511751, 31.424672416], [120.60748115011373, 31.424672416], [120.60748115011373, 31.42476288]]]}}, {"type": "Feature", "properties": {"area_ha": 0.0, "mean": null}, "geometry": {"type": "Polygon", "coordinates": [[[120.60779703510235, 31.42476288], [120.60769174010615, 31.424672416], [120.60779703510235, 31.424672416], [120.60779703510235, 31.42476288]]]}}, {"type": "Feature", "properties": {"area_ha": 0.04, "mean": 0.1589}, "geometry": {"type": "Polygon", "coordinates": [[[120.5365123226687, 31.42476288], [120.53619643768006, 31.424581952], [120.5366176176649, 31.424581952], [120.5365123226687, 31.42476288]]]}}, {"type": "Feature", "properties": {"area_ha": 0.01, "mean": 0.0747}, "geometry": {"type": "Polygon", "coordinates": [[[120.6049540702047, 31.424672416], [120.6048487752085, 31.424491488], [120.6049540702047, 31.424491488], [120.6049540702047, 31.424672416]]]}}, {"type": "Feature", "properties": {"area_ha": 0.01, "mean": 0.1072}, "geometry": {"type": "Polygon", "coordinates": [[[120.60737585511751, 31.424672416], [120.60727056012131, 31.424491488], [120.60737585511751, 31.424491488], [120.60737585511751, 31.424672416]]]}}, {"type": "Feature", "properties": {"area_ha": 0.01, "mean": 0.1222}, "geometry": {"type": "Polygon", "coordinates": [[[120.53577525769524, 31.424581952], [120.53556466770281, 31.424491488], [120.53577525769524, 31.424491488], [120.53577525769524, 31.424581952]]]}}, {"type": "Feature", "properties": {"area_ha": 0.0, "mean": null}, "geometry": {"type": "Polygon", "coordinates": [[[120.5947404555724, 31.424581952], [120.5946351605762, 31.424491488], [120.5947404555724, 31.424491488], [120.5947404555724, 31.424581952]]]}}, {"type": "Feature", "properties": {"area_ha": 0.0, "mean": null}, "geometry": {"type": "Polygon", "coordinates": [[[120.54040823752844, 31.424491488], [120.54030294253222, 31.424401024], [120.54040823752844, 31.424401024], [120.54040823752844, 31.424491488]]]}}, {"type": "Feature", "properties": {"area_ha": 0.0, "mean": null}, "geometry": {"type": "Polygon", "coordinates": [[[120.60727056012131, 31.424491488], [120.6071652651251, 31.424401024], [120.60727056012131, 31.424401024], [120.60727056012131, 31.424491488]]]}}, {"type": "Feature", "properties": {"area_ha": 0.0, "mean": null}, "geometry": {"type": "Polygon", "coordinates": [[[120.60748115011373, 31.424491488], [120.60737585511751, 31.424401024], [120.60748115011373, 31.424401024], [120.60748115011373, 31.424491488]]]}}, {"type": "Feature", "properties": {"area_ha": 0.0, "mean": null}, "geometry": {"type": "Polygon", "coordinates": [[[120.5947404555724, 31.424401024], [120.5946351605762, 31.42431056], [120.5947404555724, 31.42431056], [120.5947404555724, 31.424401024]]]}}, {"type": "Feature", "properties": {"area_ha": 0.0, "mean": null}, "geometry": {"type": "Polygon", "coordinates": [[[120.6071652651251, 31.424401024], [120.60705997012889, 31.42431056], [120.6071652651251, 31.42431056], [120.6071652651251, 31.424401024]]]}}, {"type": "Feature", "properties": {"area_ha": 0.02, "mean": 0.0776}, "geometry": {"type": "Polygon", "coordinates": [[[120.60653349514784, 31.42431056], [120.606112315163, 31.424220096], [120.60653349514784, 31.424220096], [120.60653349514784, 31.42431056]]]}}, {"type": "Feature", "properties": {"area_ha": 0.0, "mean": null}, "geometry": {"type": "Polygon", "coordinates": [[[120.60705997012889, 31.42431056], [120.60695467513268, 31.424220096], [120.60705997012889, 31.424220096], [120.60705997012889, 31.42431056]]]}}, {"type": "Feature", "properties": {"area_ha": 0.0, "mean": null}, "geometry": {"type": "Polygon", "coordinates": [[[120.606112315163, 31.424220096], [120.6060070201668, 31.424129632], [120.606112315163, 31.424129632], [120.606112315163, 31.424220096]]]}}, {"type": "Feature", "properties": {"area_ha": 0.02, "mean": 0.0845}, "geometry": {"type": "Polygon", "coordinates": [[[120.60695467513268, 31.424220096], [120.60653349514784, 31.424129632], [120.60695467513268, 31.424129632], [120.60695467513268, 31.424220096]]]}}, {"type": "Feature", "properties": {"area_ha": 0.01, "mean": 0.0905}, "geometry": {"type": "Polygon", "coordinates": [[[120.54040823752844, 31.424039168], [120.54030294253222, 31.42385824], [120.54040823752844, 31.42385824], [120.54040823752844, 31.424039168]]]}}, {"type": "Feature", "properties": {"area_ha": 0.02, "mean": 0.0877}, "geometry": {"type": "Polygon", "coordinates": [[[120.58484272592874, 31.42385824], [120.58463213593632, 31.423677312], [120.58484272592874, 31.423586848], [120.58484272592874, 31.42385824]]]}}, {"type": "Feature", "properties": {"area_ha": 0.0, "mean": null}, "geometry": {"type": "Polygon", "coordinates": [[[120.58452684094011, 31.423677312], [120.5844215459439, 31.423586848], [120.58452684094011, 31.423586848], [120.58452684094011, 31.423677312]]]}}, {"type": "Feature", "properties": {"area_ha": 0.0, "mean": null}, "geometry": {"type": "Polygon", "coordinates": [[[120.60337464526157, 31.423586848], [120.60326935026535, 31.423496384], [120.60337464526157, 31.423496384], [120.60337464526157, 31.423586848]]]}}, {"type": "Feature", "properties": {"area_ha": 0.07, "mean": 0.0945}, "geometry": {"type": "Polygon", "coordinates": [[[120.60463818521607, 31.423767776000002], [120.60432230022745, 31.423315456], [120.60463818521607, 31.423315456], [120.60463818521607, 31.423767776000002]]]}}, {"type": "Feature", "properties": {"area_ha": 0.02, "mean": 0.1119}, "geometry": {"type": "Polygon", "coordinates": [[[120.54040823752844, 31.423586848], [120.54030294253222, 31.423224992], [120.54040823752844, 31.423224992], [120.54040823752844, 31.423586848]]]}}, {"type": "Feature", "properties": {"area_ha": 0.06, "mean": 0.0968}, "geometry": {"type": "Polygon", "coordinates": [[[120.59905755041699, 31.423224992], [120.59863637043215, 31.423044064], [120.59905755041699, 31.4229536], [120.59905755041699, 31.423224992]]]}}, {"type": "Feature", "properties": {"area_ha": 0.04, "mean": 0.1517}, "geometry": {"type": "Polygon", "coordinates": [[[120.54272472744503, 31.423496384], [120.54261943244883, 31.422772672], [120.54272472744503, 31.422772672], [120.54272472744503, 31.423496384]]]}}, {"type": "Feature", "properties": {"area_ha": 0.04, "mean": 0.1048}, "geometry": {"type": "Polygon", "coordinates": [[[120.5980046004549, 31.422772672], [120.59758342047006, 31.422682208], [120.5980046004549, 31.422591744], [120.5980046004549, 31.422772672]]]}}, {"type": "Feature", "properties": {"area_ha": 0.0, "mean": null}, "geometry": {"type": "Polygon", "coordinates": [[[120.54283002244125, 31.422682208], [120.54272472744503, 31.422591744], [120.54283002244125, 31.422591744], [120.54283002244125, 31.422682208]]]}}, {"type": "Feature", "properties": {"area_ha": 0.01, "mean": 0.1905}, "geometry": {"type": "Polygon", "coordinates": [[[120.54061882752086, 31.422682208], [120.54051353252464, 31.42250128], [120.54061882752086, 31.42250128], [120.54061882752086, 31.422682208]]]}}, {"type": "Feature", "properties": {"area_ha": 0.0, "mean": null}, "geometry": {"type": "Polygon", "coordinates": [[[120.54293531743745, 31.42250128], [120.54283002244125, 31.422410816], [120.54293531743745, 31.422410816], [120.54293531743745, 31.42250128]]]}}, {"type": "Feature", "properties": {"area_ha": 0.01, "mean": 0.1314}, "geometry": {"type": "Polygon", "coordinates": [[[120.54072412251706, 31.42250128], [120.54061882752086, 31.422320352], [120.54072412251706, 31.422320352], [120.54072412251706, 31.42250128]]]}}, {"type": "Feature", "properties": {"area_ha": 0.0, "mean": null}, "geometry": {"type": "Polygon", "coordinates": [[[120.54082941751327, 31.422229888], [120.54072412251706, 31.422139424], [120.54082941751327, 31.422139424], [120.54082941751327, 31.422229888]]]}}, {"type": "Feature", "properties": {"area_ha": 0.0, "mean": null}, "geometry": {"type": "Polygon", "coordinates": [[[120.5843162509477, 31.422229888], [120.58421095595148, 31.422139424], [120.5843162509477, 31.422139424], [120.5843162509477, 31.422229888]]]}}, {"type": "Feature", "properties": {"area_ha": 0.0, "mean": null}, "geometry": {"type": "Polygon", "coordinates": [[[120.56136194177408, 31.422139424], [120.56125664677786, 31.42204896], [120.56136194177408, 31.42204896], [120.56136194177408, 31.422139424]]]}}, {"type": "Feature", "properties": {"area_ha": 0.0, "mean": null}, "geometry": {"type": "Polygon", "coordinates": [[[120.5844215459439, 31.422139424], [120.5843162509477, 31.42204896], [120.5844215459439, 31.42204896], [120.5844215459439, 31.422139424]]]}}, {"type": "Feature", "properties": {"area_ha": 0.01, "mean": 0.1381}, "geometry": {"type": "Polygon", "coordinates": [[[120.58600097088704, 31.422229888], [120.58589567589082, 31.421958496000002], [120.58600097088704, 31.421958496000002], [120.58600097088704, 31.422229888]]]}}, {"type": "Feature", "properties": {"area_ha": 0.0, "mean": null}, "geometry": {"type": "Polygon", "coordinates": [[[120.58421095595148, 31.42204896], [120.58410566095527, 31.421958496000002], [120.58421095595148, 31.421958496000002], [120.58421095595148, 31.42204896]]]}}, {"type": "Feature", "properties": {"area_ha": 0.01, "mean": 0.1316}, "geometry": {"type": "Polygon", "coordinates": [[[120.54093471250948, 31.42204896], [120.54082941751327, 31.421868032], [120.54093471250948, 31.421868032], [120.54093471250948, 31.42204896]]]}}, {"type": "Feature", "properties": {"area_ha": 0.0, "mean": null}, "geometry": {"type": "Polygon", "coordinates": [[[120.54104000750569, 31.421777568], [120.54093471250948, 31.421687104], [120.54104000750569, 31.421687104], [120.54104000750569, 31.421777568]]]}}, {"type": "Feature", "properties": {"area_ha": 0.0, "mean": null}, "geometry": {"type": "Polygon", "coordinates": [[[120.58579038089462, 31.421687104], [120.58568508589842, 31.42159664], [120.58579038089462, 31.42159664], [120.58579038089462, 31.421687104]]]}}, {"type": "Feature", "properties": {"area_ha": 1.3, "mean": 0.1056}, "geometry": {"type": "Polygon", "coordinates": [[[120.5844215459439, 31.423134528000002], [120.58410566095527, 31.42250128], [120.5855797909022, 31.421325248], [120.58579038089462, 31.421958496000002], [120.5844215459439, 31.423134528000002]], [[120.5843162509477, 31.42250128], [120.5844215459439, 31.422772672], [120.58452684094011, 31.42250128], [120.5843162509477, 31.42250128]], [[120.58484272592874, 31.422139424], [120.58494802092494, 31.422229888], [120.58494802092494, 31.422139424], [120.58484272592874, 31.422139424]]]}}, {"type": "Feature", "properties": {"area_ha": 0.02, "mean": 0.0915}, "geometry": {"type": "Polygon", "coordinates": [[[120.58715921584535, 31.421506176], [120.58684333085671, 31.421234784], [120.58715921584535, 31.421325248], [120.58715921584535, 31.421506176]]]}}, {"type": "Feature", "properties": {"area_ha": 0.0, "mean": null}, "geometry": {"type": "Polygon", "coordinates": [[[120.54304061243367, 31.421325248], [120.54293531743745, 31.421234784], [120.54304061243367, 31.421234784], [120.54304061243367, 31.421325248]]]}}, {"type": "Feature", "properties": {"area_ha": 0.01, "mean": 0.0814}, "geometry": {"type": "Polygon", "coordinates": [[[120.5411453025019, 31.421325248], [120.54104000750569, 31.42114432], [120.5411453025019, 31.42114432], [120.5411453025019, 31.421325248]]]}}, {"type": "Feature", "properties": {"area_ha": 0.04, "mean": 0.1011}, "geometry": {"type": "Polygon", "coordinates": [[[120.58579038089462, 31.421325248], [120.5855797909022, 31.421234784], [120.58589567589082, 31.421053856], [120.58579038089462, 31.421325248]]]}}, {"type": "Feature", "properties": {"area_ha": 0.0, "mean": null}, "geometry": {"type": "Polygon", "coordinates": [[[120.58663274086429, 31.42114432], [120.58652744586809, 31.421053856], [120.58663274086429, 31.421053856], [120.58663274086429, 31.42114432]]]}}, {"type": "Feature", "properties": {"area_ha": 0.0, "mean": null}, "geometry": {"type": "Polygon", "coordinates": [[[120.58600097088704, 31.421053856], [120.58589567589082, 31.420963392], [120.58600097088704, 31.420963392], [120.58600097088704, 31.421053856]]]}}, {"type": "Feature", "properties": {"area_ha": 0.04, "mean": 0.1186}, "geometry": {"type": "Polygon", "coordinates": [[[120.58652744586809, 31.421053856], [120.58610626588325, 31.420872928], [120.58631685587567, 31.420782464000002], [120.58652744586809, 31.421053856]]]}}, {"type": "Feature", "properties": {"area_ha": 0.0, "mean": null}, "geometry": {"type": "Polygon", "coordinates": [[[120.58663274086429, 31.420692], [120.58652744586809, 31.420601536], [120.58663274086429, 31.420601536], [120.58663274086429, 31.420692]]]}}, {"type": "Feature", "properties": {"area_ha": 0.0, "mean": null}, "geometry": {"type": "Polygon", "coordinates": [[[120.58694862585293, 31.420601536], [120.58684333085671, 31.420511072], [120.58694862585293, 31.420511072], [120.58694862585293, 31.420601536]]]}}, {"type": "Feature", "properties": {"area_ha": 0.0, "mean": null}, "geometry": {"type": "Polygon", "coordinates": [[[120.54314590742987, 31.420511072], [120.54304061243367, 31.420420608], [120.54314590742987, 31.420420608], [120.54314590742987, 31.420511072]]]}}, {"type": "Feature", "properties": {"area_ha": 0.0, "mean": null}, "geometry": {"type": "Polygon", "coordinates": [[[120.54483062736922, 31.420420608], [120.54472533237302, 31.420330144], [120.54483062736922, 31.420330144], [120.54483062736922, 31.420420608]]]}}, {"type": "Feature", "properties": {"area_ha": 0.01, "mean": 0.1292}, "geometry": {"type": "Polygon", "coordinates": [[[120.54504121736164, 31.420330144], [120.54483062736922, 31.42023968], [120.54504121736164, 31.42023968], [120.54504121736164, 31.420330144]]]}}, {"type": "Feature", "properties": {"area_ha": 0.02, "mean": 0.2186}, "geometry": {"type": "Polygon", "coordinates": [[[120.54356708741471, 31.420149216], [120.54314590742987, 31.420420608], [120.54314590742987, 31.420330144], [120.54356708741471, 31.420149216]]]}}, {"type": "Feature", "properties": {"area_ha": 0.0, "mean": null}, "geometry": {"type": "Polygon", "coordinates": [[[120.54440944738438, 31.42023968], [120.54430415238818, 31.420149216], [120.54440944738438, 31.420149216], [120.54440944738438, 31.42023968]]]}}, {"type": "Feature", "properties": {"area_ha": 0.0, "mean": null}, "geometry": {"type": "Polygon", "coordinates": [[[120.54514651235785, 31.42023968], [120.54504121736164, 31.420149216], [120.54514651235785, 31.420149216], [120.54514651235785, 31.42023968]]]}}, {"type": "Feature", "properties": {"area_ha": 0.01, "mean": 0.1358}, "geometry": {"type": "Polygon", "coordinates": [[[120.5411453025019, 31.42023968], [120.54104000750569, 31.420058752], [120.5411453025019, 31.420058752], [120.5411453025019, 31.42023968]]]}}, {"type": "Feature", "properties": {"area_ha": 0.0, "mean": null}, "geometry": {"type": "Polygon", "coordinates": [[[120.54535710235027, 31.420149216], [120.54525180735406, 31.420058752], [120.54535710235027, 31.420058752], [120.54535710235027, 31.420149216]]]}}, {"type": "Feature", "properties": {"area_ha": 0.0, "mean": null}, "geometry": {"type": "Polygon", "coordinates": [[[120.5445147423806, 31.420058752], [120.54440944738438, 31.419968288], [120.5445147423806, 31.419968288], [120.5445147423806, 31.420058752]]]}}, {"type": "Feature", "properties": {"area_ha": 0.01, "mean": 0.0694}, "geometry": {"type": "Polygon", "coordinates": [[[120.58368448097043, 31.419877824], [120.58357918597423, 31.419696896], [120.58368448097043, 31.419696896], [120.58368448097043, 31.419877824]]]}}, {"type": "Feature", "properties": {"area_ha": 0.0, "mean": null}, "geometry": {"type": "Polygon", "coordinates": [[[120.58357918597423, 31.419696896], [120.58347389097801, 31.419606432000002], [120.58357918597423, 31.419606432000002], [120.58357918597423, 31.419696896]]]}}, {"type": "Feature", "properties": {"area_ha": 0.0, "mean": null}, "geometry": {"type": "Polygon", "coordinates": [[[120.58347389097801, 31.419606432000002], [120.58336859598181, 31.419515968], [120.58347389097801, 31.419515968], [120.58347389097801, 31.419606432000002]]]}}, {"type": "Feature", "properties": {"area_ha": 0.0, "mean": null}, "geometry": {"type": "Polygon", "coordinates": [[[120.58421095595148, 31.419606432000002], [120.58400036595907, 31.419425504], [120.58421095595148, 31.419515968], [120.58421095595148, 31.419606432000002]]]}}, {"type": "Feature", "properties": {"area_ha": 0.0, "mean": null}, "geometry": {"type": "Polygon", "coordinates": [[[120.5843162509477, 31.419515968], [120.58421095595148, 31.419425504], [120.5843162509477, 31.419425504], [120.5843162509477, 31.419515968]]]}}, {"type": "Feature", "properties": {"area_ha": 0.0, "mean": null}, "geometry": {"type": "Polygon", "coordinates": [[[120.58347389097801, 31.419425504], [120.58336859598181, 31.41933504], [120.58347389097801, 31.41933504], [120.58347389097801, 31.419425504]]]}}, {"type": "Feature", "properties": {"area_ha": 0.0, "mean": null}, "geometry": {"type": "Polygon", "coordinates": [[[120.54251413745261, 31.419244576], [120.54240884245641, 31.419154112], [120.54251413745261, 31.419154112], [120.54251413745261, 31.419244576]]]}}, {"type": "Feature", "properties": {"area_ha": 0.0, "mean": null}, "geometry": {"type": "Polygon", "coordinates": [[[120.58421095595148, 31.419154112], [120.58410566095527, 31.419063648], [120.58421095595148, 31.419063648], [120.58421095595148, 31.419154112]]]}}, {"type": "Feature", "properties": {"area_ha": 0.33, "mean": 0.0761}, "geometry": {"type": "Polygon", "coordinates": [[[120.58463213593632, 31.419425504], [120.58378977596665, 31.419154112], [120.58536920090978, 31.41888272], [120.58463213593632, 31.419425504]]]}}, {"type": "Feature", "properties": {"area_ha": 0.01, "mean": 0.0859}, "geometry": {"type": "Polygon", "coordinates": [[[120.5844215459439, 31.418973184], [120.58421095595148, 31.41888272], [120.5844215459439, 31.41888272], [120.5844215459439, 31.418973184]]]}}, {"type": "Feature", "properties": {"area_ha": 0.01, "mean": 0.0724}, "geometry": {"type": "Polygon", "coordinates": [[[120.58484272592874, 31.41888272], [120.58473743093253, 31.418701792], [120.58484272592874, 31.418701792], [120.58484272592874, 31.41888272]]]}}, {"type": "Feature", "properties": {"area_ha": 0.04, "mean": 0.0764}, "geometry": {"type": "Polygon", "coordinates": [[[120.58357918597423, 31.418430400000002], [120.58336859598181, 31.418611328], [120.58336859598181, 31.418339936], [120.58357918597423, 31.418430400000002]]]}}, {"type": "Feature", "properties": {"area_ha": 0.02, "mean": 0.1051}, "geometry": {"type": "Polygon", "coordinates": [[[120.56083546679302, 31.417887616], [120.5605195818044, 31.417797152], [120.56083546679302, 31.417706688], [120.56083546679302, 31.417887616]]]}}, {"type": "Feature", "properties": {"area_ha": 0.03, "mean": 0.0798}, "geometry": {"type": "Polygon", "coordinates": [[[120.58336859598181, 31.418159008], [120.58315800598939, 31.418068544], [120.58284212100077, 31.417616224], [120.58336859598181, 31.418159008]]]}}, {"type": "Feature", "properties": {"area_ha": 0.03, "mean": 0.0976}, "geometry": {"type": "Polygon", "coordinates": [[[120.58252623601213, 31.417706688], [120.58231564601972, 31.417435296], [120.58252623601213, 31.417435296], [120.58252623601213, 31.417706688]]]}}, {"type": "Feature", "properties": {"area_ha": 0.0, "mean": null}, "geometry": {"type": "Polygon", "coordinates": [[[120.5398817625474, 31.417435296], [120.53977646755118, 31.417344832], [120.5398817625474, 31.417344832], [120.5398817625474, 31.417435296]]]}}, {"type": "Feature", "properties": {"area_ha": 0.02, "mean": 0.0727}, "geometry": {"type": "Polygon", "coordinates": [[[120.56125664677786, 31.417435296], [120.56094076178924, 31.417344832], [120.56115135178166, 31.417254368000002], [120.56125664677786, 31.417435296]]]}}, {"type": "Feature", "properties": {"area_ha": 0.0, "mean": null}, "geometry": {"type": "Polygon", "coordinates": [[[120.53977646755118, 31.417344832], [120.53967117255497, 31.417254368000002], [120.53977646755118, 31.417254368000002], [120.53977646755118, 31.417344832]]]}}, {"type": "Feature", "properties": {"area_ha": 0.01, "mean": 0.1261}, "geometry": {"type": "Polygon", "coordinates": [[[120.53977646755118, 31.41707344], [120.53967117255497, 31.416892512], [120.53977646755118, 31.416892512], [120.53977646755118, 31.41707344]]]}}, {"type": "Feature", "properties": {"area_ha": 0.0, "mean": null}, "geometry": {"type": "Polygon", "coordinates": [[[120.54862124723276, 31.416711584], [120.54851595223654, 31.41662112], [120.54862124723276, 31.41662112], [120.54862124723276, 31.416711584]]]}}, {"type": "Feature", "properties": {"area_ha": 0.01, "mean": 0.0849}, "geometry": {"type": "Polygon", "coordinates": [[[120.58252623601213, 31.416711584], [120.58242094101593, 31.416530656], [120.58252623601213, 31.416530656], [120.58252623601213, 31.416711584]]]}}, {"type": "Feature", "properties": {"area_ha": 0.0, "mean": null}, "geometry": {"type": "Polygon", "coordinates": [[[120.54872654222896, 31.41662112], [120.54862124723276, 31.416530656], [120.54872654222896, 31.416530656], [120.54872654222896, 31.41662112]]]}}, {"type": "Feature", "properties": {"area_ha": 0.02, "mean": 0.1061}, "geometry": {"type": "Polygon", "coordinates": [[[120.58199976103108, 31.41662112], [120.58157858104624, 31.416530656], [120.58199976103108, 31.416530656], [120.58199976103108, 31.41662112]]]}}, {"type": "Feature", "properties": {"area_ha": 0.0, "mean": null}, "geometry": {"type": "Polygon", "coordinates": [[[120.53588055269144, 31.416530656], [120.53577525769524, 31.416440192], [120.53588055269144, 31.416440192], [120.53588055269144, 31.416530656]]]}}, {"type": "Feature", "properties": {"area_ha": 0.0, "mean": null}, "geometry": {"type": "Polygon", "coordinates": [[[120.58147328605004, 31.416530656], [120.58136799105384, 31.416440192], [120.58147328605004, 31.416440192], [120.58147328605004, 31.416530656]]]}}, {"type": "Feature", "properties": {"area_ha": 0.0, "mean": null}, "geometry": {"type": "Polygon", "coordinates": [[[120.54019764753602, 31.416440192], [120.5400923525398, 31.416349728], [120.54019764753602, 31.416349728], [120.54019764753602, 31.416440192]]]}}, {"type": "Feature", "properties": {"area_ha": 0.0, "mean": null}, "geometry": {"type": "Polygon", "coordinates": [[[120.54072412251706, 31.416440192], [120.54061882752086, 31.416349728], [120.54072412251706, 31.416349728], [120.54072412251706, 31.416440192]]]}}, {"type": "Feature", "properties": {"area_ha": 0.0, "mean": null}, "geometry": {"type": "Polygon", "coordinates": [[[120.54146118749053, 31.416440192], [120.54135589249432, 31.416349728], [120.54146118749053, 31.416349728], [120.54146118749053, 31.416440192]]]}}, {"type": "Feature", "properties": {"area_ha": 0.0, "mean": null}, "geometry": {"type": "Polygon", "coordinates": [[[120.54283002244125, 31.416440192], [120.54272472744503, 31.416349728], [120.54283002244125, 31.416349728], [120.54283002244125, 31.416440192]]]}}, {"type": "Feature", "properties": {"area_ha": 0.0, "mean": null}, "geometry": {"type": "Polygon", "coordinates": [[[120.5490424272176, 31.416440192], [120.54893713222138, 31.416349728], [120.5490424272176, 31.416349728], [120.5490424272176, 31.416440192]]]}}, {"type": "Feature", "properties": {"area_ha": 0.02, "mean": 0.0733}, "geometry": {"type": "Polygon", "coordinates": [[[120.56136194177408, 31.416530656], [120.56115135178166, 31.416259264], [120.56125664677786, 31.416259264], [120.56136194177408, 31.416530656]]]}}, {"type": "Feature", "properties": {"area_ha": 0.01, "mean": 0.1104}, "geometry": {"type": "Polygon", "coordinates": [[[120.58199976103108, 31.416349728], [120.58189446603488, 31.4161688], [120.58199976103108, 31.4161688], [120.58199976103108, 31.416349728]]]}}, {"type": "Feature", "properties": {"area_ha": 0.0, "mean": null}, "geometry": {"type": "Polygon", "coordinates": [[[120.54272472744503, 31.416259264], [120.54261943244883, 31.4161688], [120.54272472744503, 31.4161688], [120.54272472744503, 31.416259264]]]}}, {"type": "Feature", "properties": {"area_ha": 0.02, "mean": 0.0919}, "geometry": {"type": "Polygon", "coordinates": [[[120.58157858104624, 31.416349728], [120.58147328605004, 31.415987872], [120.58157858104624, 31.415987872], [120.58157858104624, 31.416349728]]]}}, {"type": "Feature", "properties": {"area_ha": 0.0, "mean": null}, "geometry": {"type": "Polygon", "coordinates": [[[120.54177707247915, 31.416078336], [120.54167177748295, 31.415987872], [120.54177707247915, 31.415987872], [120.54177707247915, 31.416078336]]]}}, {"type": "Feature", "properties": {"area_ha": 0.0, "mean": null}, "geometry": {"type": "Polygon", "coordinates": [[[120.55020067217589, 31.416078336], [120.55009537717969, 31.415987872], [120.55020067217589, 31.415987872], [120.55020067217589, 31.416078336]]]}}, {"type": "Feature", "properties": {"area_ha": 0.0, "mean": null}, "geometry": {"type": "Polygon", "coordinates": [[[120.52640400303261, 31.415987872], [120.52629870803639, 31.415897408], [120.52640400303261, 31.415897408], [120.52640400303261, 31.415987872]]]}}, {"type": "Feature", "properties": {"area_ha": 0.25, "mean": 0.0882}, "geometry": {"type": "Polygon", "coordinates": [[[120.56083546679302, 31.415806944], [120.5605195818044, 31.41707344], [120.5604142868082, 31.415987872], [120.56083546679302, 31.415806944]], [[120.5605195818044, 31.416078336], [120.56062487680062, 31.4161688], [120.56062487680062, 31.416078336], [120.5605195818044, 31.416078336]]]}}, {"type": "Feature", "properties": {"area_ha": 0.0, "mean": null}, "geometry": {"type": "Polygon", "coordinates": [[[120.55083244215315, 31.415897408], [120.55072714715695, 31.415806944], [120.55083244215315, 31.415806944], [120.55083244215315, 31.415897408]]]}}, {"type": "Feature", "properties": {"area_ha": 0.01, "mean": 0.1126}, "geometry": {"type": "Polygon", "coordinates": [[[120.55146421213041, 31.415806944], [120.55114832714177, 31.41571648], [120.55146421213041, 31.41571648], [120.55146421213041, 31.415806944]]]}}, {"type": "Feature", "properties": {"area_ha": 0.01, "mean": 0.0738}, "geometry": {"type": "Polygon", "coordinates": [[[120.56115135178166, 31.415897408], [120.56104605678544, 31.415626016], [120.56115135178166, 31.415626016], [120.56115135178166, 31.415897408]]]}}, {"type": "Feature", "properties": {"area_ha": 0.0, "mean": null}, "geometry": {"type": "Polygon", "coordinates": [[[120.52598282304777, 31.41571648], [120.52587752805155, 31.415626016], [120.52598282304777, 31.415626016], [120.52598282304777, 31.41571648]]]}}, {"type": "Feature", "properties": {"area_ha": 0.01, "mean": 0.1568}, "geometry": {"type": "Polygon", "coordinates": [[[120.55167480212282, 31.41571648], [120.55146421213041, 31.415626016], [120.55167480212282, 31.415626016], [120.55167480212282, 31.41571648]]]}}, {"type": "Feature", "properties": {"area_ha": 0.0, "mean": null}, "geometry": {"type": "Polygon", "coordinates": [[[120.52608811804397, 31.415626016], [120.52598282304777, 31.415535552], [120.52608811804397, 31.415535552], [120.52608811804397, 31.415626016]]]}}, {"type": "Feature", "properties": {"area_ha": 0.0, "mean": null}, "geometry": {"type": "Polygon", "coordinates": [[[120.55188539211524, 31.415626016], [120.55178009711904, 31.415535552], [120.55188539211524, 31.415535552], [120.55188539211524, 31.415626016]]]}}, {"type": "Feature", "properties": {"area_ha": 0.01, "mean": 0.1217}, "geometry": {"type": "Polygon", "coordinates": [[[120.52650929802881, 31.415626016], [120.52640400303261, 31.415445088000002], [120.52650929802881, 31.415445088000002], [120.52650929802881, 31.415626016]]]}}, {"type": "Feature", "properties": {"area_ha": 0.01, "mean": 0.1529}, "geometry": {"type": "Polygon", "coordinates": [[[120.55220127710388, 31.415535552], [120.55199068711146, 31.415445088000002], [120.55220127710388, 31.415445088000002], [120.55220127710388, 31.415535552]]]}}, {"type": "Feature", "properties": {"area_ha": 0.0, "mean": null}, "geometry": {"type": "Polygon", "coordinates": [[[120.58073622107658, 31.415535552], [120.58063092608037, 31.415445088000002], [120.58073622107658, 31.415445088000002], [120.58073622107658, 31.415535552]]]}}, {"type": "Feature", "properties": {"area_ha": 0.01, "mean": 0.114}, "geometry": {"type": "Polygon", "coordinates": [[[120.52619341304019, 31.415535552], [120.52608811804397, 31.415354624], [120.52619341304019, 31.415354624], [120.52619341304019, 31.415535552]]]}}, {"type": "Feature", "properties": {"area_ha": 0.04, "mean": 0.1945}, "geometry": {"type": "Polygon", "coordinates": [[[120.55283304708112, 31.415445088000002], [120.55272775208492, 31.41526416], [120.55314893206976, 31.41526416], [120.55283304708112, 31.415445088000002]]]}}, {"type": "Feature", "properties": {"area_ha": 0.0, "mean": null}, "geometry": {"type": "Polygon", "coordinates": [[[120.5605195818044, 31.415354624], [120.5604142868082, 31.41526416], [120.5605195818044, 31.41526416], [120.5605195818044, 31.415354624]]]}}, {"type": "Feature", "properties": {"area_ha": 0.01, "mean": 0.0766}, "geometry": {"type": "Polygon", "coordinates": [[[120.56125664677786, 31.415354624], [120.56115135178166, 31.415173696], [120.56125664677786, 31.415173696], [120.56125664677786, 31.415354624]]]}}, {"type": "Feature", "properties": {"area_ha": 0.01, "mean": 0.1654}, "geometry": {"type": "Polygon", "coordinates": [[[120.55357011205459, 31.41526416], [120.55325422706596, 31.415173696], [120.55357011205459, 31.415173696], [120.55357011205459, 31.41526416]]]}}, {"type": "Feature", "properties": {"area_ha": 0.01, "mean": 0.1045}, "geometry": {"type": "Polygon", "coordinates": [[[120.52640400303261, 31.41526416], [120.52629870803639, 31.415083232], [120.52640400303261, 31.415083232], [120.52640400303261, 31.41526416]]]}}, {"type": "Feature", "properties": {"area_ha": 0.01, "mean": 0.1889}, "geometry": {"type": "Polygon", "coordinates": [[[120.553780702047, 31.415173696], [120.55357011205459, 31.415083232], [120.553780702047, 31.415083232], [120.553780702047, 31.415173696]]]}}, {"type": "Feature", "properties": {"area_ha": 0.01, "mean": 0.2109}, "geometry": {"type": "Polygon", "coordinates": [[[120.55399129203943, 31.415083232], [120.553780702047, 31.414992768], [120.55399129203943, 31.414992768], [120.55399129203943, 31.415083232]]]}}, {"type": "Feature", "properties": {"area_ha": 0.71, "mean": 0.0838}, "geometry": {"type": "Polygon", "coordinates": [[[120.58347389097801, 31.415083232], [120.58115740106142, 31.415626016], [120.58178917103866, 31.414902304], [120.58347389097801, 31.415083232]]]}}, {"type": "Feature", "properties": {"area_ha": 0.0, "mean": null}, "geometry": {"type": "Polygon", "coordinates": [[[120.55420188203185, 31.414992768], [120.55409658703563, 31.414902304], [120.55420188203185, 31.414902304], [120.55420188203185, 31.414992768]]]}}, {"type": "Feature", "properties": {"area_ha": 0.01, "mean": 0.1285}, "geometry": {"type": "Polygon", "coordinates": [[[120.55462306201669, 31.414902304], [120.55430717702805, 31.41481184], [120.55462306201669, 31.41481184], [120.55462306201669, 31.414902304]]]}}, {"type": "Feature", "properties": {"area_ha": 0.01, "mean": 0.1192}, "geometry": {"type": "Polygon", "coordinates": [[[120.55514953699773, 31.41481184], [120.55483365200911, 31.414721376], [120.55514953699773, 31.414721376], [120.55514953699773, 31.41481184]]]}}, {"type": "Feature", "properties": {"area_ha": 0.06, "mean": 0.0892}, "geometry": {"type": "Polygon", "coordinates": [[[120.58336859598181, 31.414902304], [120.58294741599697, 31.414630912], [120.58336859598181, 31.414630912], [120.58336859598181, 31.414902304]]]}}, {"type": "Feature", "properties": {"area_ha": 0.01, "mean": 0.1193}, "geometry": {"type": "Polygon", "coordinates": [[[120.55536012699015, 31.414721376], [120.55514953699773, 31.414630912], [120.55536012699015, 31.414630912], [120.55536012699015, 31.414721376]]]}}, {"type": "Feature", "properties": {"area_ha": 0.0, "mean": null}, "geometry": {"type": "Polygon", "coordinates": [[[120.55557071698257, 31.414630912], [120.55546542198636, 31.414540448], [120.55557071698257, 31.414540448], [120.55557071698257, 31.414630912]]]}}, {"type": "Feature", "properties": {"area_ha": 0.0, "mean": null}, "geometry": {"type": "Polygon", "coordinates": [[[120.56073017179682, 31.414540448], [120.56062487680062, 31.414449984], [120.56073017179682, 31.414449984], [120.56073017179682, 31.414540448]]]}}, {"type": "Feature", "properties": {"area_ha": 0.0, "mean": null}, "geometry": {"type": "Polygon", "coordinates": [[[120.56094076178924, 31.414449984], [120.56083546679302, 31.41435952], [120.56094076178924, 31.41435952], [120.56094076178924, 31.414449984]]]}}, {"type": "Feature", "properties": {"area_ha": 0.0, "mean": null}, "geometry": {"type": "Polygon", "coordinates": [[[120.54209295746779, 31.41435952], [120.54198766247157, 31.414269056000002], [120.54209295746779, 31.414269056000002], [120.54209295746779, 31.41435952]]]}}, {"type": "Feature", "properties": {"area_ha": 0.0, "mean": null}, "geometry": {"type": "Polygon", "coordinates": [[[120.59368750561032, 31.414088128], [120.5935822106141, 31.413997664], [120.59368750561032, 31.413997664], [120.59368750561032, 31.414088128]]]}}, {"type": "Feature", "properties": {"area_ha": 0.02, "mean": 0.0717}, "geometry": {"type": "Polygon", "coordinates": [[[120.59389809560274, 31.414088128], [120.59379280060652, 31.4139072], [120.59400339059894, 31.4139072], [120.59389809560274, 31.414088128]]]}}, {"type": "Feature", "properties": {"area_ha": 0.01, "mean": 0.1136}, "geometry": {"type": "Polygon", "coordinates": [[[120.55746602691433, 31.413997664], [120.55725543692192, 31.4139072], [120.55746602691433, 31.4139072], [120.55746602691433, 31.413997664]]]}}, {"type": "Feature", "properties": {"area_ha": 0.01, "mean": 0.0819}, "geometry": {"type": "Polygon", "coordinates": [[[120.56230959673996, 31.413997664], [120.56199371175133, 31.4139072], [120.56230959673996, 31.4139072], [120.56230959673996, 31.413997664]]]}}, {"type": "Feature", "properties": {"area_ha": 0.03, "mean": 0.0774}, "geometry": {"type": "Polygon", "coordinates": [[[120.59379280060652, 31.4139072], [120.5934769156179, 31.413726272], [120.59379280060652, 31.413726272], [120.59379280060652, 31.4139072]]]}}, {"type": "Feature", "properties": {"area_ha": 0.01, "mean": 0.1009}, "geometry": {"type": "Polygon", "coordinates": [[[120.54219825246399, 31.4139072], [120.54209295746779, 31.413635808], [120.54219825246399, 31.413635808], [120.54219825246399, 31.4139072]]]}}, {"type": "Feature", "properties": {"area_ha": 0.01, "mean": 0.0829}, "geometry": {"type": "Polygon", "coordinates": [[[120.5798938611069, 31.413726272], [120.57957797611827, 31.413635808], [120.5798938611069, 31.413635808], [120.5798938611069, 31.413726272]]]}}, {"type": "Feature", "properties": {"area_ha": 0.27, "mean": 0.1056}, "geometry": {"type": "Polygon", "coordinates": [[[120.58315800598939, 31.413816736], [120.58199976103108, 31.4139072], [120.58189446603488, 31.413726272], [120.58294741599697, 31.413545344], [120.58315800598939, 31.413816736]], [[120.58273682600455, 31.413726272], [120.58294741599697, 31.413816736], [120.58294741599697, 31.413726272], [120.58273682600455, 31.413726272]]]}}, {"type": "Feature", "properties": {"area_ha": 0.0, "mean": null}, "geometry": {"type": "Polygon", "coordinates": [[[120.57947268112207, 31.413635808], [120.57936738612585, 31.413545344], [120.57947268112207, 31.413545344], [120.57947268112207, 31.413635808]]]}}, {"type": "Feature", "properties": {"area_ha": 0.0, "mean": null}, "geometry": {"type": "Polygon", "coordinates": [[[120.5617831217589, 31.413545344], [120.5616778267627, 31.41345488], [120.5617831217589, 31.41345488], [120.5617831217589, 31.413545344]]]}}, {"type": "Feature", "properties": {"area_ha": 0.0, "mean": null}, "geometry": {"type": "Polygon", "coordinates": [[[120.56241489173617, 31.413545344], [120.56230959673996, 31.41345488], [120.56241489173617, 31.41345488], [120.56241489173617, 31.413545344]]]}}, {"type": "Feature", "properties": {"area_ha": 0.12, "mean": 0.1039}, "geometry": {"type": "Polygon", "coordinates": [[[120.58157858104624, 31.413635808], [120.58084151607278, 31.413726272], [120.58063092608037, 31.41345488], [120.58157858104624, 31.413635808]]]}}, {"type": "Feature", "properties": {"area_ha": 0.0, "mean": null}, "geometry": {"type": "Polygon", "coordinates": [[[120.51513743843822, 31.41345488], [120.515032143442, 31.413364416], [120.51513743843822, 31.413364416], [120.51513743843822, 31.41345488]]]}}, {"type": "Feature", "properties": {"area_ha": 0.01, "mean": 0.0752}, "geometry": {"type": "Polygon", "coordinates": [[[120.57957797611827, 31.41345488], [120.57936738612585, 31.413364416], [120.57957797611827, 31.413364416], [120.57957797611827, 31.41345488]]]}}, {"type": "Feature", "properties": {"area_ha": 0.01, "mean": 0.0696}, "geometry": {"type": "Polygon", "coordinates": [[[120.56252018673237, 31.41345488], [120.56241489173617, 31.413273952], [120.56252018673237, 31.413273952], [120.56252018673237, 31.41345488]]]}}, {"type": "Feature", "properties": {"area_ha": 0.0, "mean": null}, "geometry": {"type": "Polygon", "coordinates": [[[120.54230354746021, 31.413364416], [120.54219825246399, 31.413273952], [120.54230354746021, 31.413273952], [120.54230354746021, 31.413364416]]]}}, {"type": "Feature", "properties": {"area_ha": 0.07, "mean": 0.1025}, "geometry": {"type": "Polygon", "coordinates": [[[120.58020974609553, 31.41345488], [120.57999915610311, 31.41345488], [120.57968327111449, 31.41345488], [120.57957797611827, 31.413183488], [120.58020974609553, 31.41345488]]]}}, {"type": "Feature", "properties": {"area_ha": 0.01, "mean": 0.178}, "geometry": {"type": "Polygon", "coordinates": [[[120.580946811069, 31.413183488], [120.58084151607278, 31.41300256], [120.580946811069, 31.41300256], [120.580946811069, 31.413183488]]]}}, {"type": "Feature", "properties": {"area_ha": 0.0, "mean": null}, "geometry": {"type": "Polygon", "coordinates": [[[120.52650929802881, 31.413093024000002], [120.52640400303261, 31.41300256], [120.52650929802881, 31.41300256], [120.52650929802881, 31.413093024000002]]]}}, {"type": "Feature", "properties": {"area_ha": 0.02, "mean": 0.0708}, "geometry": {"type": "Polygon", "coordinates": [[[120.56262548172859, 31.413183488], [120.56241489173617, 31.41300256], [120.56262548172859, 31.412912096], [120.56262548172859, 31.413183488]]]}}, {"type": "Feature", "properties": {"area_ha": 0.01, "mean": 0.2705}, "geometry": {"type": "Polygon", "coordinates": [[[120.58042033608795, 31.413183488], [120.58031504109174, 31.412912096], [120.58042033608795, 31.412912096], [120.58042033608795, 31.413183488]]]}}, {"type": "Feature", "properties": {"area_ha": 0.0, "mean": null}, "geometry": {"type": "Polygon", "coordinates": [[[120.52640400303261, 31.41300256], [120.52629870803639, 31.412912096], [120.52640400303261, 31.412912096], [120.52640400303261, 31.41300256]]]}}, {"type": "Feature", "properties": {"area_ha": 0.0, "mean": null}, "geometry": {"type": "Polygon", "coordinates": [[[120.59326632562548, 31.41300256], [120.59316103062928, 31.412912096], [120.59326632562548, 31.412912096], [120.59326632562548, 31.41300256]]]}}, {"type": "Feature", "properties": {"area_ha": 0.01, "mean": 0.0922}, "geometry": {"type": "Polygon", "coordinates": [[[120.54240884245641, 31.41300256], [120.54230354746021, 31.412821632], [120.54240884245641, 31.412821632], [120.54240884245641, 31.41300256]]]}}, {"type": "Feature", "properties": {"area_ha": 0.0, "mean": null}, "geometry": {"type": "Polygon", "coordinates": [[[120.56273077672479, 31.412912096], [120.56262548172859, 31.412821632], [120.56273077672479, 31.412821632], [120.56273077672479, 31.412912096]]]}}, {"type": "Feature", "properties": {"area_ha": 0.0, "mean": null}, "geometry": {"type": "Polygon", "coordinates": [[[120.58115740106142, 31.412912096], [120.5810521060652, 31.412821632], [120.58115740106142, 31.412821632], [120.58115740106142, 31.412912096]]]}}, {"type": "Feature", "properties": {"area_ha": 0.01, "mean": 0.2695}, "geometry": {"type": "Polygon", "coordinates": [[[120.58031504109174, 31.412912096], [120.58020974609553, 31.412731168], [120.58031504109174, 31.412731168], [120.58031504109174, 31.412912096]]]}}, {"type": "Feature", "properties": {"area_ha": 0.01, "mean": 0.1233}, "geometry": {"type": "Polygon", "coordinates": [[[120.580946811069, 31.412912096], [120.58073622107658, 31.412731168], [120.580946811069, 31.412731168], [120.580946811069, 31.412912096]]]}}, {"type": "Feature", "properties": {"area_ha": 0.0, "mean": null}, "geometry": {"type": "Polygon", "coordinates": [[[120.54251413745261, 31.412731168], [120.54240884245641, 31.412640704], [120.54251413745261, 31.412640704], [120.54251413745261, 31.412731168]]]}}, {"type": "Feature", "properties": {"area_ha": 0.0, "mean": null}, "geometry": {"type": "Polygon", "coordinates": [[[120.58115740106142, 31.412731168], [120.5810521060652, 31.412640704], [120.58115740106142, 31.412640704], [120.58115740106142, 31.412731168]]]}}, {"type": "Feature", "properties": {"area_ha": 0.0, "mean": null}, "geometry": {"type": "Polygon", "coordinates": [[[120.58315800598939, 31.412640704], [120.58305271099319, 31.41255024], [120.58315800598939, 31.41255024], [120.58315800598939, 31.412640704]]]}}, {"type": "Feature", "properties": {"area_ha": 0.01, "mean": 0.0973}, "geometry": {"type": "Polygon", "coordinates": [[[120.54261943244883, 31.412640704], [120.54251413745261, 31.412459776], [120.54261943244883, 31.412459776], [120.54261943244883, 31.412640704]]]}}, {"type": "Feature", "properties": {"area_ha": 0.02, "mean": 0.1131}, "geometry": {"type": "Polygon", "coordinates": [[[120.58305271099319, 31.41255024], [120.58263153100835, 31.412459776], [120.58305271099319, 31.412459776], [120.58305271099319, 31.41255024]]]}}, {"type": "Feature", "properties": {"area_ha": 0.01, "mean": 0.0724}, "geometry": {"type": "Polygon", "coordinates": [[[120.59273985064443, 31.41255024], [120.59252926065201, 31.412459776], [120.59273985064443, 31.412459776], [120.59273985064443, 31.41255024]]]}}, {"type": "Feature", "properties": {"area_ha": 0.0, "mean": null}, "geometry": {"type": "Polygon", "coordinates": [[[120.5822103510235, 31.41255024], [120.58199976103108, 31.412369312], [120.5822103510235, 31.412459776], [120.5822103510235, 31.41255024]]]}}, {"type": "Feature", "properties": {"area_ha": 0.0, "mean": null}, "geometry": {"type": "Polygon", "coordinates": [[[120.52587752805155, 31.412459776], [120.52577223305535, 31.412369312], [120.52587752805155, 31.412369312], [120.52587752805155, 31.412459776]]]}}, {"type": "Feature", "properties": {"area_ha": 0.0, "mean": null}, "geometry": {"type": "Polygon", "coordinates": [[[120.58178917103866, 31.412459776], [120.58168387604246, 31.412369312], [120.58178917103866, 31.412369312], [120.58178917103866, 31.412459776]]]}}, {"type": "Feature", "properties": {"area_ha": 0.0, "mean": null}, "geometry": {"type": "Polygon", "coordinates": [[[120.54272472744503, 31.412369312], [120.54261943244883, 31.412278848], [120.54272472744503, 31.412278848], [120.54272472744503, 31.412369312]]]}}, {"type": "Feature", "properties": {"area_ha": 0.07, "mean": 0.1171}, "geometry": {"type": "Polygon", "coordinates": [[[120.58115740106142, 31.412188384], [120.58126269605762, 31.41255024], [120.58084151607278, 31.412369312], [120.58115740106142, 31.412188384]]]}}, {"type": "Feature", "properties": {"area_ha": 0.01, "mean": 0.1136}, "geometry": {"type": "Polygon", "coordinates": [[[120.58063092608037, 31.412369312], [120.58052563108416, 31.41209792], [120.58063092608037, 31.41209792], [120.58063092608037, 31.412369312]]]}}, {"type": "Feature", "properties": {"area_ha": 0.0, "mean": null}, "geometry": {"type": "Polygon", "coordinates": [[[120.5821050560273, 31.412188384], [120.58199976103108, 31.41209792], [120.5821050560273, 31.41209792], [120.5821050560273, 31.412188384]]]}}, {"type": "Feature", "properties": {"area_ha": 0.0, "mean": null}, "geometry": {"type": "Polygon", "coordinates": [[[120.52640400303261, 31.41209792], [120.52629870803639, 31.412007456], [120.52640400303261, 31.412007456], [120.52640400303261, 31.41209792]]]}}, {"type": "Feature", "properties": {"area_ha": 0.01, "mean": 0.1004}, "geometry": {"type": "Polygon", "coordinates": [[[120.54283002244125, 31.412188384], [120.54272472744503, 31.411916992000002], [120.54283002244125, 31.411916992000002], [120.54283002244125, 31.412188384]]]}}, {"type": "Feature", "properties": {"area_ha": 0.01, "mean": 0.1127}, "geometry": {"type": "Polygon", "coordinates": [[[120.56030899181198, 31.412007456], [120.56009840181956, 31.411916992000002], [120.56030899181198, 31.411916992000002], [120.56030899181198, 31.412007456]]]}}, {"type": "Feature", "properties": {"area_ha": 0.01, "mean": 0.1545}, "geometry": {"type": "Polygon", "coordinates": [[[120.58252623601213, 31.412007456], [120.58231564601972, 31.411826528], [120.58252623601213, 31.411826528], [120.58252623601213, 31.412007456]]]}}, {"type": "Feature", "properties": {"area_ha": 0.01, "mean": 0.0737}, "geometry": {"type": "Polygon", "coordinates": [[[120.59210808066717, 31.412007456], [120.59200278567097, 31.411826528], [120.59210808066717, 31.411826528], [120.59210808066717, 31.412007456]]]}}, {"type": "Feature", "properties": {"area_ha": 0.01, "mean": 0.1134}, "geometry": {"type": "Polygon", "coordinates": [[[120.5582030918878, 31.412007456], [120.55809779689159, 31.411736064], [120.5582030918878, 31.411736064], [120.5582030918878, 31.412007456]]]}}, {"type": "Feature", "properties": {"area_ha": 0.01, "mean": 0.1332}, "geometry": {"type": "Polygon", "coordinates": [[[120.58178917103866, 31.411916992000002], [120.58157858104624, 31.411736064], [120.58178917103866, 31.411736064], [120.58178917103866, 31.411916992000002]]]}}, {"type": "Feature", "properties": {"area_ha": 0.01, "mean": 0.1391}, "geometry": {"type": "Polygon", "coordinates": [[[120.5821050560273, 31.411826528], [120.58189446603488, 31.411736064], [120.5821050560273, 31.411736064], [120.5821050560273, 31.411826528]]]}}, {"type": "Feature", "properties": {"area_ha": 0.0, "mean": null}, "geometry": {"type": "Polygon", "coordinates": [[[120.55883486186505, 31.4116456], [120.55872956686885, 31.411555136], [120.55883486186505, 31.411555136], [120.55883486186505, 31.4116456]]]}}, {"type": "Feature", "properties": {"area_ha": 0.0, "mean": null}, "geometry": {"type": "Polygon", "coordinates": [[[120.55957192683852, 31.4116456], [120.55946663184231, 31.411555136], [120.55957192683852, 31.411555136], [120.55957192683852, 31.4116456]]]}}, {"type": "Feature", "properties": {"area_ha": 0.0, "mean": null}, "geometry": {"type": "Polygon", "coordinates": [[[120.5798938611069, 31.4116456], [120.5797885661107, 31.411555136], [120.5798938611069, 31.411555136], [120.5798938611069, 31.4116456]]]}}, {"type": "Feature", "properties": {"area_ha": 0.0, "mean": null}, "geometry": {"type": "Polygon", "coordinates": [[[120.55862427187263, 31.411555136], [120.55851897687643, 31.411464672], [120.55862427187263, 31.411464672], [120.55862427187263, 31.411555136]]]}}, {"type": "Feature", "properties": {"area_ha": 0.18, "mean": 0.1465}, "geometry": {"type": "Polygon", "coordinates": [[[120.58052563108416, 31.41209792], [120.5798938611069, 31.411736064], [120.58031504109174, 31.411374208], [120.58052563108416, 31.41209792]]]}}, {"type": "Feature", "properties": {"area_ha": 0.0, "mean": null}, "geometry": {"type": "Polygon", "coordinates": [[[120.55894015686127, 31.411464672], [120.55883486186505, 31.411374208], [120.55894015686127, 31.411374208], [120.55894015686127, 31.411464672]]]}}, {"type": "Feature", "properties": {"area_ha": 0.0, "mean": null}, "geometry": {"type": "Polygon", "coordinates": [[[120.55957192683852, 31.411464672], [120.55946663184231, 31.411374208], [120.55957192683852, 31.411374208], [120.55957192683852, 31.411464672]]]}}, {"type": "Feature", "properties": {"area_ha": 0.01, "mean": 0.0904}, "geometry": {"type": "Polygon", "coordinates": [[[120.5797885661107, 31.411464672], [120.57957797611827, 31.411464672], [120.57936738612585, 31.411374208], [120.5797885661107, 31.411464672]]]}}, {"type": "Feature", "properties": {"area_ha": 0.18, "mean": 0.0898}, "geometry": {"type": "Polygon", "coordinates": [[[120.59284514564064, 31.411826528], [120.59210808066717, 31.411736064], [120.59263455564822, 31.411283744], [120.59284514564064, 31.411826528]], [[120.59252926065201, 31.4116456], [120.59263455564822, 31.411736064], [120.59263455564822, 31.4116456], [120.59252926065201, 31.4116456]]]}}, {"type": "Feature", "properties": {"area_ha": 0.02, "mean": 0.0921}, "geometry": {"type": "Polygon", "coordinates": [[[120.54293531743745, 31.4116456], [120.54283002244125, 31.411283744], [120.54293531743745, 31.411283744], [120.54293531743745, 31.4116456]]]}}, {"type": "Feature", "properties": {"area_ha": 0.01, "mean": 0.1006}, "geometry": {"type": "Polygon", "coordinates": [[[120.55830838688401, 31.411464672], [120.5582030918878, 31.411283744], [120.55830838688401, 31.411283744], [120.55830838688401, 31.411464672]]]}}, {"type": "Feature", "properties": {"area_ha": 0.01, "mean": 0.0808}, "geometry": {"type": "Polygon", "coordinates": [[[120.55978251683094, 31.411374208], [120.55957192683852, 31.411283744], [120.55978251683094, 31.411283744], [120.55978251683094, 31.411374208]]]}}, {"type": "Feature", "properties": {"area_ha": 0.01, "mean": 0.0879}, "geometry": {"type": "Polygon", "coordinates": [[[120.57936738612585, 31.411374208], [120.57905150113723, 31.411283744], [120.57936738612585, 31.411283744], [120.57936738612585, 31.411374208]]]}}, {"type": "Feature", "properties": {"area_ha": 0.0, "mean": null}, "geometry": {"type": "Polygon", "coordinates": [[[120.58020974609553, 31.411374208], [120.58010445109932, 31.411283744], [120.58020974609553, 31.411283744], [120.58020974609553, 31.411374208]]]}}, {"type": "Feature", "properties": {"area_ha": 0.0, "mean": null}, "geometry": {"type": "Polygon", "coordinates": [[[120.55988781182715, 31.411283744], [120.55978251683094, 31.41119328], [120.55988781182715, 31.41119328], [120.55988781182715, 31.411283744]]]}}, {"type": "Feature", "properties": {"area_ha": 0.0, "mean": null}, "geometry": {"type": "Polygon", "coordinates": [[[120.57999915610311, 31.411283744], [120.5798938611069, 31.41119328], [120.57999915610311, 31.41119328], [120.57999915610311, 31.411283744]]]}}, {"type": "Feature", "properties": {"area_ha": 0.0, "mean": null}, "geometry": {"type": "Polygon", "coordinates": [[[120.5822103510235, 31.411283744], [120.5821050560273, 31.41119328], [120.5822103510235, 31.41119328], [120.5822103510235, 31.411283744]]]}}, {"type": "Feature", "properties": {"area_ha": 0.01, "mean": 0.1043}, "geometry": {"type": "Polygon", "coordinates": [[[120.55809779689159, 31.411283744], [120.55799250189538, 31.411102816], [120.55809779689159, 31.411102816], [120.55809779689159, 31.411283744]]]}}, {"type": "Feature", "properties": {"area_ha": 0.04, "mean": 0.0898}, "geometry": {"type": "Polygon", "coordinates": [[[120.5605195818044, 31.411102816], [120.5605195818044, 31.411283744], [120.56009840181956, 31.41119328], [120.5605195818044, 31.411102816]]]}}, {"type": "Feature", "properties": {"area_ha": 0.01, "mean": 0.1201}, "geometry": {"type": "Polygon", "coordinates": [[[120.5821050560273, 31.41119328], [120.58199976103108, 31.411012352], [120.5821050560273, 31.411012352], [120.5821050560273, 31.41119328]]]}}, {"type": "Feature", "properties": {"area_ha": 0.01, "mean": 0.0974}, "geometry": {"type": "Polygon", "coordinates": [[[120.54304061243367, 31.41119328], [120.54293531743745, 31.410921888], [120.54304061243367, 31.410921888], [120.54304061243367, 31.41119328]]]}}, {"type": "Feature", "properties": {"area_ha": 0.01, "mean": 0.1443}, "geometry": {"type": "Polygon", "coordinates": [[[120.5798938611069, 31.41119328], [120.5797885661107, 31.410921888], [120.5798938611069, 31.410921888], [120.5798938611069, 31.41119328]]]}}, {"type": "Feature", "properties": {"area_ha": 0.0, "mean": null}, "geometry": {"type": "Polygon", "coordinates": [[[120.55862427187263, 31.411012352], [120.55851897687643, 31.410921888], [120.55862427187263, 31.410921888], [120.55862427187263, 31.411012352]]]}}, {"type": "Feature", "properties": {"area_ha": 0.03, "mean": 0.1232}, "geometry": {"type": "Polygon", "coordinates": [[[120.57926209112965, 31.410921888], [120.57915679613343, 31.410831424], [120.5797885661107, 31.410831424], [120.57926209112965, 31.410921888]]]}}, {"type": "Feature", "properties": {"area_ha": 0.4, "mean": 0.1223}, "geometry": {"type": "Polygon", "coordinates": [[[120.58368448097043, 31.411464672], [120.5822103510235, 31.411283744], [120.58284212100077, 31.410831424], [120.58368448097043, 31.411464672]]]}}, {"type": "Feature", "properties": {"area_ha": 0.0, "mean": null}, "geometry": {"type": "Polygon", "coordinates": [[[120.55830838688401, 31.410921888], [120.5582030918878, 31.410831424], [120.55830838688401, 31.410831424], [120.55830838688401, 31.410921888]]]}}, {"type": "Feature", "properties": {"area_ha": 0.0, "mean": null}, "geometry": {"type": "Polygon", "coordinates": [[[120.55904545185747, 31.410921888], [120.55894015686127, 31.410831424], [120.55904545185747, 31.410831424], [120.55904545185747, 31.410921888]]]}}, {"type": "Feature", "properties": {"area_ha": 0.0, "mean": null}, "geometry": {"type": "Polygon", "coordinates": [[[120.55799250189538, 31.410831424], [120.55788720689917, 31.410740960000002], [120.55799250189538, 31.410740960000002], [120.55799250189538, 31.410831424]]]}}, {"type": "Feature", "properties": {"area_ha": 0.0, "mean": null}, "geometry": {"type": "Polygon", "coordinates": [[[120.55872956686885, 31.410831424], [120.55862427187263, 31.410740960000002], [120.55872956686885, 31.410740960000002], [120.55872956686885, 31.410831424]]]}}, {"type": "Feature", "properties": {"area_ha": 0.0, "mean": null}, "geometry": {"type": "Polygon", "coordinates": [[[120.55809779689159, 31.410740960000002], [120.55799250189538, 31.410650496], [120.55809779689159, 31.410650496], [120.55809779689159, 31.410740960000002]]]}}, {"type": "Feature", "properties": {"area_ha": 0.02, "mean": 0.1208}, "geometry": {"type": "Polygon", "coordinates": [[[120.58231564601972, 31.410831424], [120.5822103510235, 31.410469568], [120.58231564601972, 31.410469568], [120.58231564601972, 31.410831424]]]}}, {"type": "Feature", "properties": {"area_ha": 0.0, "mean": null}, "geometry": {"type": "Polygon", "coordinates": [[[120.56009840181956, 31.410469568], [120.55999310682336, 31.410379104], [120.56009840181956, 31.410379104], [120.56009840181956, 31.410469568]]]}}, {"type": "Feature", "properties": {"area_ha": 0.01, "mean": 0.1121}, "geometry": {"type": "Polygon", "coordinates": [[[120.55788720689917, 31.410469568], [120.55778191190296, 31.41028864], [120.55788720689917, 31.41028864], [120.55788720689917, 31.410469568]]]}}, {"type": "Feature", "properties": {"area_ha": 0.0, "mean": null}, "geometry": {"type": "Polygon", "coordinates": [[[120.59063395072025, 31.410379104], [120.59052865572404, 31.41028864], [120.59063395072025, 31.41028864], [120.59063395072025, 31.410379104]]]}}, {"type": "Feature", "properties": {"area_ha": 0.07, "mean": 0.1343}, "geometry": {"type": "Polygon", "coordinates": [[[120.58273682600455, 31.410831424], [120.58263153100835, 31.410198176], [120.58284212100077, 31.410198176], [120.58273682600455, 31.410831424]]]}}, {"type": "Feature", "properties": {"area_ha": 0.06, "mean": 0.0822}, "geometry": {"type": "Polygon", "coordinates": [[[120.54314590742987, 31.410740960000002], [120.54293531743745, 31.410469568], [120.54314590742987, 31.410198176], [120.54314590742987, 31.410740960000002]]]}}, {"type": "Feature", "properties": {"area_ha": 0.01, "mean": 0.1295}, "geometry": {"type": "Polygon", "coordinates": [[[120.58242094101593, 31.410469568], [120.58231564601972, 31.410198176], [120.58242094101593, 31.410198176], [120.58242094101593, 31.410469568]]]}}, {"type": "Feature", "properties": {"area_ha": 0.3, "mean": 0.0678}, "geometry": {"type": "Polygon", "coordinates": [[[120.59263455564822, 31.410560032], [120.59137101569371, 31.410560032], [120.5912657206975, 31.410107712], [120.59263455564822, 31.410560032]]]}}, {"type": "Feature", "properties": {"area_ha": 0.0, "mean": null}, "geometry": {"type": "Polygon", "coordinates": [[[120.59052865572404, 31.410198176], [120.59042336072783, 31.410107712], [120.59052865572404, 31.410107712], [120.59052865572404, 31.410198176]]]}}, {"type": "Feature", "properties": {"area_ha": 0.0, "mean": null}, "geometry": {"type": "Polygon", "coordinates": [[[120.55778191190296, 31.410107712], [120.55767661690675, 31.410017248], [120.55778191190296, 31.410017248], [120.55778191190296, 31.410107712]]]}}, {"type": "Feature", "properties": {"area_ha": 0.01, "mean": 0.0694}, "geometry": {"type": "Polygon", "coordinates": [[[120.59042336072783, 31.410107712], [120.5902127707354, 31.410017248], [120.59042336072783, 31.410017248], [120.59042336072783, 31.410107712]]]}}, {"type": "Feature", "properties": {"area_ha": 0.01, "mean": 0.0818}, "geometry": {"type": "Polygon", "coordinates": [[[120.55809779689159, 31.410017248], [120.55788720689917, 31.409926784], [120.55809779689159, 31.409926784], [120.55809779689159, 31.410017248]]]}}, {"type": "Feature", "properties": {"area_ha": 0.01, "mean": 0.0846}, "geometry": {"type": "Polygon", "coordinates": [[[120.5912657206975, 31.410107712], [120.59105513070509, 31.409926784], [120.5912657206975, 31.409926784], [120.5912657206975, 31.410107712]]]}}, {"type": "Feature", "properties": {"area_ha": 0.02, "mean": 0.0788}, "geometry": {"type": "Polygon", "coordinates": [[[120.59295044063686, 31.410017248], [120.59252926065201, 31.409926784], [120.59295044063686, 31.409926784], [120.59295044063686, 31.410017248]]]}}, {"type": "Feature", "properties": {"area_ha": 0.02, "mean": 0.0885}, "geometry": {"type": "Polygon", "coordinates": [[[120.59337162062168, 31.410017248], [120.59316103062928, 31.40983632], [120.5934769156179, 31.40983632], [120.59337162062168, 31.410017248]]]}}, {"type": "Feature", "properties": {"area_ha": 0.0, "mean": null}, "geometry": {"type": "Polygon", "coordinates": [[[120.59094983570887, 31.409926784], [120.59084454071267, 31.40983632], [120.59094983570887, 31.40983632], [120.59094983570887, 31.409926784]]]}}, {"type": "Feature", "properties": {"area_ha": 0.0, "mean": null}, "geometry": {"type": "Polygon", "coordinates": [[[120.59137101569371, 31.409926784], [120.5912657206975, 31.40983632], [120.59137101569371, 31.40983632], [120.59137101569371, 31.409926784]]]}}, {"type": "Feature", "properties": {"area_ha": 0.0, "mean": null}, "geometry": {"type": "Polygon", "coordinates": [[[120.59252926065201, 31.409926784], [120.5924239656558, 31.40983632], [120.59252926065201, 31.40983632], [120.59252926065201, 31.409926784]]]}}, {"type": "Feature", "properties": {"area_ha": 0.02, "mean": 0.0852}, "geometry": {"type": "Polygon", "coordinates": [[[120.5902127707354, 31.410017248], [120.59000218074299, 31.40983632], [120.5902127707354, 31.409745856], [120.5902127707354, 31.410017248]]]}}, {"type": "Feature", "properties": {"area_ha": 0.0, "mean": null}, "geometry": {"type": "Polygon", "coordinates": [[[120.55778191190296, 31.40983632], [120.55767661690675, 31.409745856], [120.55778191190296, 31.409745856], [120.55778191190296, 31.40983632]]]}}, {"type": "Feature", "properties": {"area_ha": 0.0, "mean": null}, "geometry": {"type": "Polygon", "coordinates": [[[120.59063395072025, 31.40983632], [120.59052865572404, 31.409745856], [120.59063395072025, 31.409745856], [120.59063395072025, 31.40983632]]]}}, {"type": "Feature", "properties": {"area_ha": 0.0, "mean": null}, "geometry": {"type": "Polygon", "coordinates": [[[120.59147631068993, 31.40983632], [120.59137101569371, 31.409745856], [120.59147631068993, 31.409745856], [120.59147631068993, 31.40983632]]]}}, {"type": "Feature", "properties": {"area_ha": 0.0, "mean": null}, "geometry": {"type": "Polygon", "coordinates": [[[120.5935822106141, 31.40983632], [120.5934769156179, 31.409745856], [120.5935822106141, 31.409745856], [120.5935822106141, 31.40983632]]]}}, {"type": "Feature", "properties": {"area_ha": 0.01, "mean": 0.1125}, "geometry": {"type": "Polygon", "coordinates": [[[120.5924239656558, 31.40983632], [120.5923186706596, 31.409564928], [120.5924239656558, 31.409564928], [120.5924239656558, 31.40983632]]]}}, {"type": "Feature", "properties": {"area_ha": 0.01, "mean": 0.1005}, "geometry": {"type": "Polygon", "coordinates": [[[120.55799250189538, 31.409655392], [120.55778191190296, 31.409564928], [120.55799250189538, 31.409564928], [120.55799250189538, 31.409655392]]]}}, {"type": "Feature", "properties": {"area_ha": 0.0, "mean": null}, "geometry": {"type": "Polygon", "coordinates": [[[120.55894015686127, 31.409655392], [120.55883486186505, 31.409564928], [120.55894015686127, 31.409564928], [120.55894015686127, 31.409655392]]]}}, {"type": "Feature", "properties": {"area_ha": 0.01, "mean": 0.1236}, "geometry": {"type": "Polygon", "coordinates": [[[120.56104605678544, 31.409655392], [120.56073017179682, 31.409564928], [120.56104605678544, 31.409564928], [120.56104605678544, 31.409655392]]]}}, {"type": "Feature", "properties": {"area_ha": 0.01, "mean": 0.0757}, "geometry": {"type": "Polygon", "coordinates": [[[120.59379280060652, 31.409745856], [120.59368750561032, 31.409474464], [120.59379280060652, 31.409474464], [120.59379280060652, 31.409745856]]]}}, {"type": "Feature", "properties": {"area_ha": 0.01, "mean": 0.0912}, "geometry": {"type": "Polygon", "coordinates": [[[120.59168690068233, 31.409655392], [120.59158160568613, 31.409474464], [120.59168690068233, 31.409474464], [120.59168690068233, 31.409655392]]]}}, {"type": "Feature", "properties": {"area_ha": 0.0, "mean": null}, "geometry": {"type": "Polygon", "coordinates": [[[120.55809779689159, 31.409564928], [120.55799250189538, 31.409474464], [120.55809779689159, 31.409474464], [120.55809779689159, 31.409564928]]]}}, {"type": "Feature", "properties": {"area_ha": 0.0, "mean": null}, "geometry": {"type": "Polygon", "coordinates": [[[120.5923186706596, 31.409474464], [120.59221337566339, 31.409384], [120.5923186706596, 31.409384], [120.5923186706596, 31.409474464]]]}}, {"type": "Feature", "properties": {"area_ha": 0.01, "mean": 0.1074}, "geometry": {"type": "Polygon", "coordinates": [[[120.59221337566339, 31.409384], [120.59200278567097, 31.409293536], [120.59221337566339, 31.409293536], [120.59221337566339, 31.409384]]]}}, {"type": "Feature", "properties": {"area_ha": 0.0, "mean": null}, "geometry": {"type": "Polygon", "coordinates": [[[120.55683425693708, 31.409293536], [120.55672896194086, 31.409203072], [120.55683425693708, 31.409203072], [120.55683425693708, 31.409293536]]]}}, {"type": "Feature", "properties": {"area_ha": 0.01, "mean": 0.0738}, "geometry": {"type": "Polygon", "coordinates": [[[120.55841368188021, 31.409203072], [120.55830838688401, 31.409293536], [120.5582030918878, 31.409203072], [120.55841368188021, 31.409203072]]]}}, {"type": "Feature", "properties": {"area_ha": 0.0, "mean": null}, "geometry": {"type": "Polygon", "coordinates": [[[120.55862427187263, 31.409293536], [120.55851897687643, 31.409203072], [120.55862427187263, 31.409203072], [120.55862427187263, 31.409293536]]]}}, {"type": "Feature", "properties": {"area_ha": 0.02, "mean": 0.0822}, "geometry": {"type": "Polygon", "coordinates": [[[120.58989688574678, 31.409474464], [120.58979159075058, 31.409112608], [120.58989688574678, 31.409112608], [120.58989688574678, 31.409474464]]]}}, {"type": "Feature", "properties": {"area_ha": 0.01, "mean": 0.0828}, "geometry": {"type": "Polygon", "coordinates": [[[120.58631685587567, 31.409293536], [120.58621156087946, 31.409112608], [120.58631685587567, 31.409112608], [120.58631685587567, 31.409293536]]]}}, {"type": "Feature", "properties": {"area_ha": 0.04, "mean": 0.0895}, "geometry": {"type": "Polygon", "coordinates": [[[120.5924239656558, 31.409203072], [120.59158160568613, 31.409112608], [120.5924239656558, 31.409112608], [120.5924239656558, 31.409203072]]]}}, {"type": "Feature", "properties": {"area_ha": 0.0, "mean": null}, "geometry": {"type": "Polygon", "coordinates": [[[120.59158160568613, 31.409112608], [120.59147631068993, 31.409022144], [120.59158160568613, 31.409022144], [120.59158160568613, 31.409112608]]]}}, {"type": "Feature", "properties": {"area_ha": 0.02, "mean": 0.0774}, "geometry": {"type": "Polygon", "coordinates": [[[120.58926511576952, 31.409384], [120.58915982077332, 31.40893168], [120.58926511576952, 31.40893168], [120.58926511576952, 31.409384]]]}}, {"type": "Feature", "properties": {"area_ha": 0.01, "mean": 0.0847}, "geometry": {"type": "Polygon", "coordinates": [[[120.58663274086429, 31.409112608], [120.58652744586809, 31.40893168], [120.58663274086429, 31.40893168], [120.58663274086429, 31.409112608]]]}}, {"type": "Feature", "properties": {"area_ha": 0.12, "mean": 0.0832}, "geometry": {"type": "Polygon", "coordinates": [[[120.59379280060652, 31.40893168], [120.5935822106141, 31.409112608], [120.5924239656558, 31.409022144], [120.59379280060652, 31.40893168]]]}}, {"type": "Feature", "properties": {"area_ha": 0.01, "mean": 0.0948}, "geometry": {"type": "Polygon", "coordinates": [[[120.5901074757392, 31.409022144], [120.58989688574678, 31.40893168], [120.5901074757392, 31.40893168], [120.5901074757392, 31.409022144]]]}}, {"type": "Feature", "properties": {"area_ha": 0.01, "mean": 0.0712}, "geometry": {"type": "Polygon", "coordinates": [[[120.59137101569371, 31.409022144], [120.59116042570129, 31.40893168], [120.59137101569371, 31.40893168], [120.59137101569371, 31.409022144]]]}}, {"type": "Feature", "properties": {"area_ha": 0.0, "mean": null}, "geometry": {"type": "Polygon", "coordinates": [[[120.5867380358605, 31.40893168], [120.58663274086429, 31.408841216], [120.5867380358605, 31.408841216], [120.5867380358605, 31.40893168]]]}}, {"type": "Feature", "properties": {"area_ha": 0.0, "mean": null}, "geometry": {"type": "Polygon", "coordinates": [[[120.58768569082639, 31.40893168], [120.58758039583017, 31.408841216], [120.58768569082639, 31.408841216], [120.58768569082639, 31.40893168]]]}}, {"type": "Feature", "properties": {"area_ha": 0.0, "mean": null}, "geometry": {"type": "Polygon", "coordinates": [[[120.5902127707354, 31.40893168], [120.5901074757392, 31.408841216], [120.5902127707354, 31.408841216], [120.5902127707354, 31.40893168]]]}}, {"type": "Feature", "properties": {"area_ha": 0.02, "mean": 0.0771}, "geometry": {"type": "Polygon", "coordinates": [[[120.59116042570129, 31.40893168], [120.59073924571645, 31.408841216], [120.59116042570129, 31.408841216], [120.59116042570129, 31.40893168]]]}}, {"type": "Feature", "properties": {"area_ha": 0.0, "mean": null}, "geometry": {"type": "Polygon", "coordinates": [[[120.5593613368461, 31.408841216], [120.55925604184989, 31.408750752], [120.5593613368461, 31.408750752], [120.5593613368461, 31.408841216]]]}}, {"type": "Feature", "properties": {"area_ha": 0.0, "mean": null}, "geometry": {"type": "Polygon", "coordinates": [[[120.55957192683852, 31.408841216], [120.55946663184231, 31.408750752], [120.55957192683852, 31.408750752], [120.55957192683852, 31.408841216]]]}}, {"type": "Feature", "properties": {"area_ha": 0.01, "mean": 0.1059}, "geometry": {"type": "Polygon", "coordinates": [[[120.58705392084913, 31.408841216], [120.58684333085671, 31.408750752], [120.58705392084913, 31.408750752], [120.58705392084913, 31.408841216]]]}}, {"type": "Feature", "properties": {"area_ha": 0.0, "mean": null}, "geometry": {"type": "Polygon", "coordinates": [[[120.58937041076574, 31.408841216], [120.58926511576952, 31.408750752], [120.58937041076574, 31.408750752], [120.58937041076574, 31.408841216]]]}}, {"type": "Feature", "properties": {"area_ha": 0.01, "mean": 0.0777}, "geometry": {"type": "Polygon", "coordinates": [[[120.59063395072025, 31.408841216], [120.59042336072783, 31.408750752], [120.59063395072025, 31.408750752], [120.59063395072025, 31.408841216]]]}}, {"type": "Feature", "properties": {"area_ha": 0.01, "mean": 0.0729}, "geometry": {"type": "Polygon", "coordinates": [[[120.56009840181956, 31.408750752], [120.55978251683094, 31.408660288], [120.56009840181956, 31.408660288], [120.56009840181956, 31.408750752]]]}}, {"type": "Feature", "properties": {"area_ha": 0.01, "mean": 0.085}, "geometry": {"type": "Polygon", "coordinates": [[[120.59400339059894, 31.408750752], [120.59379280060652, 31.408660288], [120.59400339059894, 31.408660288], [120.59400339059894, 31.408750752]]]}}, {"type": "Feature", "properties": {"area_ha": 0.0, "mean": null}, "geometry": {"type": "Polygon", "coordinates": [[[120.59484575056861, 31.408750752], [120.5947404555724, 31.408660288], [120.59484575056861, 31.408660288], [120.59484575056861, 31.408750752]]]}}, {"type": "Feature", "properties": {"area_ha": 0.0, "mean": null}, "geometry": {"type": "Polygon", "coordinates": [[[120.58463213593632, 31.408660288], [120.58452684094011, 31.408569824], [120.58463213593632, 31.408569824], [120.58463213593632, 31.408660288]]]}}, {"type": "Feature", "properties": {"area_ha": 0.0, "mean": null}, "geometry": {"type": "Polygon", "coordinates": [[[120.58705392084913, 31.408660288], [120.58694862585293, 31.408569824], [120.58705392084913, 31.408569824], [120.58705392084913, 31.408660288]]]}}, {"type": "Feature", "properties": {"area_ha": 0.0, "mean": null}, "geometry": {"type": "Polygon", "coordinates": [[[120.59379280060652, 31.408660288], [120.59368750561032, 31.408569824], [120.59379280060652, 31.408569824], [120.59379280060652, 31.408660288]]]}}, {"type": "Feature", "properties": {"area_ha": 0.02, "mean": 0.1016}, "geometry": {"type": "Polygon", "coordinates": [[[120.5947404555724, 31.408660288], [120.59431927558757, 31.408569824], [120.5947404555724, 31.408569824], [120.5947404555724, 31.408660288]]]}}, {"type": "Feature", "properties": {"area_ha": 0.01, "mean": 0.1218}, "geometry": {"type": "Polygon", "coordinates": [[[120.55862427187263, 31.408569824], [120.55841368188021, 31.40847936], [120.55862427187263, 31.40847936], [120.55862427187263, 31.408569824]]]}}, {"type": "Feature", "properties": {"area_ha": 0.0, "mean": null}, "geometry": {"type": "Polygon", "coordinates": [[[120.56094076178924, 31.408569824], [120.56083546679302, 31.40847936], [120.56094076178924, 31.40847936], [120.56094076178924, 31.408569824]]]}}, {"type": "Feature", "properties": {"area_ha": 0.0, "mean": null}, "geometry": {"type": "Polygon", "coordinates": [[[120.58684333085671, 31.408569824], [120.5867380358605, 31.40847936], [120.58684333085671, 31.40847936], [120.58684333085671, 31.408569824]]]}}, {"type": "Feature", "properties": {"area_ha": 0.01, "mean": 0.0999}, "geometry": {"type": "Polygon", "coordinates": [[[120.59368750561032, 31.408569824], [120.5934769156179, 31.40847936], [120.59368750561032, 31.40847936], [120.59368750561032, 31.408569824]]]}}, {"type": "Feature", "properties": {"area_ha": 0.03, "mean": 0.0976}, "geometry": {"type": "Polygon", "coordinates": [[[120.59421398059136, 31.408660288], [120.59410868559515, 31.40847936], [120.59431927558757, 31.408388896], [120.59421398059136, 31.408660288]]]}}, {"type": "Feature", "properties": {"area_ha": 0.0, "mean": null}, "geometry": {"type": "Polygon", "coordinates": [[[120.5867380358605, 31.40847936], [120.58663274086429, 31.408388896], [120.5867380358605, 31.408388896], [120.5867380358605, 31.40847936]]]}}, {"type": "Feature", "properties": {"area_ha": 0.0, "mean": null}, "geometry": {"type": "Polygon", "coordinates": [[[120.55946663184231, 31.408388896], [120.5593613368461, 31.408298432], [120.55946663184231, 31.408298432], [120.55946663184231, 31.408388896]]]}}, {"type": "Feature", "properties": {"area_ha": 0.0, "mean": null}, "geometry": {"type": "Polygon", "coordinates": [[[120.58663274086429, 31.408388896], [120.58652744586809, 31.408298432], [120.58663274086429, 31.408298432], [120.58663274086429, 31.408388896]]]}}, {"type": "Feature", "properties": {"area_ha": 0.0, "mean": null}, "geometry": {"type": "Polygon", "coordinates": [[[120.55862427187263, 31.408298432], [120.55851897687643, 31.408207968], [120.55862427187263, 31.408207968], [120.55862427187263, 31.408298432]]]}}, {"type": "Feature", "properties": {"area_ha": 0.0, "mean": null}, "geometry": {"type": "Polygon", "coordinates": [[[120.58652744586809, 31.408298432], [120.58642215087188, 31.408207968], [120.58652744586809, 31.408207968], [120.58652744586809, 31.408298432]]]}}, {"type": "Feature", "properties": {"area_ha": 0.08, "mean": 0.0899}, "geometry": {"type": "Polygon", "coordinates": [[[120.56125664677786, 31.408388896], [120.56094076178924, 31.40847936], [120.56094076178924, 31.408117504], [120.56125664677786, 31.408388896]]]}}, {"type": "Feature", "properties": {"area_ha": 0.06, "mean": 0.0934}, "geometry": {"type": "Polygon", "coordinates": [[[120.5934769156179, 31.408388896], [120.59305573563306, 31.408298432], [120.59316103062928, 31.408117504], [120.5934769156179, 31.408388896]]]}}, {"type": "Feature", "properties": {"area_ha": 0.01, "mean": 0.0793}, "geometry": {"type": "Polygon", "coordinates": [[[120.55978251683094, 31.408207968], [120.55957192683852, 31.408117504], [120.55978251683094, 31.408117504], [120.55978251683094, 31.408207968]]]}}, {"type": "Feature", "properties": {"area_ha": 0.0, "mean": null}, "geometry": {"type": "Polygon", "coordinates": [[[120.56020369681578, 31.408207968], [120.56009840181956, 31.408117504], [120.56020369681578, 31.408117504], [120.56020369681578, 31.408207968]]]}}, {"type": "Feature", "properties": {"area_ha": 0.0, "mean": null}, "geometry": {"type": "Polygon", "coordinates": [[[120.58968629575436, 31.408207968], [120.58958100075816, 31.408117504], [120.58968629575436, 31.408117504], [120.58968629575436, 31.408207968]]]}}, {"type": "Feature", "properties": {"area_ha": 0.01, "mean": 0.1074}, "geometry": {"type": "Polygon", "coordinates": [[[120.58463213593632, 31.408298432], [120.58452684094011, 31.40802704], [120.58463213593632, 31.40802704], [120.58463213593632, 31.408298432]]]}}, {"type": "Feature", "properties": {"area_ha": 0.0, "mean": null}, "geometry": {"type": "Polygon", "coordinates": [[[120.55988781182715, 31.408117504], [120.55978251683094, 31.40802704], [120.55988781182715, 31.40802704], [120.55988781182715, 31.408117504]]]}}, {"type": "Feature", "properties": {"area_ha": 0.0, "mean": null}, "geometry": {"type": "Polygon", "coordinates": [[[120.59295044063686, 31.408117504], [120.59284514564064, 31.40802704], [120.59295044063686, 31.40802704], [120.59295044063686, 31.408117504]]]}}, {"type": "Feature", "properties": {"area_ha": 0.0, "mean": null}, "geometry": {"type": "Polygon", "coordinates": [[[120.59316103062928, 31.408117504], [120.59305573563306, 31.40802704], [120.59316103062928, 31.40802704], [120.59316103062928, 31.408117504]]]}}, {"type": "Feature", "properties": {"area_ha": 0.0, "mean": null}, "geometry": {"type": "Polygon", "coordinates": [[[120.58979159075058, 31.40802704], [120.58968629575436, 31.407936576], [120.58979159075058, 31.407936576], [120.58979159075058, 31.40802704]]]}}, {"type": "Feature", "properties": {"area_ha": 0.0, "mean": null}, "geometry": {"type": "Polygon", "coordinates": [[[120.59284514564064, 31.40802704], [120.59273985064443, 31.407936576], [120.59284514564064, 31.407936576], [120.59284514564064, 31.40802704]]]}}, {"type": "Feature", "properties": {"area_ha": 0.0, "mean": null}, "geometry": {"type": "Polygon", "coordinates": [[[120.59305573563306, 31.40802704], [120.59295044063686, 31.407936576], [120.59305573563306, 31.407936576], [120.59305573563306, 31.40802704]]]}}, {"type": "Feature", "properties": {"area_ha": 0.09, "mean": 0.119}, "geometry": {"type": "Polygon", "coordinates": [[[120.59400339059894, 31.408388896], [120.59368750561032, 31.408117504], [120.59400339059894, 31.407846112], [120.59410868559515, 31.408298432], [120.59400339059894, 31.408298432], [120.59400339059894, 31.408388896]], [[120.59389809560274, 31.408207968], [120.59400339059894, 31.408298432], [120.59400339059894, 31.408207968], [120.59389809560274, 31.408207968]]]}}, {"type": "Feature", "properties": {"area_ha": 0.0, "mean": null}, "geometry": {"type": "Polygon", "coordinates": [[[120.58652744586809, 31.407936576], [120.58642215087188, 31.407846112], [120.58652744586809, 31.407846112], [120.58652744586809, 31.407936576]]]}}, {"type": "Feature", "properties": {"area_ha": 0.01, "mean": 0.1105}, "geometry": {"type": "Polygon", "coordinates": [[[120.58463213593632, 31.407936576], [120.58452684094011, 31.407755648], [120.58463213593632, 31.407755648], [120.58463213593632, 31.407936576]]]}}, {"type": "Feature", "properties": {"area_ha": 0.0, "mean": null}, "geometry": {"type": "Polygon", "coordinates": [[[120.59189749067475, 31.407846112], [120.59179219567855, 31.407755648], [120.59189749067475, 31.407755648], [120.59189749067475, 31.407846112]]]}}, {"type": "Feature", "properties": {"area_ha": 0.06, "mean": 0.1408}, "geometry": {"type": "Polygon", "coordinates": [[[120.59273985064443, 31.407936576], [120.59252926065201, 31.40757472], [120.59284514564064, 31.407665184], [120.59273985064443, 31.407936576]]]}}, {"type": "Feature", "properties": {"area_ha": 0.0, "mean": null}, "geometry": {"type": "Polygon", "coordinates": [[[120.59168690068233, 31.407665184], [120.59158160568613, 31.40757472], [120.59168690068233, 31.40757472], [120.59168690068233, 31.407665184]]]}}, {"type": "Feature", "properties": {"area_ha": 0.0, "mean": null}, "geometry": {"type": "Polygon", "coordinates": [[[120.5867380358605, 31.407484256], [120.58663274086429, 31.407393792], [120.5867380358605, 31.407393792], [120.5867380358605, 31.407484256]]]}}, {"type": "Feature", "properties": {"area_ha": 0.12, "mean": 0.1148}, "geometry": {"type": "Polygon", "coordinates": [[[120.59379280060652, 31.407665184], [120.59316103062928, 31.407665184], [120.59316103062928, 31.407303328], [120.59379280060652, 31.407665184]]]}}, {"type": "Feature", "properties": {"area_ha": 0.0, "mean": null}, "geometry": {"type": "Polygon", "coordinates": [[[120.58473743093253, 31.407393792], [120.58463213593632, 31.407303328], [120.58473743093253, 31.407303328], [120.58473743093253, 31.407393792]]]}}, {"type": "Feature", "properties": {"area_ha": 0.01, "mean": 0.121}, "geometry": {"type": "Polygon", "coordinates": [[[120.59937343540561, 31.407393792], [120.59916284541319, 31.407303328], [120.59937343540561, 31.407303328], [120.59937343540561, 31.407393792]]]}}, {"type": "Feature", "properties": {"area_ha": 0.0, "mean": null}, "geometry": {"type": "Polygon", "coordinates": [[[120.59958402539803, 31.407393792], [120.59947873040183, 31.407303328], [120.59958402539803, 31.407303328], [120.59958402539803, 31.407393792]]]}}, {"type": "Feature", "properties": {"area_ha": 0.0, "mean": null}, "geometry": {"type": "Polygon", "coordinates": [[[120.55683425693708, 31.407303328], [120.55672896194086, 31.407212864], [120.55683425693708, 31.407212864], [120.55683425693708, 31.407303328]]]}}, {"type": "Feature", "properties": {"area_ha": 0.0, "mean": null}, "geometry": {"type": "Polygon", "coordinates": [[[120.55736073191812, 31.407212864], [120.55725543692192, 31.4071224], [120.55736073191812, 31.4071224], [120.55736073191812, 31.407212864]]]}}, {"type": "Feature", "properties": {"area_ha": 0.0, "mean": null}, "geometry": {"type": "Polygon", "coordinates": [[[120.59895225542078, 31.407212864], [120.59884696042457, 31.4071224], [120.59895225542078, 31.4071224], [120.59895225542078, 31.407212864]]]}}, {"type": "Feature", "properties": {"area_ha": 0.01, "mean": 0.0893}, "geometry": {"type": "Polygon", "coordinates": [[[120.58684333085671, 31.407212864], [120.5867380358605, 31.407031936], [120.58684333085671, 31.407031936], [120.58684333085671, 31.407212864]]]}}, {"type": "Feature", "properties": {"area_ha": 0.01, "mean": 0.1348}, "geometry": {"type": "Polygon", "coordinates": [[[120.55746602691433, 31.407031936], [120.5571501419257, 31.406941472], [120.55746602691433, 31.406941472], [120.55746602691433, 31.407031936]]]}}, {"type": "Feature", "properties": {"area_ha": 0.01, "mean": 0.1443}, "geometry": {"type": "Polygon", "coordinates": [[[120.5571501419257, 31.406941472], [120.55683425693708, 31.406851008], [120.5571501419257, 31.406851008], [120.5571501419257, 31.406941472]]]}}, {"type": "Feature", "properties": {"area_ha": 0.06, "mean": 0.1466}, "geometry": {"type": "Polygon", "coordinates": [[[120.55683425693708, 31.406851008], [120.55641307695224, 31.406579616000002], [120.55672896194086, 31.406489152], [120.55683425693708, 31.406851008]]]}}, {"type": "Feature", "properties": {"area_ha": 0.01, "mean": 0.1037}, "geometry": {"type": "Polygon", "coordinates": [[[120.59926814040941, 31.406579616000002], [120.59905755041699, 31.406489152], [120.59926814040941, 31.406489152], [120.59926814040941, 31.406579616000002]]]}}, {"type": "Feature", "properties": {"area_ha": 0.02, "mean": 0.12}, "geometry": {"type": "Polygon", "coordinates": [[[120.55693955193328, 31.406398688], [120.55641307695224, 31.406308224], [120.55693955193328, 31.406308224], [120.55693955193328, 31.406398688]]]}}, {"type": "Feature", "properties": {"area_ha": 0.01, "mean": 0.0945}, "geometry": {"type": "Polygon", "coordinates": [[[120.58357918597423, 31.406398688], [120.58347389097801, 31.40621776], [120.58357918597423, 31.40621776], [120.58357918597423, 31.406398688]]]}}, {"type": "Feature", "properties": {"area_ha": 0.0, "mean": null}, "geometry": {"type": "Polygon", "coordinates": [[[120.55641307695224, 31.406308224], [120.55630778195604, 31.40621776], [120.55641307695224, 31.40621776], [120.55641307695224, 31.406308224]]]}}, {"type": "Feature", "properties": {"area_ha": 0.0, "mean": null}, "geometry": {"type": "Polygon", "coordinates": [[[120.58642215087188, 31.406127296], [120.58631685587567, 31.406036832], [120.58642215087188, 31.406036832], [120.58642215087188, 31.406127296]]]}}, {"type": "Feature", "properties": {"area_ha": 0.02, "mean": 0.0869}, "geometry": {"type": "Polygon", "coordinates": [[[120.55630778195604, 31.406036832], [120.55609719196362, 31.406127296], [120.55609719196362, 31.405946368], [120.55630778195604, 31.406036832]]]}}, {"type": "Feature", "properties": {"area_ha": 0.01, "mean": 0.0919}, "geometry": {"type": "Polygon", "coordinates": [[[120.58600097088704, 31.406036832], [120.58568508589842, 31.405946368], [120.58600097088704, 31.405946368], [120.58600097088704, 31.406036832]]]}}, {"type": "Feature", "properties": {"area_ha": 0.02, "mean": 0.0883}, "geometry": {"type": "Polygon", "coordinates": [[[120.58568508589842, 31.405403584000002], [120.58526390591358, 31.40531312], [120.58568508589842, 31.40531312], [120.58568508589842, 31.405403584000002]]]}}, {"type": "Feature", "properties": {"area_ha": 0.0, "mean": null}, "geometry": {"type": "Polygon", "coordinates": [[[120.58600097088704, 31.405403584000002], [120.58589567589082, 31.40531312], [120.58600097088704, 31.40531312], [120.58600097088704, 31.405403584000002]]]}}, {"type": "Feature", "properties": {"area_ha": 0.0, "mean": null}, "geometry": {"type": "Polygon", "coordinates": [[[120.58579038089462, 31.40531312], [120.58568508589842, 31.405222656], [120.58579038089462, 31.405222656], [120.58579038089462, 31.40531312]]]}}, {"type": "Feature", "properties": {"area_ha": 0.03, "mean": 0.0853}, "geometry": {"type": "Polygon", "coordinates": [[[120.55567601197878, 31.405222656], [120.55504424200151, 31.405132192], [120.55567601197878, 31.405132192], [120.55567601197878, 31.405222656]]]}}, {"type": "Feature", "properties": {"area_ha": 0.0, "mean": null}, "geometry": {"type": "Polygon", "coordinates": [[[120.57863032115239, 31.405041728], [120.57852502615619, 31.404951264], [120.57863032115239, 31.404951264], [120.57863032115239, 31.405041728]]]}}, {"type": "Feature", "properties": {"area_ha": 0.0, "mean": null}, "geometry": {"type": "Polygon", "coordinates": [[[120.57905150113723, 31.405041728], [120.57894620614103, 31.404951264], [120.57905150113723, 31.404951264], [120.57905150113723, 31.405041728]]]}}, {"type": "Feature", "properties": {"area_ha": 0.01, "mean": 0.0885}, "geometry": {"type": "Polygon", "coordinates": [[[120.57831443616377, 31.404951264], [120.57810384617135, 31.4048608], [120.57831443616377, 31.4048608], [120.57831443616377, 31.404951264]]]}}, {"type": "Feature", "properties": {"area_ha": 0.01, "mean": 0.0991}, "geometry": {"type": "Polygon", "coordinates": [[[120.57936738612585, 31.404951264], [120.57915679613343, 31.4048608], [120.57936738612585, 31.4048608], [120.57936738612585, 31.404951264]]]}}, {"type": "Feature", "properties": {"area_ha": 0.0, "mean": null}, "geometry": {"type": "Polygon", "coordinates": [[[120.57936738612585, 31.404770336], [120.57926209112965, 31.404679872], [120.57936738612585, 31.404679872], [120.57936738612585, 31.404770336]]]}}, {"type": "Feature", "properties": {"area_ha": 0.0, "mean": null}, "geometry": {"type": "Polygon", "coordinates": [[[120.55272775208492, 31.404589408], [120.5526224570887, 31.404498944], [120.55272775208492, 31.404498944], [120.55272775208492, 31.404589408]]]}}, {"type": "Feature", "properties": {"area_ha": 0.0, "mean": null}, "geometry": {"type": "Polygon", "coordinates": [[[120.57905150113723, 31.404589408], [120.57894620614103, 31.404498944], [120.57905150113723, 31.404498944], [120.57905150113723, 31.404589408]]]}}, {"type": "Feature", "properties": {"area_ha": 0.0, "mean": null}, "geometry": {"type": "Polygon", "coordinates": [[[120.57894620614103, 31.404498944], [120.57884091114481, 31.40440848], [120.57894620614103, 31.40440848], [120.57894620614103, 31.404498944]]]}}, {"type": "Feature", "properties": {"area_ha": 0.03, "mean": 0.0878}, "geometry": {"type": "Polygon", "coordinates": [[[120.55525483199393, 31.403232448], [120.55472835701289, 31.40305152], [120.55525483199393, 31.403141984], [120.55525483199393, 31.403232448]]]}}, {"type": "Feature", "properties": {"area_ha": 0.0, "mean": null}, "geometry": {"type": "Polygon", "coordinates": [[[120.58610626588325, 31.403141984], [120.58600097088704, 31.40305152], [120.58610626588325, 31.40305152], [120.58610626588325, 31.403141984]]]}}, {"type": "Feature", "properties": {"area_ha": 1.87, "mean": 0.0915}, "geometry": {"type": "Polygon", "coordinates": [[[120.55451776702047, 31.402961056], [120.55314893206976, 31.402508736], [120.55357011205459, 31.401151776], [120.55462306201669, 31.401875488], [120.55483365200911, 31.402780128], [120.55451776702047, 31.402961056]], [[120.55409658703563, 31.402689664], [120.55420188203185, 31.402780128], [120.55420188203185, 31.402689664], [120.55409658703563, 31.402689664]], [[120.55451776702047, 31.402418272], [120.55472835701289, 31.4025992], [120.55472835701289, 31.402508736], [120.55462306201669, 31.402418272], [120.55451776702047, 31.402418272]], [[120.55441247202427, 31.40214688], [120.55451776702047, 31.402418272], [120.55451776702047, 31.40214688], [120.55441247202427, 31.40214688]], [[120.55430717702805, 31.402056416], [120.55441247202427, 31.40214688], [120.55441247202427, 31.402056416], [120.55430717702805, 31.402056416]]]}}, {"type": "Feature", "properties": {"area_ha": 0.0, "mean": null}, "geometry": {"type": "Polygon", "coordinates": [[[120.55093773714935, 31.401151776], [120.55083244215315, 31.401061312], [120.55093773714935, 31.401061312], [120.55093773714935, 31.401151776]]]}}, {"type": "Feature", "properties": {"area_ha": 0.0, "mean": null}, "geometry": {"type": "Polygon", "coordinates": [[[120.58768569082639, 31.401061312], [120.58758039583017, 31.400970848], [120.58768569082639, 31.400970848], [120.58768569082639, 31.401061312]]]}}, {"type": "Feature", "properties": {"area_ha": 0.02, "mean": 0.1047}, "geometry": {"type": "Polygon", "coordinates": [[[120.55357011205459, 31.400970848], [120.55335952206217, 31.400880384], [120.55357011205459, 31.40078992], [120.55357011205459, 31.400970848]]]}}, {"type": "Feature", "properties": {"area_ha": 0.02, "mean": 0.0854}, "geometry": {"type": "Polygon", "coordinates": [[[120.5526224570887, 31.400880384], [120.5525171620925, 31.400608992], [120.55272775208492, 31.400699456], [120.5526224570887, 31.400880384]]]}}, {"type": "Feature", "properties": {"area_ha": 0.05, "mean": 0.1469}, "geometry": {"type": "Polygon", "coordinates": [[[120.58726451084155, 31.400428064], [120.58694862585293, 31.40078992], [120.58705392084913, 31.4003376], [120.58726451084155, 31.400428064]]]}}, {"type": "Feature", "properties": {"area_ha": 0.12, "mean": 0.0957}, "geometry": {"type": "Polygon", "coordinates": [[[120.5525171620925, 31.400518528], [120.55209598210766, 31.400247136], [120.55272775208492, 31.400066208], [120.5525171620925, 31.400518528]]]}}, {"type": "Feature", "properties": {"area_ha": 0.0, "mean": null}, "geometry": {"type": "Polygon", "coordinates": [[[120.54304061243367, 31.399613888], [120.54293531743745, 31.399523424], [120.54304061243367, 31.399523424], [120.54304061243367, 31.399613888]]]}}, {"type": "Feature", "properties": {"area_ha": 0.0, "mean": null}, "geometry": {"type": "Polygon", "coordinates": [[[120.54314590742987, 31.39943296], [120.54304061243367, 31.399342496], [120.54314590742987, 31.399342496], [120.54314590742987, 31.39943296]]]}}, {"type": "Feature", "properties": {"area_ha": 0.0, "mean": null}, "geometry": {"type": "Polygon", "coordinates": [[[120.54325120242609, 31.399252032], [120.54314590742987, 31.399161568], [120.54325120242609, 31.399161568], [120.54325120242609, 31.399252032]]]}}, {"type": "Feature", "properties": {"area_ha": 0.02, "mean": 0.1474}, "geometry": {"type": "Polygon", "coordinates": [[[120.58736980583775, 31.399523424], [120.58726451084155, 31.399071104], [120.58736980583775, 31.399071104], [120.58736980583775, 31.399523424]]]}}, {"type": "Feature", "properties": {"area_ha": 0.01, "mean": 0.0695}, "geometry": {"type": "Polygon", "coordinates": [[[120.54504121736164, 31.399161568], [120.54493592236544, 31.39898064], [120.54504121736164, 31.39898064], [120.54504121736164, 31.399161568]]]}}, {"type": "Feature", "properties": {"area_ha": 0.0, "mean": null}, "geometry": {"type": "Polygon", "coordinates": [[[120.58789628081881, 31.399071104], [120.5877909858226, 31.39898064], [120.58789628081881, 31.39898064], [120.58789628081881, 31.399071104]]]}}, {"type": "Feature", "properties": {"area_ha": 0.0, "mean": null}, "geometry": {"type": "Polygon", "coordinates": [[[120.54293531743745, 31.39898064], [120.54283002244125, 31.398890176000002], [120.54293531743745, 31.398890176000002], [120.54293531743745, 31.39898064]]]}}, {"type": "Feature", "properties": {"area_ha": 0.02, "mean": 0.074}, "geometry": {"type": "Polygon", "coordinates": [[[120.54356708741471, 31.399071104], [120.5433564974223, 31.398890176000002], [120.54356708741471, 31.398799712], [120.54356708741471, 31.399071104]]]}}, {"type": "Feature", "properties": {"area_ha": 0.01, "mean": 0.1293}, "geometry": {"type": "Polygon", "coordinates": [[[120.58789628081881, 31.398799712], [120.58768569082639, 31.398709248], [120.58789628081881, 31.398709248], [120.58789628081881, 31.398799712]]]}}, {"type": "Feature", "properties": {"area_ha": 0.01, "mean": 0.1344}, "geometry": {"type": "Polygon", "coordinates": [[[120.58800157581501, 31.398709248], [120.58789628081881, 31.39852832], [120.58800157581501, 31.39852832], [120.58800157581501, 31.398709248]]]}}, {"type": "Feature", "properties": {"area_ha": 0.0, "mean": null}, "geometry": {"type": "Polygon", "coordinates": [[[120.54504121736164, 31.398347392], [120.54493592236544, 31.398256928], [120.54504121736164, 31.398256928], [120.54504121736164, 31.398347392]]]}}, {"type": "Feature", "properties": {"area_ha": 0.01, "mean": 0.0816}, "geometry": {"type": "Polygon", "coordinates": [[[120.54493592236544, 31.397442752], [120.54483062736922, 31.397261824], [120.54493592236544, 31.397261824], [120.54493592236544, 31.397442752]]]}}, {"type": "Feature", "properties": {"area_ha": 0.0, "mean": null}, "geometry": {"type": "Polygon", "coordinates": [[[120.54556769234269, 31.39717136], [120.54546239734648, 31.397080896], [120.54556769234269, 31.397080896], [120.54556769234269, 31.39717136]]]}}, {"type": "Feature", "properties": {"area_ha": 0.0, "mean": null}, "geometry": {"type": "Polygon", "coordinates": [[[120.54398826739956, 31.396990432], [120.54388297240334, 31.396899968], [120.54398826739956, 31.396899968], [120.54398826739956, 31.396990432]]]}}, {"type": "Feature", "properties": {"area_ha": 0.01, "mean": 0.07}, "geometry": {"type": "Polygon", "coordinates": [[[120.54367238241092, 31.396899968], [120.5433564974223, 31.396809504], [120.54367238241092, 31.396809504], [120.54367238241092, 31.396899968]]]}}, {"type": "Feature", "properties": {"area_ha": 0.02, "mean": 0.0717}, "geometry": {"type": "Polygon", "coordinates": [[[120.54504121736164, 31.396990432], [120.54483062736922, 31.396899968], [120.54504121736164, 31.39671904], [120.54504121736164, 31.396990432]]]}}, {"type": "Feature", "properties": {"area_ha": 0.02, "mean": 0.0719}, "geometry": {"type": "Polygon", "coordinates": [[[120.54261943244883, 31.396809504], [120.54219825246399, 31.396628576], [120.54261943244883, 31.39671904], [120.54261943244883, 31.396809504]]]}}, {"type": "Feature", "properties": {"area_ha": 0.0, "mean": null}, "geometry": {"type": "Polygon", "coordinates": [[[120.54556769234269, 31.396538112], [120.54546239734648, 31.396447648], [120.54556769234269, 31.396447648], [120.54556769234269, 31.396538112]]]}}, {"type": "Feature", "properties": {"area_ha": 0.01, "mean": 0.0816}, "geometry": {"type": "Polygon", "coordinates": [[[120.54525180735406, 31.396176256], [120.54504121736164, 31.396085792], [120.54525180735406, 31.396085792], [120.54525180735406, 31.396176256]]]}}, {"type": "Feature", "properties": {"area_ha": 0.0, "mean": null}, "geometry": {"type": "Polygon", "coordinates": [[[120.5445147423806, 31.395543008], [120.54440944738438, 31.395452544], [120.5445147423806, 31.395452544], [120.5445147423806, 31.395543008]]]}}, {"type": "Feature", "properties": {"area_ha": 0.0, "mean": null}, "geometry": {"type": "Polygon", "coordinates": [[[120.54514651235785, 31.39536208], [120.54504121736164, 31.395271616], [120.54514651235785, 31.395271616], [120.54514651235785, 31.39536208]]]}}, {"type": "Feature", "properties": {"area_ha": 0.0, "mean": null}, "geometry": {"type": "Polygon", "coordinates": [[[120.54535710235027, 31.39490976], [120.54525180735406, 31.394819296], [120.54535710235027, 31.394819296], [120.54535710235027, 31.39490976]]]}}, {"type": "Feature", "properties": {"area_ha": 0.01, "mean": 0.0751}, "geometry": {"type": "Polygon", "coordinates": [[[120.54546239734648, 31.394819296], [120.54535710235027, 31.394638368], [120.54546239734648, 31.394638368], [120.54546239734648, 31.394819296]]]}}, {"type": "Feature", "properties": {"area_ha": 0.01, "mean": 0.0867}, "geometry": {"type": "Polygon", "coordinates": [[[120.54483062736922, 31.394638368], [120.54472533237302, 31.39445744], [120.54483062736922, 31.39445744], [120.54483062736922, 31.394638368]]]}}, {"type": "Feature", "properties": {"area_ha": 0.0, "mean": null}, "geometry": {"type": "Polygon", "coordinates": [[[120.54493592236544, 31.39445744], [120.54483062736922, 31.394366976], [120.54493592236544, 31.394366976], [120.54493592236544, 31.39445744]]]}}]}